kind,en,zh,cat
category,Accessories,附件,
category,Ancient Relics,古文物,
category,Asteroid,小行星,
category,Celestial,天体,
category,Charge,弹药,
category,Colony Resources,殖民地资源,
category,Commodity,常用物品,
category,Decryptors,解码器,
category,Deployable,可部署物品,
category,Drone,无人机,
category,Expert Systems,专家系统,
category,Fighter,铁骑舰载机,
category,Implant,植入体,
category,Infrastructure Upgrades,基础设施升级件,
category,Material,材料,
category,Module,装备,
category,Orbitals,轨道类,
category,Planetary Commodities,行星商品,
category,Planetary Industry,行星工业,
category,Planetary Resources,行星资源,
category,Reaction,化学反应,
category,Ship,舰船,
category,Sovereignty Structures,主权设施,
category,Starbase,母星,
category,Structure,建筑,
category,Structure Module,建筑装备,
category,Subsystem,子系统,
group,Abyssal Battlefield Filament Materials,深渊战场纤维材料,
group,Abyssal Battlefield Filaments,深渊战场纤维,
group,Abyssal Filaments,深渊纤维,
group,Abyssal Materials,深渊材料,
group,Abyssal Proving Filaments,深渊试炼纤维,
group,Acceleration Gate Keys,加速轨道钥匙,
group,Advanced Artillery Ammo,高级火炮弹药,
group,Advanced Autocannon Ammo,高级自动加农炮弹药,
group,Advanced Beam Laser Crystal,高级集束激光晶体,
group,Advanced Blaster Charge,高级疾速炮弹药,
group,Advanced Capital Construction Components,高级旗舰级建造组件,
group,Advanced Commodities - Tier 4,高级资源物品 - 第四等级,
group,Advanced Condenser Pack,高级电容包,
group,Advanced Cruise Missile,高级巡航导弹,
group,Advanced Exotic Plasma Charge,高级异种等离子弹药,
group,Advanced Heavy Assault Missile,高级重型攻击导弹,
group,Advanced Heavy Missile,高级重型导弹,
group,Advanced Light Missile,高级轻型导弹,
group,Advanced Pulse Laser Crystal,高级脉冲激光晶体,
group,Advanced Railgun Charge,高级磁轨炮弹药,
group,Advanced Rocket,高级火箭,
group,Advanced Torpedo,高级鱼雷,
group,Advanced XL Cruise Missile,高级超大型巡航导弹,
group,Advanced XL Torpedo,高级超大型鱼雷,
group,Ancient Salvage,远古打捞,
group,Ancillary Armor Repairer,辅助装甲维修器,
group,Ancillary Remote Armor Repairer,辅助远程装甲维修器,
group,Ancillary Remote Shield Booster,辅助远程护盾回充增量器,
group,Ancillary Shield Booster,辅助护盾回充增量器,
group,Arkonor,艾克诺岩,
group,Armor Coating,装甲附甲,
group,Armor Command Burst Charges,装甲指挥脉冲波弹药,
group,Armor Hardener,装甲增强器,
group,Armor Plate,装甲附甲板,
group,Armor Repair Unit,装甲维修组件,
group,Armor Resistance Shift Hardener,装甲抗性变换增强器,
group,Artifacts and Prototypes,古物和原型,
group,Assault Frigate,突击护卫舰,
group,Assembly Array,装配阵列,
group,Atavum,阿塔文,
group,Attack Battlecruiser,攻击战列巡洋舰,
group,Audit Log Secure Container,审计安全密码集装箱,
group,Auto-Targeting Cruise Missile,自动锁定巡航导弹,
group,Auto-Targeting Heavy Missile,自动锁定重型导弹,
group,Auto-Targeting Light Missile,自动锁定轻型导弹,
group,Automated Targeting System,自动锁定系统,
group,Auxiliary Power Core,辅助能源核心,
group,Ballistic Control System,弹道控制系统,
group,Basic Commodities - Tier 1,基础资源物品 - 第一等级,
group,Battleship,战列舰,
group,Bezdnacine,贝兹岩,
group,Biochemical Material,生化材料,
group,Biohazard,生化有害物,
group,Biomass,生物质,
group,Bistot,双多特石,
group,Black Ops,黑隐特勤舰,
group,Blockade Runner,偷运舰,
group,Bomb,炸弹,
group,Bomb ECM,ECM炸弹,
group,Bomb Energy,能量炸弹,
group,Booster,增效剂,
group,Bounty Encrypted Bonds,赏金加密债券,
group,Box Lights,方块光源,
group,Breacher Pod Launchers,突破者座舱发射器,
group,Burst Jammer,脉冲干扰器,
group,Burst Projectors,脉冲波投射器,
group,Capacitor Battery,电容器电池,
group,Capacitor Booster,电容注电器,
group,Capacitor Booster Charge,电容注电器装料,
group,Capacitor Flux Coil,电容通量线圈,
group,Capacitor Power Relay,电容能源继电器,
group,Capacitor Recharger,电容器回充设备,
group,Capital Construction Components,旗舰建造组件,
group,Capital Industrial Ship,旗舰级工业舰,
group,Capital Mobility Modules,旗舰级机动装备,
group,Capital Sensor Array,旗舰级感应器阵列,
group,Capsule,太空舱,
group,Capsuleer Bases,飞行员基地,
group,Cargo Container,货柜,
group,Cargo Scanner,货柜舱扫描设备,
group,Carrier,航空母舰,
group,CD Filaments,CD纤维,
group,Citadel,堡垒,
group,Cloaking Device,隐身设备,
group,Clone Vat Bay,克隆舱,
group,Colony Reagents,殖民地试剂,
group,Combat Battlecruiser,战斗战列巡洋舰,
group,Combat Drone,战斗无人机,
group,Combat Recon Ship,战斗侦察舰,
group,Command Burst,指挥脉冲波,
group,Command Carrier,指挥航母,
group,Command Centers,指挥中心,
group,Command Destroyer,指挥驱逐舰,
group,Command Ship,指挥舰,
group,Commodities,常见物品,
group,Common Moon Asteroids,普通的卫星小行星,
group,Complex Biochemical Reactions,复杂生化反应,
group,Complex Reactions,复杂反应,
group,Composite,合成物,
group,Compressed Gas,高密度气云,
group,Compression Array,压缩阵列,
group,Compressors,压缩装置,
group,Condenser Pack,电容包,
group,Construction Components,建造组件,
group,Construction Platform,建筑平台,
group,Control Tower,控制塔,
group,Core Subsystem,核心子系统,
group,Corporate Hangar Array,联合机库阵列,
group,Corvette,轻型护卫舰,
group,Covert Jump Portal Generator,隐秘跳跃通道发生器,
group,Covert Ops,隐形特勤舰,
group,CPU Enhancer,CPU增强设备,
group,Criminal Tags,铭牌,
group,Crokite,克洛基石,
group,Cruise Missile,巡航导弹,
group,Cruiser,巡洋舰,
group,Cyber Armor,脑控装甲,
group,Cyber Biology,脑控生物学,
group,Cyber Drones,脑控无人机,
group,Cyber Electronic Systems,脑控电子系统,
group,Cyber Engineering,脑控工程学,
group,Cyber Gunnery,脑控炮术学,
group,Cyber Leadership,脑控指挥,
group,Cyber Learning,脑控学习,
group,Cyber Missile,脑控导弹,
group,Cyber Navigation,脑控导航,
group,Cyber Production,脑控生产,
group,Cyber Resource Processing,脑控资源处理,
group,Cyber Scanning,脑控扫描,
group,Cyber Science,脑控科学,
group,Cyber Shields,脑控护盾,
group,Cyber Social,脑控社交增强,
group,Cyber Targeting,脑控锁定,
group,Cyber Trade,脑控贸易增强,
group,Cyber X Specials,脑控X特殊增强,
group,Cyberimplant,脑植入体,
group,Cynosural Field Generator,诱导力场发生器,
group,Cynosural Generator Array,诱导力场发生阵列,
group,Cynosural System Jammer,诱导力场系统干扰器,
group,Damage Control,损伤控制,
group,Dark Ochre,黑赭石,
group,Data Interfaces,数据接口,
group,Data Miners,数据采掘设备,
group,Datacores,数据核心,
group,Decryptors - Amarr,解码器—艾玛,
group,Decryptors - Caldari,解码器—加达里,
group,Decryptors - Gallente,解码器—盖伦特,
group,Decryptors - Hybrid,解码器—混合型,
group,Decryptors - Minmatar,解码器—米玛塔尔,
group,Decryptors - Sleepers,解码器—冬眠者,
group,Decryptors - Takmahl,解码器—塔克玛,
group,Decryptors - Talocan,解码器—塔洛迦,
group,Decryptors - Yan Jung,解码器—殷郡,
group,Deep Space Transport,深层空间运输舰,
group,Defender Missiles,反弹道导弹基础学,
group,Defensive Subsystem,防御子系统,
group,Deployable Advertisement,可部署广告,
group,Destroyer,驱逐舰,
group,Dreadnought,无畏舰,
group,Drifter Battleship,流浪者战列舰,
group,Drone Control Range Module,无人机操控范围增强单元,
group,Drone Damage Modules,无人机伤害单元,
group,Drone Navigation Computer,无人机导航电脑,
group,Drone Tracking Enhancer,无人机索敌增强器,
group,Drone Tracking Modules,无人机追踪装备,
group,Drugs,药品,
group,Ducinium,杜厦合金,
group,ECCM,ECCM发生器,
group,ECM Stabilizer,ECM稳定设备,
group,EDENCOM Data,伊甸联合防御阵线数据,
group,Eifyrium,埃菲尔合金,
group,Electronic Attack Ship,电子攻击舰,
group,Electronic Warfare Battery,电子战炮台,
group,Electronic Warfare Drone,电子战无人机,
group,Empire Insignia Drops,帝国勋章,
group,Encounter Surveillance System,事件监测装置,
group,Energized Armor Membrane,电压装甲薄膜,
group,Energy Neutralizer,能量中和器,
group,Energy Neutralizer Drone,能量中和无人机,
group,Energy Neutralizing Battery,能量中和波发射台,
group,Energy Nosferatu,掠能器,
group,Energy Weapon,能量武器,
group,Engineering Complex,工程复合体,
group,Entosis Link,侵噬链接,
group,Entropic Radiation Sink,熵辐射槽,
group,ESS Reserve Bank Keys,事件监测装置赏金池密钥,
group,Exceptional Moon Asteroids,非凡的卫星小行星,
group,Exhumer,采掘者,
group,Exotic Artefact,异种手工制品,
group,Exotic Plasma Charge,异种等离子弹药,
group,Expanded Cargohold,扩充货柜舱,
group,Expedition Command Burst Charges,远征指挥脉冲波弹药,
group,Expedition Command Ship,远征指挥舰,
group,Expedition Frigate,勘探护卫舰,
group,Expired Abyssal Battlefields Filaments,过期的深渊战场纤维,
group,Expired Jump Filaments,过期的跳跃纤维,
group,Extractor Control Units,采集控制器,
group,Extractors,采集器,
group,Fabricator Data,巢穴数据,
group,Festival Charges,节日弹药,
group,Festival Launcher,节日发射器,
group,Fighter Support Unit,铁骑舰载机辅助单元,
group,Flag Cruiser,战地巡洋舰,
group,Flashpoint,闪光点,
group,Flex Armor Hardener,弯曲装甲增强器,
group,Flex Armor Hardener Script,弯曲装甲增强器脚本,
group,Flex Shield Hardener,弯曲护盾增强器,
group,Flex Shield Hardener Script,弯曲护盾增强器脚本,
group,Force Auxiliary,战力辅助舰,
group,Force Recon Ship,力场侦察舰,
group,Freight Container,货物集装箱,
group,Freighter,货舰,
group,Frequency Crystal,频率晶体,
group,Frequency Mining Laser,频率采矿激光器,
group,Frigate,护卫舰,
group,Frozen,冷藏品,
group,Fuel Block,燃料块,
group,Furniture,家具,
group,FW Amarr Empire Battlecruiser,势力战争艾玛帝国战列舰,
group,FW Amarr Empire Battleship,势力战争艾玛帝国战列舰,
group,FW Amarr Empire Cruiser,势力战争艾玛帝国巡洋舰,
group,FW Amarr Empire Destroyer,势力战争艾玛帝国驱逐舰,
group,FW Amarr Empire Frigate,势力战争艾玛帝国护卫舰,
group,FW Caldari State Battlecruiser,势力战争加达里合众国战列舰,
group,FW Caldari State Battleship,势力战争加达里合众国战列舰,
group,FW Caldari State Cruiser,势力战争加达里合众国巡洋舰,
group,FW Caldari State Destroyer,势力战争加达里合众国驱逐舰,
group,FW Caldari State Frigate,势力战争加达里合众国护卫舰,
group,FW Gallente Federation Battlecruiser,势力战争盖伦特联邦战列舰,
group,FW Gallente Federation Battleship,势力战争盖伦特联邦战列舰,
group,FW Gallente Federation Cruiser,势力战争盖伦特联邦巡洋舰,
group,FW Gallente Federation Destroyer,势力战争盖伦特联邦驱逐舰,
group,FW Gallente Federation Frigate,势力战争盖伦特联邦护卫舰,
group,FW Listening Outpost,势力战争监听站,
group,FW Minmatar Republic Battlecruiser,势力战争米玛塔尔共和国战列舰,
group,FW Minmatar Republic Battleship,势力战争米玛塔尔共和国战列舰,
group,FW Minmatar Republic Cruiser,势力战争米玛塔尔共和国巡洋舰,
group,FW Minmatar Republic Destroyer,势力战争米玛塔尔共和国驱逐舰,
group,FW Minmatar Republic Frigate,势力战争米玛塔尔共和国护卫舰,
group,FW Propaganda Broadcast Structure,势力战争广播宣传建筑,
group,Gas Cloud Harvesters,气云采集器,
group,Gas Cloud Scoops,气云回收装置,
group,General,消费品,
group,Generic,通用,
group,Generic Decryptor,通用解码器,
group,Ghost Sites Angel Cartel Cruiser,幽灵地点天使巡洋舰,
group,Ghost Sites Blood Raiders Cruiser,幽灵地点血袭者巡洋舰,
group,Ghost Sites Guristas Cruiser,幽灵地点古斯塔斯巡洋舰,
group,Ghost Sites Mordu's Legion,幽灵地点莫德团,
group,Ghost Sites Sanshas Cruiser,幽灵地点萨沙巡洋舰,
group,Ghost Sites Serpentis Cruiser,幽灵地点天蛇巡洋舰,
group,Gneiss,片麻岩,
group,Griemeer,格里米尔,
group,Guidance Disruption Script,制导干扰脚本,
group,Guided Bomb,制导炸弹,
group,Gyrostabilizer,回转稳定设备,
group,Harvestable Cloud,可采集云团,
group,Hauler,运载舰,
group,Heat Sink,散热槽,
group,Heavy Assault Cruiser,重型突击巡洋舰,
group,Heavy Assault Missile,重型攻击导弹,
group,Heavy Fighter,重型铁骑舰载机,
group,Heavy Interdiction Cruiser,重型拦截巡洋舰,
group,Heavy Missile,重型导弹,
group,Hedbergite,同位原矿,
group,Hemorphite,希莫非特,
group,Hezorime,赫佐利姆,
group,Homefront Operations Commodity,国土行动物品,
group,Hull Repair Unit,船体维修组件,
group,Hybrid Charge,混合弹药,
group,Hybrid Drone,混合无人机,
group,Hybrid Polymers,混合聚合物,
group,Hybrid Reactions,混合反应,
group,Hybrid Tech Components,混合科技组件,
group,Hybrid Weapon,混合武器,
group,Ice,冰矿,
group,Ice Product,冰矿产物,
group,Identification,识别卡,
group,Industrial Command Ship,工业指挥舰,
group,Industrial Jump Portal Generator,工业舰跳跃通道发生器,
group,Inertial Stabilizer,惯性稳定器,
group,Infomorph Systems,电子意识星系,
group,Information Command Burst Charges,信息指挥脉冲波弹药,
group,Infrastructure Hub Industrial Upgrades,基础设施中心工业升级件,
group,Infrastructure Hub Military Upgrades,基础设施中心军事升级件,
group,Infrastructure Hub Strategic Upgrades,基础设施中心战略升级件,
group,Insurgency Mining Ship,叛乱采矿船,
group,Insurgency Mordu Battlecruiser,莫德团叛乱战列巡洋舰,
group,Insurgency Mordu Battleship,莫德团叛乱战列舰,
group,Insurgency Mordu Cruiser,莫德团叛乱巡洋舰,
group,Insurgency Mordu Destroyer,莫德团叛乱驱逐舰,
group,Insurgency Mordu Frigate,莫德团叛乱护卫舰,
group,Insurgency Pirate Battlecruiser,海盗叛乱战列巡洋舰,
group,Insurgency Pirate Battleship,海盗叛乱战列舰,
group,Insurgency Pirate Cruiser,海盗叛乱巡洋舰,
group,Insurgency Pirate Destroyer,海盗叛乱驱逐舰,
group,Insurgency Pirate Frigate,海盗叛乱护卫舰,
group,Interceptor,截击舰,
group,Interdiction Burst Probes,拦截脉冲波探针,
group,Interdiction Nullifier,拦截失效装置,
group,Interdiction Probe,干扰探针,
group,Interdiction Sphere Launcher,拦截泡发射器,
group,Interdictor,拦截舰,
group,Intermediate Materials,中间产物,
group,Jaspet,杰斯贝矿,
group,Jump Drive Economizer,跳跃引擎节能装置,
group,Jump Filaments,跳跃纤维,
group,Jump Freighter,战略货舰,
group,Jump Portal Array,跳跃通道阵列,
group,Jump Portal Generator,跳跃通道发生器,
group,Kangite,钪原矿,
group,Kernite,水硼砂,
group,Kylixium,克里石,
group,Laboratory,实验室,
group,Lancer Dreadnought,枪骑兵级无畏舰,
group,Lease,契约,
group,Legacy Currency,古代货币,
group,Light Fighter,轻型铁骑舰载机,
group,Light Missile,轻型导弹,
group,Limited Rarities,限量珍品,
group,Livestock,有生货物,
group,Logistic Drone,后勤无人机,
group,Logistics,后勤舰,
group,Logistics Frigate,后勤护卫舰,
group,Magnetic Field Stabilizer,磁场稳定设备,
group,Marauder,掠夺舰,
group,Mass Entanglers,质量纠缠装置,
group,Materials and Compounds,原料和化合物,
group,Mercenary Bases,雇佣兵基地,
group,Mercenary Den,雇佣兵巢穴,
group,Mercoxit,基腹断岩,
group,Mercoxit Mining Crystal,基腹断岩采集晶体,
group,Micro Jump Drive,微型跳跃引擎,
group,Micro Jump Field Generators,微型跳跃力场发生器,
group,Mineral,矿物,
group,Mining Barge,采矿驳船,
group,Mining Crystal,采矿晶体,
group,Mining Drone,采矿无人机,
group,Mining Foreman Burst Charges,开采先锋脉冲波弹药,
group,Mining Laser,采矿激光器,
group,Mining Survey Chipset,采矿调查芯片组,
group,Mining Upgrade,采矿改良设备,
group,Miscellaneous,其他,
group,Missile Guidance Computer,导弹制导计算机,
group,Missile Guidance Enhancer,导弹制导增强器,
group,Missile Guidance Script,导弹制导脚本,
group,Missile Launcher Bomb,炸弹发射器,
group,Missile Launcher Cruise,巡航导弹发射器,
group,Missile Launcher Defender,反弹道导弹发射器,
group,Missile Launcher Heavy,重型导弹发射器,
group,Missile Launcher Heavy Assault,重型攻击导弹发射器,
group,Missile Launcher Light,轻型导弹发射器,
group,Missile Launcher Rapid Heavy,重型快速导弹发射器,
group,Missile Launcher Rapid Light,轻型快速导弹发射器,
group,Missile Launcher Rapid Torpedo,快速鱼雷发射器,
group,Missile Launcher Rocket,火箭发射器,
group,Missile Launcher Torpedo,鱼雷发射器,
group,Missile Launcher XL Cruise,超大型巡航导弹发射器,
group,Missile Launcher XL Torpedo,超大型鱼雷发射器,
group,Mobile Analysis Beacon,移动式分析信标,
group,Mobile Cyno Inhibitor,移动式诱导抑制装置,
group,Mobile Cynosural Beacon,移动式诱导信标,
group,Mobile Depot,移动式仓库,
group,Mobile Hybrid Sentry,移动式混合岗哨炮,
group,Mobile Laser Sentry,移动式激光岗哨炮,
group,Mobile Micro Jump Unit,移动式微型跳跃装置,
group,Mobile Missile Sentry,移动导弹岗哨炮,
group,Mobile Observatory,移动观测站,
group,Mobile Phase Anchor,移动相位锚标,
group,Mobile Projectile Sentry,移动式射弹岗哨炮,
group,Mobile Reactor,移动反应堆,
group,Mobile Scan Inhibitor,移动式扫描抑制装置,
group,Mobile Siphon Unit,移动式虹吸装置,
group,Mobile Tractor Unit,移动式牵引装置,
group,Mobile Vault,移动式保险库,
group,Mobile Warp Disruptor,机动跃迁扰断器,
group,Moissanite,碳硅石,
group,Molecular-Forged Materials,分子熔铸材料,
group,Money,钱,
group,Moon Materials,卫星原料,
group,Moon Mining,卫星开采设备,
group,Mordunium,莫德合金,
group,Mutadaptive Remote Armor Repairer,突变适应远程装甲维修器,
group,Mutanite,突变石,
group,Mutaplasmids,突变质体,
group,Named Components,已命名组件,
group,Nanite Repair Paste,纳米体修复粘合剂,
group,Nanofiber Internal Structure,纳米纤维内部构架,
group,Nocxite,诺克希特,
group,Observatory Structures,瞭望台建筑,
group,Offensive Subsystem,攻击子系统,
group,Omber,奥贝尔石,
group,Orbital Construction Platform,轨道建筑平台,
group,Orbital Target,轨道目标,
group,Outpost Conversion Rigs,哨站转化改装件,
group,Outpost Improvements,哨站强化,
group,Outpost Upgrades,哨站升级,
group,Overdrive Injector System,超载喷注系统,
group,Overseer Personal Effects,监察官的个人财产,
group,Passive Targeting System,被动锁定系统,
group,Peculiar Materials,奇特材料,
group,Perception Points,感知点,
group,Personal Hangar,个人机库,
group,Plagioclase,斜长岩,
group,Planet Liquid-Gas - Raw Resource,行星液体-气体 - 原始资源,
group,Planet Organic - Raw Resource,行星有机物 - 原始资源,
group,Planet Solid - Raw Resource,行星固体 - 原始资源,
group,Planetary Links,行星链,
group,Planetary Resources,行星资源,
group,PLEX,伊甸币,
group,Point Lights,点光源,
group,Polycrase,复稀金矿,
group,Power Diagnostic System,能源诊断系统,
group,Precursor Weapon,先驱者武器,
group,Prismaticite,棱柱岩,
group,Processors,处理设施,
group,Projected ECCM,投射型ECCM,
group,Projectile Ammo,射弹弹药,
group,Projectile Weapon,射弹武器,
group,Promotional Expert Systems,推广专家系统,
group,Propulsion Module,推进装备,
group,Propulsion Subsystem,推进子系统,
group,Prototype Exploration Ship,考察船原型,
group,Pyroxeres,干焦岩,
group,Quantum Cores,量子芯,
group,Radioactive,放射性物质,
group,Rakovene,拉克岩,
group,Rare Moon Asteroids,稀有的卫星小行星,
group,Raspite,斜钨铅矿,
group,Reactor Control Unit,反应堆控制元件,
group,Refinables,可精炼物质,
group,Refined Commodities - Tier 2,加工过的资源物品 - 第二等级,
group,Refinery,精炼厂,
group,Reinforced Bulkhead,加强型舱隔壁,
group,Remote Armor Repairer,远程装甲维修器,
group,Remote Capacitor Transmitter,远程电容传输装置,
group,Remote Hull Repairer,远程船体维修装置,
group,Remote Sensor Booster,远程感应增强器,
group,Remote Shield Booster,远程护盾回充增量器,
group,Remote Tracking Computer,远距索敌计算机,
group,Reprocessing Array,提炼阵列,
group,Research Data,研究数据,
group,Rig Anchor,定锚改装件,
group,Rig Armor,装甲改装件,
group,Rig Core,改装件核心,
group,Rig Drones,无人机改装件,
group,Rig Electronic Systems,改装件电子系统,
group,Rig Energy Weapon,能量武器改造件,
group,Rig Hybrid Weapon,混合武器改装件,
group,Rig Launcher,发射器改装件,
group,Rig Navigation,改装件导航,
group,Rig Projectile Weapon,射弹武器改装件,
group,Rig Resource Processing,改装件资源处理,
group,Rig Scanning,改装件扫描,
group,Rig Shield,护盾改装件,
group,Rig Targeting,改装件锁定,
group,Roaming Sleepers Cruiser,游荡的冬眠者巡洋舰,
group,Rocket,火箭,
group,Rogue Drone Analysis Data,自由无人机分析数据,
group,Rogue Drone Components,自由无人机组件,
group,Salvage Drone,打捞无人机,
group,Salvaged Materials,打捞材料,
group,Salvager,打捞器,
group,Satellite,人造卫星,
group,Scan Probe Launcher,扫描探针发射器,
group,Scanner Array,扫描器阵列,
group,Scanner Probe,扫描探针,
group,Scanning Upgrade,扫描升级,
group,Scanning Upgrade Time,扫描升级时间,
group,SCARAB Breacher Pods,圣甲虫突破者逃生舱,
group,Scatter Container,散落货柜,
group,Scordite,灼烧岩,
group,Secure Cargo Container,安全货柜,
group,Security Tags,安全等级铭牌,
group,Sensor Backup Array,感应器支援阵列,
group,Sensor Booster,感应增强器,
group,Sensor Booster Script,感应增强器脚本,
group,Sensor Dampener,感应抑阻器,
group,Sensor Dampener Script,感应抑阻器脚本,
group,Sensor Dampening Battery,感应抑阻波发射台,
group,Services,服务,
group,Shield Boost Amplifier,护盾回充增量放大器,
group,Shield Booster,护盾回充增量器,
group,Shield Command Burst Charges,护盾指挥脉冲波弹药,
group,Shield Disruptor,护盾干扰设备,
group,Shield Extender,护盾扩展装置,
group,Shield Flux Coil,护盾通量线圈,
group,Shield Hardener,护盾强化设备,
group,Shield Hardening Array,护盾强化阵列,
group,Shield Power Relay,护盾能源继电器,
group,Shield Recharger,护盾回充设备,
group,Shield Resistance Amplifier,护盾抗性增效器,
group,Ship Logs,航行日志,
group,Ship Maintenance Array,船只维护阵列,
group,Ship Modifiers,舰船模式切换器,
group,Ship Scanner,船只扫描设备,
group,Shuttle,穿梭机,
group,Siege Module,会战装备,
group,Signal Amplifier,信号放大器,
group,Signature Suppressor,信号半径抑制装置,
group,Silo,储藏库,
group,Simple Biochemical Reactions,简单生化反应,
group,Simple Reaction,简单反应,
group,Skill Injectors,技能注入器,
group,Skirmish Command Burst Charges,游击战指挥脉冲波弹药,
group,Skyhook,天钩,
group,Slave Reception,劳工接待处,
group,Sleeper Components,冬眠者组件,
group,Sleeper Defensive Relics,冬眠者的古老防御装备,
group,Sleeper Electronics Relics,冬眠者的古老电子装备,
group,Sleeper Engineering Relics,冬眠者的古老工程设备,
group,Sleeper Hull Relics,冬眠者船体,
group,Sleeper Offensive Relics,冬眠者的古老攻击装备,
group,Sleeper Propulsion Relics,冬眠者的古老推进装备,
group,Smart Bomb,立体炸弹,
group,Sovereignty Hub,主权中心,
group,Sovereignty Hub Colony Resources Management Upgrades,主权中心殖民地资源管理升级件,
group,Sovereignty Hub Service Infrastructure Upgrade,主权中心服务基础设施升级件,
group,Sovereignty Hub Site Detection Upgrades,主权中心地点探测升级件,
group,Sovereignty Hub System Effect Generator Upgrades,主权中心星系影响生成器升级件,
group,Spaceports,太空港,
group,Special Edition Implant,特别版植入体,
group,Special Edition Yachts,特别版游艇,
group,Specialized Commodities - Tier 3,特种资源物品 - 第三等级,
group,Spodumain,灰岩,
group,Spot Lights,聚光灯,
group,Stability Telemetry,稳定性遥测,
group,Standard Expert Systems,标准专家系统,
group,Stasis Grappler,停滞捕捉光束,
group,Stasis Nullifiers,停滞无效光束,
group,Stasis Web,能量滞停光束网,
group,Stasis Webification Battery,停滞网状光束发射台,
group,Stasis Webifying Drone,停滞缠绕无人机,
group,Station Improvement Platform,空间站强化平台,
group,Station Upgrade Platform,空间站升级平台,
group,Stealth Bomber,隐形轰炸舰,
group,Storage Facilities,储藏设施,
group,Strategic Cruiser,战略巡洋舰,
group,Strip Miner,露天采矿器,
group,Strong Boxes,保险柜,
group,Structure Anti-Capital Missile,建筑反旗舰导弹,
group,Structure Anti-Subcapital Missile,建筑反非旗舰导弹,
group,Structure Area Denial Ammunition,建筑区域拒止弹药,
group,Structure Area Denial Module,建筑区域封锁装备,
group,Structure Armor Reinforcer,建筑装甲强化装置,
group,Structure Biochemical Reactor Rig M - ME,建筑生化反应堆中型改装件 - 材料效率,
group,Structure Biochemical Reactor Rig M - TE,建筑生化反应堆中型改装件 - 时间效率,
group,Structure Burst Projector,建筑脉冲波投射器,
group,Structure Capacitor Battery,建筑电容电池,
group,Structure Capacitor Power Relay,建筑电容能源继电器,
group,Structure Citadel Service Module,建筑堡垒服务装备,
group,Structure Combat Rig L - AoE Launcher Application and Projection,建筑战斗大型改装件 - AoE导弹发射器应用与投射,
group,Structure Combat Rig L - Energy Neutralizer Projection and Cap Reduction,建筑战斗大型改装件 - 能量中和投射与电容减耗,
group,Structure Combat Rig L - EW Projection and Cap Reduction,建筑战斗大型改装件 - 电子战投射与电容减耗,
group,Structure Combat Rig L - Max Targets and Sensor Boosting,建筑战斗大型改装件 - 最大锁定目标数与感应增强,
group,Structure Combat Rig L - Missile Application and Projection,建筑战斗大型改装件 - 导弹应用与投射,
group,Structure Combat Rig L - Point Defense Battery Application and Projection,建筑战斗大型改装件 - 定点防御炮塔应用与投射,
group,Structure Combat Rig M - Boosted Sensors,建筑中型战斗改装件 - 感应增强,
group,Structure Combat Rig M - Energy Neutralizer Cap Reduction,建筑战斗中型改装件 - 能量中和电容减耗,
group,Structure Combat Rig M - Energy Neutralizer Projection,建筑战斗中型改装件 - 能量中和投射,
group,Structure Combat Rig M - EW Cap Reduction,建筑战斗中型改装件 - 电子战电容减耗,
group,Structure Combat Rig M - EW projection,建筑战斗中型改装件 - 电子战投射,
group,Structure Combat Rig M - Max Targets,建筑战斗中型改装件 - 最大锁定目标数,
group,Structure Combat Rig M - Missile Application,建筑战斗中型改装件 - 导弹应用,
group,Structure Combat Rig M - Missile Projection,建筑战斗中型改装件 - 导弹投射,
group,Structure Combat Rig XL - Doomsday and Targeting,建筑战斗超大型改装件 - 末日武器和锁定,
group,Structure Combat Rig XL - Energy Neutralizer and EW,建筑战斗超大型改装件 - 能量中和与电子战,
group,Structure Combat Rig XL - Missile and AoE Missile,建筑战斗超大型改装件 - 导弹与AoE导弹,
group,Structure Components,建筑组件,
group,Structure Composite Reactor Rig M - ME,建筑复合反应堆中型改装件 - 材料效率,
group,Structure Composite Reactor Rig M - TE,建筑复合反应堆中型改装件 - 时间效率,
group,Structure Disruption Battery,建筑扰断炮塔,
group,Structure Doomsday Weapon,建筑末日武器,
group,Structure Drilling Rig L - Proficiency,建筑钻探大型改装件 - 精通,
group,Structure Drilling Rig M - Efficiency,建筑钻探中型改装件 - 效率,
group,Structure Drilling Rig M - Stability,建筑钻探中型改装件 - 耐久,
group,Structure ECM Battery,建筑ECM炮塔,
group,Structure ECM script,建筑ECM脚本,
group,Structure Energy Neutralizer,建筑能量中和器,
group,Structure Engineering Rig L - Advanced Component Efficiency,建筑工程大型改装件 - 高级组件效率,
group,Structure Engineering Rig L - Advanced Large Ship Efficiency,建筑工程大型改装件 - 高级大型舰船效率,
group,Structure Engineering Rig L - Advanced Medium Ship Efficiency,建筑工程大型改装件 - 高级中型舰船效率,
group,Structure Engineering Rig L - Advanced Small Ship Efficiency,建筑工程大型改装件 - 高级小型舰船效率,
group,Structure Engineering Rig L - Ammunition Efficiency,建筑工程大型改装件 - 弹药效率,
group,Structure Engineering Rig L - Basic Capital Component Efficiency,建筑工程大型改装件 - 基础旗舰组件效率,
group,Structure Engineering Rig L - Basic Large Ship Efficiency,建筑工程大型改装件 - 基础大型舰船效率,
group,Structure Engineering Rig L - Basic Medium Ship Efficiency,建筑工程大型改装件 - 基础中型舰船效率,
group,Structure Engineering Rig L - Basic Small Ship Efficiency,建筑工程大型改装件 - 基础小型舰船效率,
group,Structure Engineering Rig L - Blueprint Copy Optimization,建筑工程大型改装件 - 蓝图拷贝优化,
group,Structure Engineering Rig L - Capital Ship Efficiency,建筑工程大型改装件 - 旗舰效率,
group,Structure Engineering Rig L - Drone and Fighter Efficiency,建筑工程大型改装件 - 无人机和铁骑舰载机效率,
group,Structure Engineering Rig L - Equipment Efficiency,建筑工程大型改装件 - 装备效率,
group,Structure Engineering Rig L - Invention Optimization,建筑工程大型改装件 - 发明优化,
group,Structure Engineering Rig L - ME Research Optimization,建筑工程大型改装件 - 材料效率研究优化,
group,Structure Engineering Rig L - Structure Efficiency,建筑工程大型改装件 - 建筑效率,
group,Structure Engineering Rig L - TE Research Optimization,建筑工程大型改装件 - 时间效率研究优化,
group,Structure Engineering Rig M - Advanced Component ME,建筑工程中型改装件 - 高级组件材料效率,
group,Structure Engineering Rig M - Advanced Component TE,建筑工程中型改装件 - 高级组件时间效率,
group,Structure Engineering Rig M - Advanced Large Ship ME,建筑工程中型改装件 - 高级大型舰船材料效率,
group,Structure Engineering Rig M - Advanced Large Ship TE,建筑工程中型改装件 - 高级大型舰船时间效率,
group,Structure Engineering Rig M - Advanced Medium Ship ME,建筑工程改装件中型 - 高级中型舰船材料效率,
group,Structure Engineering Rig M - Advanced Medium Ship TE,建筑工程改装件中型 - 高级中型舰船时间效率,
group,Structure Engineering Rig M - Advanced Small Ship ME,建筑工程中型改装件 - 高级小型舰船材料效率,
group,Structure Engineering Rig M - Advanced Small Ship TE,建筑工程中型改装件 - 高级小型舰船时间效率,
group,Structure Engineering Rig M - Ammunition ME,建筑工程中型改装件 - 弹药材料效率,
group,Structure Engineering Rig M - Ammunition TE,建筑工程中型改装件 - 弹药时间效率,
group,Structure Engineering Rig M - Basic Capital Component ME,建筑工程中型改装件 - 普通旗舰组件材料效率,
group,Structure Engineering Rig M - Basic Capital Component TE,建筑工程中型改装件 - 普通旗舰组件时间效率,
group,Structure Engineering Rig M - Basic Large Ship ME,建筑工程中型改装件 - 基础大型舰船材料效率,
group,Structure Engineering Rig M - Basic Large Ship TE,建筑工程中型改装件 - 基础大型舰船时间效率,
group,Structure Engineering Rig M - Basic Medium Ship ME,建筑工程中型改装件 - 基础中型舰船材料效率,
group,Structure Engineering Rig M - Basic Medium Ship TE,建筑工程中型改装件 - 基础中型舰船时间效率,
group,Structure Engineering Rig M - Basic Small Ship ME,建筑工程中型改装件 - 基础小型舰船材料效率,
group,Structure Engineering Rig M - Basic Small Ship TE,建筑工程中型改装件 - 基础小型舰船时间效率,
group,Structure Engineering Rig M - Blueprint Copy Accelerator,建筑工程中型改装件 - 蓝图拷贝加速,
group,Structure Engineering Rig M - Blueprint Copy Cost Optimization,建筑工程中型改装件 - 蓝图拷贝成本优化,
group,Structure Engineering Rig M - Drone and Fighter ME,建筑工程中型改装件 - 无人机和铁骑舰载机材料效率,
group,Structure Engineering Rig M - Drone and Fighter TE,建筑工程中型改装件 - 无人机和铁骑舰载机时间效率,
group,Structure Engineering Rig M - Equipment ME,建筑工程中型改装件 - 装备材料效率,
group,Structure Engineering Rig M - Equipment TE,建筑工程中型改装件 - 装备时间效率,
group,Structure Engineering Rig M - Invention Accelerator,建筑工程中型改装件 - 发明加速,
group,Structure Engineering Rig M - Invention Cost Optimization,建筑工程中型改装件 - 发明成本优化,
group,Structure Engineering Rig M - ME Research Accelerator,建筑工程中型改装件 - 材料效率研究加速,
group,Structure Engineering Rig M - ME Research Cost Optimization,建筑工程中型改装件 - 材料效率研究成本优化,
group,Structure Engineering Rig M - Structure ME,建筑工程中型改装件 - 建筑材料效率,
group,Structure Engineering Rig M - Structure TE,建筑工程中型改装件 - 建筑时间效率,
group,Structure Engineering Rig M - TE Research Accelerator,建筑工程中型改装件 - 时间效率研究加速,
group,Structure Engineering Rig M - TE Research Cost Optimization,建筑工程中型改装件 - 时间效率研究成本优化,
group,Structure Engineering Rig XL - Equipment and Consumable Efficiency,建筑工程超大型改装件 - 装备和消费品效率,
group,Structure Engineering Rig XL - Laboratory Optimization,建筑工程超大型改装件 - 实验室优化,
group,Structure Engineering Rig XL - Ship Efficiency,建筑工程超大型改装件 - 舰船效率,
group,Structure Engineering Rig XL - Structure and Component Efficiency,建筑工程超大型改装件 - 建筑和组件效率,
group,Structure Engineering Service Module,建筑工程服务装备,
group,Structure Festival Charges,建筑节日弹药,
group,Structure Festival Launcher,建筑节日发射器,
group,Structure Fitting Module,建筑装配装备,
group,Structure Guided Bomb Launcher,建筑制导炸弹发射器,
group,Structure Heavy Fighter,建筑重型铁骑舰载机,
group,Structure Hybrid Reactor Rig M - ME,建筑混合反应堆中型改装件 - 材料效率,
group,Structure Hybrid Reactor Rig M - TE,建筑混合反应堆中型改装件 - 时间效率,
group,Structure Light Fighter,建筑轻型铁骑舰载机,
group,Structure Moon Drilling Service Module,建筑卫星钻探服务装备,
group,Structure Multirole Missile Launcher,建筑多功能导弹发射器,
group,Structure Reactor Rig L - Efficiency,建筑反应堆大型改装件 - 效率,
group,Structure Resource Processing Service Module,建筑资源处理服务装备,
group,Structure Resource Rig L - Reprocessing,建筑资源大型改装件 - 提炼,
group,Structure Resource Rig M - Asteroid Ore Reprocessing,建筑资源中型改装件 - 小行星矿石提炼,
group,Structure Resource Rig M - Ice Reprocessing,建筑资源中型改装件 - 冰矿提炼,
group,Structure Resource Rig M - Moon Ore Reprocessing,建筑资源中型改装件 - 卫星矿石提炼,
group,Structure Resource Rig XL - Reprocessing,建筑资源超大型改装件 - 提炼,
group,Structure Signal Amplifier,建筑信号放大器,
group,Structure Stasis Webifier,建筑停滞缠绕光束,
group,Structure Support Fighter,建筑后勤铁骑舰载机,
group,Structure Warp Disruptor Script,建筑跃迁扰断器脚本,
group,Structure Warp Scrambler,建筑跃迁扰频器,
group,Structure Weapon Upgrade,建筑武器升级,
group,Structure XL Missile Launcher,建筑超大型导弹发射器,
group,Super Kerr-Induced Nanocoatings,超级克尔诱导纳米涂层,
group,Super Weapon,超级武器,
group,Supercarrier,超级航母,
group,Support Fighter,后勤铁骑舰载机,
group,Survey Probe,测量探针,
group,Survey Probe Launcher,测量探针发射器,
group,System Scanner,星系扫描仪,
group,Tactical Destroyer,战术驱逐舰,
group,Talassonite,塔拉岩,
group,Target Painter,目标标记装置,
group,Technical Data Chips,技术数据芯片,
group,Territorial Claim Unit,主权宣布设施,
group,Titan,泰坦,
group,Titan Phenomena Generator,泰坦现象发生器,
group,Tool,工具,
group,Torpedo,鱼雷,
group,Tracking Array,索敌天线阵列,
group,Tracking Computer,索敌计算机,
group,Tracking Disruption Script,跟踪干扰脚本,
group,Tracking Enhancer,索敌增强器,
group,Tracking Script,追踪脚本,
group,Tractor Beam,牵引光束,
group,Triglavian Data,三神裔数据,
group,Triglavian Datastreams,三神裔数据流,
group,Triglavian Space Filaments,三神裔星系纤维,
group,Tyranite,泰拉石,
group,Ubiquitous Moon Asteroids,常见的卫星小行星,
group,Ueganite,尤加石,
group,Uncommon Moon Asteroids,罕见的卫星小行星,
group,Unknown Components,未知组件,
group,Unrefined Mineral,粗糙矿物,
group,Upwell Cyno Beacon,昇威诱导信标,
group,Upwell Cyno Jammer,昇威诱导干扰塔,
group,Upwell Jump Bridge,昇威跳跃桥接,
group,Upwell Moon Drill,昇威卫星钻探,
group,Veldspar,凡晶石,
group,Verity Cryo Tech,真理低温技术,
group,Vigilance Point Data,警戒点数据,
group,Vorton Projector,电弧弦投射器,
group,Vorton Projector Upgrade,电弧弦投射器升级装备,
group,Warp Accelerator,跃迁加速装置,
group,Warp Core Stabilizer,跃迁稳定器,
group,Warp Disrupt Field Generator,跃迁扰断力场发生器,
group,Warp Disruption Script,跃迁干扰脚本,
group,Warp Matrix Filaments,跃迁矩阵纤维,
group,Warp Scrambler,跃迁扰乱设备,
group,Warp Scrambling Battery,跃迁扰频波发射台,
group,Warp Vector Data,跃迁矢量数据,
group,Weapon Disruptor,武器扰断器,
group,XL Cruise Missile,超大型巡航导弹,
group,XL Torpedo,超大型鱼雷,
group,Ytirium,耶利合金,
type,'Abatis' 100mm Steel Plates,铁网100mm钢附甲板,
type,'Accord' Core Compensation,协调核心补偿器 I,
type,'Aergia' Hobgoblin SW-300,“阿厄吉亚”地精灵SW-300,
type,'Anguis' Ice Harvester Upgrade,安格斯冰矿采集能力提升器,
type,'Aoede' Mining Laser Upgrade,奥德采矿激光提升器,
type,'Arbalest' Cruise Launcher I,劲弩巡航导弹发射器 I,
type,'Arbalest' Heavy Missile Launcher,劲弩重型导弹发射器,
type,'Arbalest' Rapid Heavy Missile Launcher I,劲弩重型快速导弹发射器 I,
type,'Arbalest' Rocket Launcher I,劲弩火箭发射器 I,
type,'Arquebus' Heavy Beam Laser I,火枪重型集束激光器 I,
type,'Atgeir' Explosive Disruptive Lance,“长戟”爆炸干扰长枪,
type,'Augmented' Acolyte,加强型侍僧,
type,'Augmented' Berserker,加强型狂战士,
type,'Augmented' Hammerhead,加强型战锤,
type,'Augmented' Hobgoblin,加强型地精灵,
type,'Augmented' Hornet,加强型大黄蜂,
type,'Augmented' Ice Harvesting Drone,加强型冰矿采集无人机,
type,'Augmented' Infiltrator,加强型渗透者,
type,'Augmented' Mining Drone,加强型采矿无人机,
type,'Augmented' Ogre,加强型蛮妖,
type,'Augmented' Praetor,加强型执政官,
type,'Augmented' Valkyrie,加强型瓦尔基里,
type,'Augmented' Vespa,加强型金星,
type,'Augmented' Warrior,加强型武士,
type,'Augmented' Wasp,加强型胡蜂,
type,'Aura' Warp Core Stabilizer I,圣光跃迁核心稳定器 I,
type,'Aurora Ominae' Thermal Doomsday,'极光之仪'热能末日武器,
type,'Azmaru' Electromagnetic Disruptive Lance,“阿兹玛鲁”电磁干扰长枪,
type,'Bailey' 1600mm Steel Plates,壁垒1600mm钢附甲板,
type,'Balefire' Rocket Launcher,烽火火箭发射器,
type,'Ballista' Tachyon Beam Laser I,弩炮超光速粒子集束激光器 I,
type,'Barbican' 800mm Steel Plates,碉楼800mm钢附甲板,
type,'Barrage' Torpedo Launcher,雷暴鱼雷发射器,
type,'Basic' Capacitor Flux Coil,基础型电容通量线圈,
type,'Basic' Capacitor Power Relay,基础型电容能源继电器,
type,'Basic' Capacitor Recharger,基础型电容回充器,
type,'Basic' Co-Processor,基础型协处理器,
type,'Basic' Damage Control,基础型损伤控制,
type,'Basic' EM Coating,基础型电磁涂层,
type,'Basic' EM Energized Membrane,基础型电磁电压薄膜,
type,'Basic' EM Shield Amplifier,'基础'电磁护盾增效器,
type,'Basic' Expanded Cargohold,基础型扩充货柜舱,
type,'Basic' Explosive Coating,基础型爆炸涂层,
type,'Basic' Explosive Energized Membrane,基础型爆炸电压薄膜,
type,'Basic' Explosive Shield Amplifier,'基础'爆炸护盾增效器,
type,'Basic' Gyrostabilizer,基础型回转稳定器,
type,'Basic' Heat Sink,基础型散热槽,
type,'Basic' Inertial Stabilizers,基础型惯性稳定器,
type,'Basic' Kinetic Coating,基础型动能涂层,
type,'Basic' Kinetic Energized Membrane,基础型动能电压薄膜,
type,'Basic' Kinetic Shield Amplifier,'基础'动能护盾增效器,
type,'Basic' Layered Coating,基础型覆层式涂层,
type,'Basic' Layered Energized Membrane,基础型覆层电压薄膜,
type,'Basic' Magnetic Field Stabilizer,基础型磁性力场稳定器,
type,'Basic' Multispectrum Coating,基础型多谱式涂层,
type,'Basic' Multispectrum Energized Membrane,基础型多谱式电压薄膜,
type,'Basic' Nanofiber Internal Structure,基础型纳米纤维内部构架,
type,'Basic' Overdrive Injector System,基础型超载喷注系统,
type,'Basic' Power Diagnostic System,基础型能源诊断系统,
type,'Basic' Reactor Control Unit,基础型反应堆控制组件,
type,'Basic' Reinforced Bulkheads,基础型强化舱隔壁,
type,'Basic' Shield Flux Coil,基础护盾通量线圈,
type,'Basic' Shield Power Relay,基础护盾能源继电器,
type,'Basic' Signal Amplifier,基础型信号放大器,
type,'Basic' Thermal Coating,基础型热能涂层,
type,'Basic' Thermal Energized Membrane,基础型热能电压薄膜,
type,'Basic' Thermal Shield Amplifier,'基础'热能护盾增效器,
type,'Basic' Tracking Enhancer,基础型索敌增强器,
type,'Bastion' 400mm Steel Plates,堡垒400mm钢附甲板,
type,'Beatnik' Small Remote Armor Repairer,比特尼克小型远程装甲维修器,
type,'Blasting' Large Graviton Smartbomb,爆破大型引力子立体炸弹,
type,'Boiling' Medium Plasma Smartbomb,沸腾中型等离子立体炸弹,
type,'Booming' Medium Graviton Smartbomb,蓬勃中型引力子立体炸弹,
type,'Bootleg' Remote Sensor Booster,私货远程感应增强器,
type,'Bribe' Explosive Energized Membrane,'诱惑'爆炸电压薄膜,
type,'Cactus' Kinetic Shield Amplifier,“仙人球”动能护盾增效器,
type,'Carpo' Mining Laser Upgrade,卡普采矿激光提升器,
type,'Cartel' Power Diagnostic System I,卡特尔能源诊断系统 I,
type,'Catapult' Mega Beam Laser I,投石车超级集束激光器 I,
type,'Censer' Medium Cap Battery,焚炉中型电容器电池,
type,'Chainmail' 200mm Steel Plates,锁甲200mm钢附甲板,
type,'Chivalry' Large Remote Capacitor Transmitter,骑士大型远程电容传输装置,
type,'Citadella' 100mm Steel Plates,要塞100mm钢附甲板,
type,'Cold Wind' Kinetic Reaper,"""寒风""动能收割者",
type,'Concussion' Compact Large Graviton Smartbomb,震荡紧凑大型引力子立体炸弹,
type,'Concussion' Compact Medium Graviton Smartbomb,震荡紧凑中型引力子立体炸弹,
type,'Concussion' Compact Small Graviton Smartbomb,震荡紧凑小型引力子立体炸弹,
type,'Corporate' Light Electron Blaster I,集团轻型电子疾速炮 I,
type,'Crop' Gas Cloud Scoop,丰收气云回收装置,
type,'Crossbow' Focused Medium Beam Laser I,石弓聚焦集束激光器 I,
type,'Crucible' Small Cap Battery,熔炉小型电容器电池,
type,'Dealer' Light Ion Blaster I,商人轻型离子疾速炮 I,
type,'Degenerative' Small Proton Smartbomb,衰震小型质子立体炸弹,
type,'Delineative' Warp Scrambler,勾画跃迁扰频器,
type,'Desert Heat' Thermal Shield Hardener,沙炎热能护盾增强器,
type,'Deuce' Co-Processor I,平局协处理器 I,
type,'Distributor' Guidance Disruptor,旋风制导干扰器,
type,'Divine Harvest' Electromagnetic Reaper,"""神裁""电磁收割者",
type,'Draccous' Fortizar,"""德拉库斯""铁壁",structure
type,'Dunk' Salvage Drone,'浸入'打捞无人机,
type,'Dwindling' Medium Proton Smartbomb,衰竭中型质子立体炸弹,
type,'Dyad' Co-Processor I,二分体协处理器 I,
type,'Enterprise' Remote Tracking Computer,企业远距索敌计算机,
type,'Excavator' Ice Harvesting Drone,采掘者冰矿采集无人机,
type,'Excavator' Mining Drone,采掘者采矿无人机,
type,'Executive' Remote Sensor Dampener,执行远程感应抑阻器,
type,'Felon' Ion Blaster Cannon I,残暴离子疾速加农炮 I,
type,'Firewall' Signal Amplifier,防火墙信号放大器,
type,'Full Duplex' Ballistic Control System,全双工弹道控制系统,
type,'Gallows' Light Missile Launcher,绞架轻型导弹发射器,
type,'Gambler' Ladar ECM,赌徒光雷达ECM,
type,'Gauntlet' Small Focused Beam Laser I,交叉火力小型聚焦集束激光器 I,
type,'Geiravor' Explosive Lance,"""吉拉沃""爆炸长枪",
type,'Ghost' Burst Jammer,鬼怪脉冲干扰器,
type,'Gjallarhorn' Explosive Doomsday,'赫姆达洱之咆哮'爆炸末日武器,
type,'Glycerine' Shield Boost Amplifier,甘油护盾回充增量增效器,
type,'Gorget' Small Armor Repairer I,甲胄小型装甲维修器 I,
type,'Greaves' Medium Armor Repairer I,油渣中型装甲维修器 I,
type,'Guillotine' Thermal Reaper,"""断头台""热能收割者",
type,'Halberd' Mega Pulse Laser I,战戟超级脉冲激光器 I,
type,'Halcyon' Core Equalizer I,盛世核心平衡器 I,
type,'Harmony' Small Armor Repairer I,协合小型装甲维修器 I,
type,'Harness' Medium Capacitor Booster I,马套中型电容注电器 I,
type,'Hauberk' Large Armor Repairer I,鲮铠大型装甲维修器 I,
type,'Heist' Radar ECM,拦截雷达ECM,
type,'High Noon' Thermal Shield Amplifier,正午热能护盾增效器,
type,'Holy Destiny' Electromagnetic Lance,"""神圣命运""电磁长枪",
type,'Hooligan' Heavy Ion Blaster I,无赖重型离子疾速炮 I,
type,'Horizon' Fortizar,"""地平线""铁壁",structure
type,'Hustler' Heavy Neutron Blaster I,恶徒重型中子疾速炮 I,
type,'Inception' Target Painter,起源目标标记装置,
type,'Ingenii' Ice Harvester Upgrade,因吉冰矿采集能力提升器,
type,'Integrated' Acolyte,集成型侍僧,
type,'Integrated' Berserker,集成型狂战士,
type,'Integrated' Hammerhead,集成型战锤,
type,'Integrated' Hobgoblin,集成型地精灵,
type,'Integrated' Hornet,集成型大黄蜂,
type,'Integrated' Infiltrator,集成型渗透者,
type,'Integrated' Ogre,集成型蛮妖,
type,'Integrated' Praetor,集成型执政官,
type,'Integrated' Valkyrie,集成型瓦尔基里,
type,'Integrated' Vespa,集成型金星,
type,'Integrated' Warrior,集成型武士,
type,'Integrated' Wasp,集成型胡蜂,
type,'Interruptive' Warp Disruptor,中断跃迁扰断器,
type,'Investor' Tracking Disruptor I,围堵索敌扰断器 I,
type,'Iron Pike' Kinetic Lance,"""铁矛""动能长枪",
type,'Jormungandr' Explosive Reaper,"""耶梦加得""爆炸收割者",
type,'Joust' Heavy Pulse Laser I,马枪重型脉冲激光器 I,
type,'Judgment' Electromagnetic Doomsday,'审判之日'电磁末日武器,
type,'Kindred' Gyrostabilizer,宗族回转稳定器,
type,'Knight' Medium Remote Capacitor Transmitter,骑士中型远程电容传输装置,
type,'Lance' Medium EMP Smartbomb,长枪中型EMP立体炸弹,
type,'Limos' Cruise Launcher I,房车巡航发射器 I,
type,'Limos' Rapid Heavy Missile Launcher I,房车重型快速导弹发射器,
type,'Limos' Rocket Launcher I,房车火箭发射器 I,
type,'Longbow' Small Focused Pulse Laser I,长弓小型聚焦脉冲激光器 I,
type,'Love' Medium Remote Armor Repairer,亲密中型远程装甲维修器,
type,'Mace' Dual Light Beam Laser I,权杖双联轻型集束激光器 I,
type,'Mafia' Kinetic Energized Membrane,黑手党动能电压薄膜,
type,'Magpie' Mobile Tractor Unit,喜鹊移动式牵引装置,
type,'Malkuth' Cruise Launcher I,马库斯巡航发射器 I,
type,'Malkuth' Heavy Missile Launcher I,马库斯重型导弹发射器 I,
type,'Malkuth' Rapid Heavy Missile Launcher I,马库斯重型快速导弹发射器 I,
type,'Malkuth' Rocket Launcher I,马库斯火箭发射器 I,
type,'Marginis' Fortizar,"""马金尼斯""铁壁",structure
type,'Marketeer' Tracking Computer,集市索敌计算机,
type,'Marshall' Magnetometric ECM,马歇尔磁力ECM,
type,'Meditation' Medium Armor Repairer I,冥思中型装甲维修器 I,
type,'Micro' Cap Battery,微型电容器电池,
type,'Micro' Remote Shield Booster,微型远程护盾回充增量器,
type,'Monopoly' Magnetic Field Stabilizer,垄断磁性力场稳定器,
type,'Moonshine' Thermal Energized Membrane,月光热能电压薄膜,
type,'Moreau' Fortizar,"""莫罗""铁壁",structure
type,'Motte' Capacitor Power Relay I,灌木电容能源继电器 I,
type,'Natura' Warp Core Stabilizer I,自然跃迁核心稳定器 I,
type,'Noose' Cruise Missile Launcher,绞架巡航导弹发射器,
type,'Notos' Compact Large Proton Smartbomb,南风紧凑大型质子立体炸弹,
type,'Notos' Compact Medium Proton Smartbomb,南风紧凑中型质子立体炸弹,
type,'Notos' Compact Small Proton Smartbomb,南风紧凑小型质子立体炸弹,
type,'Nugget' Kinetic Shield Hardener,金砖动能护盾增强器 C型,
type,'Oblivion' Kinetic Doomsday,'湮没之圣光'动能末日武器,
type,'Packrat' Mobile Tractor Unit,林鼠移动式牵引装置,
type,'Page' Capacitor Flux Coil I,佩奇电容通量线圈 I,
type,'Palisade' Cap Recharger I,木栅电容回充器 I,
type,'Peace' Large Remote Armor Repairer,宁静大型远程装甲维修器,
type,'Phalarica' Thermal Lance,"""费拉里卡""热能长枪",
type,'Pickaxe' Rapid Light Missile Launcher,长镐轻型快速导弹发射器,
type,'Pickpocket' EM Energized Membrane,'扒手'电磁电压薄膜,
type,'Pike' Small EMP Smartbomb,铁矛小型EMP立体炸弹,
type,'Pilfer' Multispectrum Energized Membrane,'毛贼'多谱式电压薄膜,
type,'Plough' Heavy Capacitor Booster I,犁重型电容注电器 I,
type,'Plow' Gas Cloud Scoop,除雪机气云回收装置,
type,'Plunderer' Gravimetric ECM,掠夺者引力ECM,
type,'Poacher' EM Shield Hardener,入侵者电磁护盾增强器,
type,'Portcullis' Reactor Control Unit I,铁闸反应堆控制元件 I,
type,'Posse' Multispectrum Shield Hardener,民团多谱式护盾增强器,
type,'Prometheus' Fortizar,"""普罗米修斯""铁壁",structure
type,'Prospector' EM Shield Amplifier,掘金者电磁护盾增效器,
type,'Protest' Large Armor Repairer I,抗击大型装甲维修器 I,
type,'Racket' Light Neutron Blaster I,糜烂轻型中子疾速炮 I,
type,'Radical' Damage Control,激进者损伤控制,
type,'Recusant' Hostile Targeting Array I,异端敌对锁定天线阵列 I,
type,'Regressive' Large Proton Smartbomb,回归大型质子立体炸弹,
type,'Repose' Core Compensation,休眠核心补偿器 I,
type,'Roaring' Small Graviton Smartbomb,咆哮小型引力子立体炸弹,
type,'Saddle' Small Capacitor Booster I,鞍马小型电容注电器 I,
type,'Sarissa' Thermal Disruptive Lance,“萨里沙”热能干扰长枪,
type,'Scalding' Large Plasma Smartbomb,灼热大型等离子立体炸弹,
type,'Seed' Micro Capacitor Booster I,'萌芽'微型电容注电器 I,
type,'Seething' Small Plasma Smartbomb,激昂小型等离子立体炸弹,
type,'Seneschal' Mercenary Den,“总管级”雇佣兵巢穴,
type,'Shady' Sensor Booster,阴暗感应增强器,
type,'Slither' Heavy Electron Blaster I,蛇行重型电子疾速炮 I,
type,'Smokescreen' Covert Ops Cloaking Device II,烟幕隐秘行动隐形装置 II,
type,'Snake Eyes' Explosive Shield Hardener,蛇眼爆炸护盾增强器,
type,'Squire' Small Remote Capacitor Transmitter,随从小型远程电容传输装置,
type,'Steel Yari' Kinetic Disruptive Lance,“钢刀”动能干扰长枪,
type,'Stoic' Core Equalizer I,坚韧核心平衡器 I,
type,'Subverted' JVN-UC49,"""颠覆""JVN-UC49",
type,'Swindler' Electron Blaster Cannon I,骗子电子疾速加农炮 I,
type,'Thurifer' Large Cap Battery,侍僧大型电容器电池,
type,'Trebuchet' Heat Sink I,飞石散热槽 I,
type,'Underhand' Neutron Blaster Cannon I,欺瞒中子疾速加农炮 I,
type,'Undertaker' Heavy Missile Launcher,挑战者重型导弹发射器,
type,'Vehemence' Compact Large EMP Smartbomb,盛怒紧凑大型EMP立体炸弹,
type,'Vehemence' Compact Medium EMP Smartbomb,盛怒紧凑中型EMP立体炸弹,
type,'Vehemence' Compact Small EMP Smartbomb,盛怒紧凑小型EMP立体炸弹,
type,'Warhammer' Large EMP Smartbomb,战锤大型EMP立体炸弹,
type,'Wetu' Mobile Depot,小屋移动式仓库,
type,'Whiskey' Explosive Shield Amplifier,威士忌爆炸护盾增效器,
type,'Wild' Miner I,野性采矿器 I,
type,'YF-12a' Compact Large Plasma Smartbomb,YF-12a紧凑大型等离子立体炸弹,
type,'YF-12a' Compact Medium Plasma Smartbomb,YF-12a紧凑中型等离子立体炸弹,
type,'YF-12a' Compact Small Plasma Smartbomb,YF-12a紧凑小型等离子立体炸弹,
type,'Yurt' Mobile Depot,帐篷移动式仓库,
type,10000MN Afterburner I,10000MN加力燃烧器 I,
type,10000MN Afterburner II,10000MN加力燃烧器 II,
type,10000MN Monopropellant Enduring Afterburner,单元推进持久型10000MN加力燃烧器,
type,10000MN Y-S8 Compact Afterburner,Y-S8紧凑型10000MN加力燃烧器,
type,100K Bounty SCC Encrypted Bond,10万赏金加密债券,
type,100mm Crystalline Carbonide Restrained Plates,100mm抑制型碳化晶体附甲板,
type,100mm Rolled Tungsten Compact Plates,100mm紧凑型包金钨附甲板,
type,100mm Steel Plates I,100mm钢附甲板 I,
type,100mm Steel Plates II,100mm钢附甲板 II,
type,100MN Afterburner I,100MN加力燃烧器 I,
type,100MN Afterburner II,100MN加力燃烧器 II,
type,100MN Analog Booster Afterburner,100MN模拟助推加力燃烧器,
type,100MN Monopropellant Enduring Afterburner,单元推进持久型100MN加力燃烧器,
type,100MN Y-S8 Compact Afterburner,Y-S8紧凑型100MN加力燃烧器,
type,10K Bounty SCC Encrypted Bond,1万赏金加密债券,
type,10M Bounty SCC Encrypted Bond,1000万赏金加密债券,
type,10MN Afterburner I,10MN加力燃烧器 I,
type,10MN Afterburner II,10MN加力燃烧器 II,
type,10MN Analog Booster Afterburner,10MN模拟助推加力燃烧器,
type,10MN Monopropellant Enduring Afterburner,单元推进持久型10MN加力燃烧器,
type,10MN Y-S8 Compact Afterburner,Y-S8紧凑型10MN加力燃烧器,
type,10th Tier Overseer's Personal Effects,10级监察官的个人财产,
type,11th Tier Overseer's Personal Effects,11级监察官的个人财产,
type,1200mm Artillery Cannon I,1200mm加农火炮 I,
type,1200mm Artillery Cannon II,1200mm加农火炮 II,
type,1200mm Heavy 'Jolt' Artillery I,1200mm重型摇摆火炮 I,
type,1200mm Heavy 'Scout' Artillery I,1200mm重型侦查员火炮 I,
type,1200mm Heavy Carbine Howitzer I,1200mm重型卡宾榴弹炮 I,
type,1200mm Heavy Gallium Cannon,1200mm重型镓金属加农炮,
type,1200mm Heavy Prototype Siege Cannon,1200mm重型尖端型会战型加农炮,
type,125mm 'Scout' Accelerator Cannon,125mm侦查员飞速加农炮 I,
type,125mm Carbide Railgun I,125mm碳化物磁轨炮 I,
type,125mm Compressed Coil Gun I,125mm压缩型线圈炮 I,
type,125mm Gatling AutoCannon I,125mm加特林自动加农炮 I,
type,125mm Gatling AutoCannon II,125mm加特林自动加农炮 II,
type,125mm Light 'Scout' Autocannon I,125mm轻型侦查员自动加农炮 I,
type,125mm Light Carbine Repeating Cannon I,125mm轻型卡宾频射加农炮 I,
type,125mm Light Gallium Machine Gun,125mm轻型镓金属机关炮,
type,125mm Light Prototype Automatic Cannon,125mm轻型尖端型自动加农炮,
type,125mm Prototype Gauss Gun,125mm尖端型高斯炮 I,
type,125mm Railgun I,125mm磁轨炮 I,
type,125mm Railgun II,125mm磁轨炮 II,
type,12th Tier Overseer's Personal Effects,12级监察官的个人财产,
type,13th Tier Overseer's Personal Effects,13级监察官的个人财产,
type,1400mm 'Jolt' Artillery I,1400mm摇摆火炮 I,
type,1400mm 'Scout' Artillery I,1400mm侦查员火炮 I,
type,1400mm Carbine Howitzer I,1400mm卡宾榴弹炮 I,
type,1400mm Gallium Cannon,1400mm镓金属加农炮,
type,1400mm Howitzer Artillery I,1400mm榴弹炮 I,
type,1400mm Howitzer Artillery II,1400mm榴弹炮 II,
type,1400mm Prototype Siege Cannon,1400mm尖端型会战型加农炮,
type,14th Tier Overseer's Personal Effects,14级监察官的个人财产,
type,150mm 'Musket' Railgun,150mm茅斯卡特磁轨炮,
type,150mm 'Scout' Accelerator Cannon,150mm侦查员飞速加农炮 I,
type,150mm Carbide Railgun I,150mm碳化物磁轨炮 I,
type,150mm Compressed Coil Gun I,150mm压缩型线圈炮 I,
type,150mm Light 'Scout' Autocannon I,150mm轻型侦查员自动加农炮 I,
type,150mm Light AutoCannon I,150mm轻型自动加农炮 I,
type,150mm Light AutoCannon II,150mm轻型自动加农炮 II,
type,150mm Light Carbine Repeating Cannon I,150mm轻型卡宾频射加农炮 I,
type,150mm Light Gallium Machine Gun,150mm轻型镓金属机关炮,
type,150mm Light Prototype Automatic Cannon,150mm轻型尖端型自动加农炮,
type,150mm Prototype Gauss Gun,150mm尖端型高斯炮 I,
type,150mm Railgun I,150mm磁轨炮 I,
type,150mm Railgun II,150mm磁轨炮 II,
type,15th Tier Overseer's Personal Effects,15级监察官的个人财产,
type,1600mm Crystalline Carbonide Restrained Plates,1600mm抑制型碳化晶体附甲板,
type,1600mm Rolled Tungsten Compact Plates,1600mm紧凑型包金钨附甲板,
type,1600mm Steel Plates I,1600mm钢附甲板 I,
type,1600mm Steel Plates II,1600mm钢附甲板 II,
type,16th Tier Overseer's Personal Effects,16级监察官的个人财产,
type,17th Tier Overseer's Personal Effects,17级监察官的个人财产,
type,18th Tier Overseer's Personal Effects,18级监察官的个人财产,
type,19th Tier Overseer's Personal Effects,19级监察官的个人财产,
type,1M Bounty SCC Encrypted Bond,100万赏金加密债券,
type,1MN Afterburner I,1MN加力燃烧器 I,
type,1MN Afterburner II,1MN加力燃烧器 II,
type,1MN Analog Booster Afterburner,1MN模拟助推加力燃烧器,
type,1MN Civilian Afterburner,1MN民用加力燃烧器,
type,1MN Monopropellant Enduring Afterburner,单元推进持久型1MN加力燃烧器,
type,1MN Y-S8 Compact Afterburner,Y-S8紧凑型1MN加力燃烧器,
type,1st Tier Overseer's Personal Effects,1级监察官的个人财产,
type,200mm 'Scout' Accelerator Cannon,200mm侦查员飞速加农炮 I,
type,200mm AutoCannon I,200mm自动加农炮 I,
type,200mm AutoCannon II,200mm自动加农炮 II,
type,200mm Carbide Railgun I,200mm碳化物磁轨炮 I,
type,200mm Compressed Coil Gun I,200mm压缩型线圈炮 I,
type,200mm Crystalline Carbonide Restrained Plates,200mm抑制型碳化晶体附甲板,
type,200mm Light 'Jolt' Autocannon I,200mm轻型摇摆自动加农炮 I,
type,200mm Light 'Scout' Autocannon I,200mm轻型侦查员自动加农炮 I,
type,200mm Light Carbine Repeating Cannon I,200mm轻型卡宾频射加农炮 I,
type,200mm Light Gallium Machine Gun,200mm轻型镓金属机关炮,
type,200mm Light Prototype Automatic Cannon,200mm轻型尖端型自动加农炮,
type,200mm Prototype Gauss Gun,200mm尖端型高斯炮 I,
type,200mm Railgun I,200mm磁轨炮 I,
type,200mm Railgun II,200mm磁轨炮 II,
type,200mm Rolled Tungsten Compact Plates,200mm紧凑型包金钨附甲板,
type,200mm Steel Plates I,200mm钢附甲板 I,
type,200mm Steel Plates II,200mm钢附甲板 II,
type,20th Tier Overseer's Personal Effects,20级监察官的个人财产,
type,21st Tier Overseer's Personal Effects,21级监察官的个人财产,
type,220mm Medium 'Scout' Autocannon I,220mm中型侦查员自动加农炮 I,
type,220mm Medium Carbine Repeating Cannon I,220mm中型卡宾频射加农炮 I,
type,220mm Medium Gallium Machine Gun,220mm中型镓金属机关炮,
type,220mm Medium Prototype Automatic Cannon,220mm中型尖端型自动加农炮,
type,220mm Vulcan AutoCannon I,220mm火神自动加农炮 I,
type,220mm Vulcan AutoCannon II,220mm火神自动加农炮 II,
type,22nd Tier Overseer's Personal Effects,22级监察官的个人财产,
type,23rd Tier Overseer's Personal Effects,23级监察官的个人财产,
type,25000mm Crystalline Carbonide Restrained Plates,25000mm抑制型碳化晶体附甲板,
type,25000mm Rolled Tungsten Compact Plates,25000mm紧凑型包金钨附甲板,
type,25000mm Steel Plates I,25000mm钢附甲板 I,
type,25000mm Steel Plates II,25000mm钢附甲板 II,
type,250mm 'Flintlock' Railgun,250mm火石磁轨炮,
type,250mm 'Scout' Accelerator Cannon,250mm侦查员飞速加农炮 I,
type,250mm Carbide Railgun I,250mm碳化物磁轨炮 I,
type,250mm Compressed Coil Gun I,250mm压缩型线圈炮 I,
type,250mm Light 'Jolt' Artillery I,250mm轻型摇摆火炮 I,
type,250mm Light 'Scout' Artillery I,250mm轻型侦查员火炮 I,
type,250mm Light Artillery Cannon I,250mm轻型加农炮 I,
type,250mm Light Artillery Cannon II,250mm轻型加农炮 II,
type,250mm Light Carbine Howitzer I,250mm轻型卡宾榴弹炮 I,
type,250mm Light Gallium Cannon,250mm轻型镓金属加农炮,
type,250mm Light Prototype Siege Cannon,250mm轻型尖端型会战型加农炮,
type,250mm Prototype Gauss Gun,250mm尖端型高斯炮 I,
type,250mm Railgun I,250mm磁轨炮 I,
type,250mm Railgun II,250mm磁轨炮 II,
type,280mm 'Jolt' Artillery I,280mm摇摆火炮 I,
type,280mm 'Scout' Artillery I,280mm侦查员火炮 I,
type,280mm Carbine Howitzer I,280mm卡宾榴弹炮 I,
type,280mm Gallium Cannon,280mm镓金属加农炮,
type,280mm Howitzer Artillery I,280mm榴弹炮 I,
type,280mm Howitzer Artillery II,280mm榴弹炮 II,
type,280mm Prototype Siege Cannon,280mm尖端型会战型加农炮,
type,2nd Tier Overseer's Personal Effects,2级监察官的个人财产,
type,350mm 'Scout' Accelerator Cannon,350mm侦查员飞速加农炮 I,
type,350mm Carbide Railgun I,350mm碳化物磁轨炮 I,
type,350mm Compressed Coil Gun I,350mm压缩型线圈炮 I,
type,350mm Prototype Gauss Gun,350mm尖端型高斯炮 I,
type,350mm Railgun I,350mm磁轨炮 I,
type,350mm Railgun II,350mm磁轨炮 II,
type,3rd Tier Overseer's Personal Effects,3级监察官的个人财产,
type,400mm Crystalline Carbonide Restrained Plates,400mm抑制型碳化晶体附甲板,
type,400mm Rolled Tungsten Compact Plates,400mm紧凑型包金钨附甲板,
type,400mm Steel Plates I,400mm钢附甲板 I,
type,400mm Steel Plates II,400mm钢附甲板 II,
type,41F Veiled Targeting Unit,41F隐蔽锁定元件,
type,425mm 'Popper' Railgun,425mm纽扣磁轨炮,
type,425mm 'Scout' Accelerator Cannon,425mm侦查员飞速加农炮 I,
type,425mm AutoCannon I,425mm自动加农炮 I,
type,425mm AutoCannon II,425mm自动加农炮 II,
type,425mm Carbide Railgun I,425mm碳化物磁轨炮 I,
type,425mm Compressed Coil Gun I,425mm压缩型线圈炮 I,
type,425mm Medium 'Jolt' Autocannon I,425mm中型摇摆自动加农炮 I,
type,425mm Medium 'Scout' Autocannon I,425mm中型侦查员自动加农炮 I,
type,425mm Medium Carbine Repeating Cannon I,425mm中型卡宾频射加农炮 I,
type,425mm Medium Gallium Machine Gun,425mm中型镓金属机关炮,
type,425mm Medium Prototype Automatic Cannon,425mm中型尖端型自动加农炮,
type,425mm Prototype Gauss Gun,425mm尖端型高斯炮 I,
type,425mm Railgun I,425mm磁轨炮 I,
type,425mm Railgun II,425mm磁轨炮 II,
type,4th Tier Overseer's Personal Effects,4级监察官的个人财产,
type,50000MN Cold-Gas Enduring Microwarpdrive,冷气持久型50000MN微型跃迁推进器,
type,50000MN Microwarpdrive I,50000MN微型跃迁推进器 I,
type,50000MN Microwarpdrive II,50000MN微型跃迁推进器 II,
type,50000MN Quad LiF Restrained Microwarpdrive,四联氟化锂抑制型50000MN微型跃迁推进器,
type,50000MN Y-T8 Compact Microwarpdrive,Y-T8紧凑型50000MN微型跃迁推进器,
type,500MN Cold-Gas Enduring Microwarpdrive,冷气持久型500MN微型跃迁推进器,
type,500MN Digital Booster Microwarpdrive,500MN数字助推微型跃迁推进器,
type,500MN Microwarpdrive I,500MN微型跃迁推进器 I,
type,500MN Microwarpdrive II,500MN微型跃迁推进器 II,
type,500MN Quad LiF Restrained Microwarpdrive,四联氟化锂抑制型500MN微型跃迁推进器,
type,500MN Y-T8 Compact Microwarpdrive,Y-T8紧凑型500MN微型跃迁推进器,
type,50MN Cold-Gas Enduring Microwarpdrive,冷气持久型50MN微型跃迁推进器,
type,50MN Digital Booster Microwarpdrive,50MN数字助推微型跃迁推进器,
type,50MN Microwarpdrive I,50MN微型跃迁推进器 I,
type,50MN Microwarpdrive II,50MN微型跃迁推进器 II,
type,50MN Quad LiF Restrained Microwarpdrive,四联氟化锂抑制型50MN微型跃迁推进器,
type,50MN Y-T8 Compact Microwarpdrive,Y-T8紧凑型50MN微型跃迁推进器,
type,5MN Cold-Gas Enduring Microwarpdrive,冷气持久型5MN微型跃迁推进器,
type,5MN Digital Booster Microwarpdrive,5MN数字助推微型跃迁推进器,
type,5MN Microwarpdrive I,5MN微型跃迁推进器 I,
type,5MN Microwarpdrive II,5MN微型跃迁推进器 II,
type,5MN Quad LiF Restrained Microwarpdrive,四联氟化锂抑制型5MN微型跃迁推进器,
type,5MN Y-T8 Compact Microwarpdrive,Y-T8紧凑型5MN微型跃迁推进器,
type,5th Tier Overseer's Personal Effects,5级监察官的个人财产,
type,650mm Artillery Cannon I,650mm加农炮 I,
type,650mm Artillery Cannon II,650mm加农炮 II,
type,650mm Medium 'Jolt' Artillery I,650mm中型摇摆火炮 I,
type,650mm Medium 'Scout' Artillery I,650mm中型侦查员火炮 I,
type,650mm Medium Carbine Howitzer I,650mm中型卡宾榴弹炮 I,
type,650mm Medium Gallium Cannon,650mm中型镓金属加农炮,
type,650mm Medium Prototype Siege Cannon,650mm中型尖端型会战型加农炮,
type,6th Tier Overseer's Personal Effects,6级监察官的个人财产,
type,720mm 'Jolt' Artillery I,720mm摇摆火炮 I,
type,720mm 'Scout' Artillery I,720mm侦查员火炮 I,
type,720mm Carbine Howitzer I,720mm卡宾榴弹炮 I,
type,720mm Gallium Cannon,720mm镓金属加农炮,
type,720mm Howitzer Artillery I,720mm榴弹炮 I,
type,720mm Howitzer Artillery II,720mm榴弹炮 II,
type,720mm Prototype Siege Cannon,720mm尖端型会战型加农炮,
type,75mm 'Scout' Accelerator Cannon,75mm侦查员飞速加农炮 I,
type,75mm Carbide Railgun I,75mm碳化物磁轨炮 I,
type,75mm Compressed Coil Gun I,75mm压缩型线圈炮 I,
type,75mm Gatling Rail I,75mm加特林磁轨炮 I,
type,75mm Gatling Rail II,75mm加特林磁轨炮 II,
type,75mm Prototype Gauss Gun,75mm尖端型高斯炮 I,
type,7th Tier Overseer's Personal Effects,7级监察官的个人财产,
type,800mm Crystalline Carbonide Restrained Plates,800mm抑制型碳化晶体附甲板,
type,800mm Heavy 'Jolt' Repeating Cannon I,800mm重型摇摆频射加农炮 I,
type,800mm Heavy 'Scout' Repeating Cannon I,800mm重型侦查员频射加农炮 I,
type,800mm Heavy Carbine Repeating Cannon I,800mm重型卡宾频射加农炮 I,
type,800mm Heavy Gallium Repeating Cannon,800mm重型镓金属频射加农炮,
type,800mm Heavy Prototype Automatic Cannon,800mm重型尖端型自动加农炮,
type,800mm Repeating Cannon I,800mm频射加农炮 I,
type,800mm Repeating Cannon II,800mm频射加农炮 II,
type,800mm Rolled Tungsten Compact Plates,800mm紧凑型包金钨附甲板,
type,800mm Steel Plates I,800mm钢附甲板 I,
type,800mm Steel Plates II,800mm钢附甲板 II,
type,8th Tier Overseer's Personal Effects,8级监察官的个人财产,
type,9th Tier Overseer's Personal Effects,9级监察官的个人财产,
type,A-211 Enduring Guidance Disruptor,A-211持久型制导干扰器,
type,Abaddon,地狱天使级,ship
type,Absolution,救赎级,ship
type,Abyssal Asteroid Mining Crystal Type A I,深渊小行星采集晶体A型 I,
type,Abyssal Asteroid Mining Crystal Type A II,深渊小行星采集晶体A型 II,
type,Abyssal Asteroid Mining Crystal Type B I,深渊小行星采集晶体B型 I,
type,Abyssal Asteroid Mining Crystal Type B II,深渊小行星采集晶体B型 II,
type,Abyssal Asteroid Mining Crystal Type C I,深渊小行星采集晶体C型 I,
type,Abyssal Asteroid Mining Crystal Type C II,深渊小行星采集晶体C型 II,
type,Ace of Podhunters Firework,猎蛋者精英焰火,
type,Acolyte EV-300,侍僧EV-300,
type,Acolyte I,侍僧 I,
type,Acolyte II,侍僧 II,
type,Acolyte TD-300,侍僧TD-300,
type,Active Shielding Charge,主动护盾防御弹药,
type,Activists,活跃分子,
type,Admixti Mutanite,艾德米克提突变石,
type,Adrestia,复仇女神级,ship
type,Advanced 'Limos' Heavy Missile Bay I,高级房车重型导弹发射舱 I,
type,Advanced Large Ship Assembly Array,高级大型舰船组装阵列,
type,Advanced Medium Ship Assembly Array,高级中型舰船组装阵列,
type,Advanced Small Ship Assembly Array,高级小型舰船组装阵列,
type,AE-K Compact Drone Damage Amplifier,AE-K紧凑型无人机伤害增效装置,
type,AEGIS Covert Operations Reports,统合部紧急干预和安全局隐秘行动报告,
type,AEGIS Fortification Schematics,统合部紧急干预和安全局防御工事图纸,
type,AEGIS Personnel File Backups,统合部紧急干预和安全局人事档案备份,
type,AEGIS Security Patrol Reports,统合部紧急干预和安全局安全巡逻队报告,
type,Aeon,万古级,ship
type,Aergia Compact Magnetometric ECM,强制紧凑型磁力ECM,
type,Affirmative. Modified Entosis Link,改良型侵噬链接 A型,
type,Afocal Precise Dual Giga Beam Laser,无焦点精准双联千兆级集束激光器,
type,Afocal Precise Dual Giga Pulse Laser,无焦点精准双联千兆级脉冲激光器,
type,Afocal Precise Quad Mega Pulse Laser,无焦点精准四联超级脉冲激光器,
type,AG-Composite Molecular Condenser,AG复合分子冷凝器,
type,Agency 'Hardshell' TB3 Dose I,星际代理处‘硬壳’TB3药剂 I,
type,Agency 'Hardshell' TB5 Dose II,星际代理处‘硬壳’TB5药剂 II,
type,Agency 'Hardshell' TB7 Dose III,星际代理处‘硬壳’TB7药剂 III,
type,Agency 'Hardshell' TB9 Dose IV,星际代理处‘硬壳’TB9药剂 IV,
type,Agency 'Overclocker' SB3 Dose I,星际代理处‘调频’SB3药剂 I,
type,Agency 'Overclocker' SB5 Dose II,星际代理处‘调频’SB5药剂 II,
type,Agency 'Overclocker' SB7 Dose III,星际代理处‘调频’SB7药剂 III,
type,Agency 'Overclocker' SB9 Dose IV,星际代理处‘调频’SB9药剂 IV,
type,Agency 'Pyrolancea' DB3 Dose I,星际代理处‘火枪’DB3药剂 I,
type,Agency 'Pyrolancea' DB5 Dose II,星际代理处‘火枪’DB5药剂 II,
type,Agency 'Pyrolancea' DB7 Dose III,星际代理处‘火枪’DB7药剂 III,
type,Agency 'Pyrolancea' DB9 Dose IV,星际代理处‘火枪’DB9药剂 IV,
type,Agency Support Drop,星际代理处后勤包裹,
type,Agitated Dark Filament,焦躁黑暗深渊纤维,
type,Agitated Electrical Filament,焦躁电子深渊纤维,
type,Agitated Exotic Filament,焦躁异种深渊纤维,
type,Agitated Firestorm Filament,焦躁火瀑深渊纤维,
type,Agitated Gamma Filament,焦躁伽玛深渊纤维,
type,Ahremen Arkah's Tag,阿勒门·阿卡的铭牌,
type,Ahremen's Modified Cap Recharger,阿勒门氏改良型电容回充器,
type,Ahremen's Modified Capacitor Power Relay,阿勒门氏改良型电容能源继电器,
type,Ahremen's Modified Dual Heavy Pulse Laser,阿勒门氏改良型双联重型脉冲激光器,
type,Ahremen's Modified EM Armor Hardener,阿勒门氏改良型电磁装甲增强器,
type,Ahremen's Modified EM Coating,阿勒门氏改良型电磁涂层,
type,Ahremen's Modified EM Energized Membrane,阿勒门氏改良型电磁电压薄膜,
type,Ahremen's Modified Explosive Armor Hardener,阿勒门氏改良型爆炸装甲增强器,
type,Ahremen's Modified Explosive Coating,阿勒门氏改良型爆炸涂层,
type,Ahremen's Modified Explosive Energized Membrane,阿勒门氏改良型爆炸电压薄膜,
type,Ahremen's Modified Heat Sink,阿勒门氏改良型散热槽,
type,Ahremen's Modified Heavy Capacitor Booster,阿勒门氏改良型重型电容注电器,
type,Ahremen's Modified Heavy Energy Neutralizer,阿勒门氏改良型重型能量中和器,
type,Ahremen's Modified Heavy Energy Nosferatu,阿勒门氏改良型重型掠能器,
type,Ahremen's Modified Kinetic Armor Hardener,阿勒门氏改良型动能装甲增强器,
type,Ahremen's Modified Kinetic Coating,阿勒门氏改良型动能涂层,
type,Ahremen's Modified Kinetic Energized Membrane,阿勒门氏改良型动能电压薄膜,
type,Ahremen's Modified Large Armor Repairer,阿勒门氏改良大型装甲维修器,
type,Ahremen's Modified Large EMP Smartbomb,阿勒门氏改良大型EMP立体炸弹,
type,Ahremen's Modified Mega Pulse Laser,阿勒门氏改良型超级脉冲激光器,
type,Ahremen's Modified Multispectrum Coating,阿勒门氏改良型多谱式涂层,
type,Ahremen's Modified Multispectrum Energized Membrane,阿勒门氏改良型多谱式电压薄膜,
type,Ahremen's Modified Power Diagnostic System,阿勒门氏改良型能源诊断系统,
type,Ahremen's Modified Reactor Control Unit,阿勒门氏改良型反应堆控制元件,
type,Ahremen's Modified Thermal Armor Hardener,阿勒门氏改良型热能装甲增强器,
type,Ahremen's Modified Thermal Coating,阿勒门氏改良型热能涂层,
type,Ahremen's Modified Thermal Energized Membrane,阿勒门氏改良型热能电压薄膜,
type,Alfven Enduring Remote Tracking Computer,艾弗雯持久型远距索敌计算机,
type,Algos,阿尔格斯级,ship
type,Algos Navy Issue,阿尔格斯级海军型,ship
type,Allecto's Modified Medium Multispectrum Smartbomb,阿莱克托改良中型多谱式立体炸弹,
type,Alligator,短吻鳄级,ship
type,Allotek Industries Strong Box,阿洛特工业保险柜,
type,Alloyed Tritanium Bar,三钛合金条,
type,Alumel-Wired Enduring Sensor Booster,电偶合金线持久型感应增强器,
type,Amarr Control Tower,艾玛控制塔,
type,Amarr Control Tower Medium,艾玛中型控制塔,
type,Amarr Control Tower Small,艾玛小型控制塔,
type,Amarr Decoder Package,艾玛解码器包裹,
type,Amarr Empire Slave Trader Insignia,艾玛帝国劳工中介人铭牌,
type,Amarr Empire Starbase Charter,艾玛帝国母星宪章,
type,Amarr Encoder Splice,艾玛编码器接片,
type,Amarr KIU-1 Nexus Chip,艾玛KIU-1关联芯片,
type,Amarr Listening Outpost,艾玛监听哨站,
type,Amarr Loyalty Token,艾玛忠诚点凭证,
type,Amarr MIY-1 Nexus Chip,艾玛MIY-1关联芯片,
type,Amarr Phenomena Generator,艾玛现象发生器,
type,Amarr Propaganda Broadcast Structure,艾玛广播宣传建筑,
type,Amarr Shuttle,艾玛穿梭机,ship
type,Amarr TIL-1 Nexus Chip,艾玛TIL-1关联芯片,
type,Amarrian Wheat,艾玛小麦,
type,Ametat I,阿米特 I,
type,Ametat II,阿米特 II,
type,AML Compact Omnidirectional Tracking Link,AML紧凑型全方位索敌连接,
type,Ammatar Mandate Starbase Charter,艾玛达特统区母星宪章,
type,Ammatar Navy Cap Recharger,艾玛达海军电容回充器,
type,Ammatar Navy Capacitor Power Relay,艾玛达海军电容能源继电器,
type,Ammatar Navy Captain Insignia I,艾玛达海军舰长勋章I,
type,Ammatar Navy Colonel Insignia I,艾玛达海军上校勋章I,
type,Ammatar Navy Colonel Insignia II,艾玛达海军上校勋章II,
type,Ammatar Navy Dual Heavy Beam Laser,艾玛达海军双联重型集束激光器,
type,Ammatar Navy Dual Heavy Pulse Laser,艾玛达海军双联重型脉冲激光器,
type,Ammatar Navy Dual Light Beam Laser,艾玛达海军双联轻型集束激光器,
type,Ammatar Navy Dual Light Pulse Laser,艾玛达海军双联轻型脉冲激光器,
type,Ammatar Navy EM Armor Hardener,艾玛达海军电磁装甲增强器,
type,Ammatar Navy EM Coating,艾玛达海军电磁涂层,
type,Ammatar Navy EM Energized Membrane,艾玛达海军电磁电压薄膜,
type,Ammatar Navy Explosive Armor Hardener,艾玛达海军爆炸装甲增强器,
type,Ammatar Navy Explosive Coating,艾玛达海军爆炸涂层,
type,Ammatar Navy Explosive Energized Membrane,艾玛达海军爆炸电压薄膜,
type,Ammatar Navy Fleet Commander Insignia,艾玛达海军舰队指挥官勋章,
type,Ammatar Navy Focused Medium Beam Laser,艾玛达海军聚焦中型集束激光器,
type,Ammatar Navy Focused Medium Pulse Laser,艾玛达海军聚焦中型脉冲激光器,
type,Ammatar Navy Gatling Pulse Laser,艾玛达海军加特林脉冲激光器,
type,Ammatar Navy Heat Sink,艾玛达海军散热槽,
type,Ammatar Navy Heavy Beam Laser,艾玛达海军重型集束激光器,
type,Ammatar Navy Heavy Capacitor Booster,艾玛达海军重型电容注电器,
type,Ammatar Navy Heavy Energy Neutralizer,艾玛达海军重型能量中和器,
type,Ammatar Navy Heavy Energy Nosferatu,艾玛达海军重型掠能器,
type,Ammatar Navy Heavy Pulse Laser,艾玛达海军重型脉冲激光器,
type,Ammatar Navy Kinetic Armor Hardener,艾玛达海军动能装甲增强器,
type,Ammatar Navy Kinetic Coating,艾玛达海军动能涂层,
type,Ammatar Navy Kinetic Energized Membrane,艾玛达海军动能电压薄膜,
type,Ammatar Navy Large Armor Repairer,艾玛达海军大型装甲维修器,
type,Ammatar Navy Large EMP Smartbomb,艾玛达海军大型EMP立体炸弹,
type,Ammatar Navy Major Insignia I,艾玛达海军少校勋章I,
type,Ammatar Navy Major Insignia II,艾玛达海军少校勋章II,
type,Ammatar Navy Medium Armor Repairer,艾玛达海军中型装甲维修器,
type,Ammatar Navy Medium Capacitor Booster,艾玛达海军中型电容注电器,
type,Ammatar Navy Medium EMP Smartbomb,艾玛达海军中型EMP立体炸弹,
type,Ammatar Navy Medium Energy Neutralizer,艾玛达海军中型能量中和器,
type,Ammatar Navy Medium Energy Nosferatu,艾玛达海军中型掠能器,
type,Ammatar Navy Mega Beam Laser,艾玛达海军超级集束激光器,
type,Ammatar Navy Mega Pulse Laser,艾玛达海军超级脉冲激光器,
type,Ammatar Navy Micro EMP Smartbomb,艾玛达海军微型EMP立体炸弹,
type,Ammatar Navy Midshipman Insignia I,艾玛达海军预备军官勋章I,
type,Ammatar Navy Midshipman Insignia II,艾玛达海军预备军官勋章II,
type,Ammatar Navy Midshipman Insignia III,艾玛达海军预备军官勋章III,
type,Ammatar Navy Multispectrum Coating,艾玛达海军多谱式涂层,
type,Ammatar Navy Multispectrum Energized Membrane,艾玛达海军多谱式电压薄膜,
type,Ammatar Navy Power Diagnostic System,艾玛达海军能源诊断系统,
type,Ammatar Navy Quad Beam Laser,艾玛达海军四联集束激光器,
type,Ammatar Navy Raid Leader Insignia,艾玛达海军突击队长勋章,
type,Ammatar Navy Reactor Control Unit,艾玛达海军反应堆控制元件,
type,Ammatar Navy Sergeant Elite Insignia,艾玛达海军中士精英勋章,
type,Ammatar Navy Sergeant Insignia I,艾玛达海军中士勋章I,
type,Ammatar Navy Sergeant Insignia II,艾玛达海军中士勋章II,
type,Ammatar Navy Sergeant Insignia III,艾玛达海军中士勋章III,
type,Ammatar Navy Sergeant Major Insignia I,艾玛达海军军士长勋章I,
type,Ammatar Navy Small Armor Repairer,艾玛达海军小型装甲维修器,
type,Ammatar Navy Small Capacitor Booster,艾玛达海军小型电容注电器,
type,Ammatar Navy Small EMP Smartbomb,艾玛达海军小型EMP立体炸弹,
type,Ammatar Navy Small Energy Neutralizer,艾玛达海军小型能量中和器,
type,Ammatar Navy Small Energy Nosferatu,艾玛达海军小型掠能器,
type,Ammatar Navy Small Focused Beam Laser,艾玛达海军小型聚焦集束激光器,
type,Ammatar Navy Small Focused Pulse Laser,艾玛达海军小型聚焦脉冲激光器,
type,Ammatar Navy Squad Leader Insignia,艾玛达海军小队长勋章,
type,Ammatar Navy Tachyon Beam Laser,艾玛达海军超光速粒子集束激光器,
type,Ammatar Navy Thermal Armor Hardener,艾玛达海军热能装甲增强器,
type,Ammatar Navy Thermal Coating,艾玛达海军热能涂层,
type,Ammatar Navy Thermal Energized Membrane,艾玛达海军热能电压薄膜,
type,Ammatar Slave Trader Insignia,艾玛达劳工中介人铭牌,
type,Ammunition Assembly Array,弹药组装阵列,
type,Amperum Mutanite,安培突变石,
type,Ample Compounds,充裕型化合物,
type,Ample Conductors,充裕型导体,
type,Ample Electronics,充裕型电子元件,
type,Ample Gallium Quad 800mm Repeating Cannon,充裕型镓金属四联800mm频射加农炮,
type,Analog Panel,模拟面板,
type,Anathema,咒逐级,ship
type,Ancient Coordinates Database,古代坐标系数据库,
type,Ancient Radar Decorrelator,上古雷达解联器,
type,Angel Advanced Trigger Mechanism,天使集团高级触发机关,
type,Angel Brass Tag,天使集团黄铜铭牌,
type,Angel Bronze Tag,天使集团青铜铭牌,
type,Angel Cargo Concealment Unit Remains,天使货物隐蔽装置残骸,
type,Angel Control Tower,天使控制塔,
type,Angel Control Tower Medium,天使中型控制塔,
type,Angel Control Tower Small,天使小型控制塔,
type,Angel Copper Tag,天使集团铜质铭牌,
type,Angel Crystal Tag,天使集团水晶铭牌,
type,Angel Diamond Tag,天使集团钻石铭牌,
type,Angel Dynamic Calibrator,天使集团动态校准仪,
type,Angel Electrum Tag,天使集团合金铭牌,
type,Angel Gold Tag,天使集团黄金铭牌,
type,Angel Insurgency Data Sequence,天使叛乱数据序列,
type,Angel Large Artillery Battery,天使大型火炮塔台,
type,Angel Large AutoCannon Battery,天使大型自动加农炮塔台,
type,Angel Medium Artillery Battery,天使中型火炮塔台,
type,Angel Medium AutoCannon Battery,天使中型自动加农炮塔台,
type,Angel NET Resonator,天使NET共振器,
type,Angel Palladium Tag,天使集团钯金铭牌,
type,Angel Platinum Tag,天使集团白金铭牌,
type,Angel Silver Tag,天使集团银质铭牌,
type,Angel Simple Trigger Mechanism,天使集团简易触发机关,
type,Angel Small Artillery Battery,天使小型火炮塔台,
type,Angel Small AutoCannon Battery,天使小型自动加农炮塔台,
type,Angel Spatial Analyzer,天使集团空间分析仪,
type,Angel Standard Trigger Mechanism,天使集团标准触发机关,
type,Angel Stasis Webification Battery,天使停滞缠绕光束发射台,
type,Angels Arisen Firework,天使崛起烟火,
type,Anhinga,蛇鹈号,ship
type,Anode Electron Particle Cannon I,阳极电子加农炮 I,
type,Anode Ion Particle Cannon I,阳极离子加农炮 I,
type,Anode Light Electron Particle Cannon I,阳极轻型电子加农炮 I,
type,Anode Light Ion Particle Cannon I,阳极轻型离子加农炮 I,
type,Anode Light Neutron Particle Cannon I,阳极轻型中子加农炮 I,
type,Anode Mega Electron Particle Cannon I,阳极超级电子加农炮 I,
type,Anode Mega Ion Particle Cannon I,阳极超级离子加农炮 I,
type,Anode Mega Neutron Particle Cannon I,阳极超级中子加农炮 I,
type,Anode Neutron Particle Cannon I,阳极中子加农炮 I,
type,Anode Scoped Dual Giga Beam Laser,阳极视野型双联千兆级集束激光器,
type,Anode Scoped Dual Giga Pulse Laser,阳极视野型双联千兆级脉冲激光器,
type,Anode Scoped Ion Siege Blaster,阳极视野型离子会战疾速炮,
type,Anode Scoped Quad Mega Pulse Laser,阳极视野型四联超级脉冲激光器,
type,Anode Scoped Triple Neutron Blaster Cannon,阳极视野型三中子疾速加农炮,
type,Anshar,安莎尔级,ship
type,Ansiblex Jump Bridge,安塞波跳跃桥接,structure
type,Antaeus I,安泰 I,
type,Antaeus II,安泰 II,
type,Antibiotics,抗生素,
type,Antikythera Element,安提基特拉元素,
type,Antimatter Charge L,反物质轨道弹 L,
type,Antimatter Charge M,反物质轨道弹 M,
type,Antimatter Charge S,反物质轨道弹 S,
type,Antimatter Charge XL,反物质轨道弹 XL,
type,Antimatter Reactor Unit,反物质反应堆组件,
type,Antipharmakon Aeolis,抗药的伊奥利亚,
type,Antipharmakon Iokira,抗药的爱奥尼亚,
type,Antipharmakon Kosybo,抗药的科西波,
type,Antipharmakon Thureo,抗药的图里奥,
type,Antipharmakon Toxot,抗药的拖克索,
type,Apocalypse,灾难级,ship
type,Apocalypse Imperial Issue,灾难级帝国型,ship
type,Apocalypse Navy Issue,灾难级海军型,ship
type,Apostle,使徒级,ship
type,Apotheosis,神圣穿梭机,ship
type,Aralez,翼灵级,
type,Arazu,埃拉兹级,ship
type,Arbalest Compact Light Missile Launcher,劲弩紧凑型轻型导弹发射器,
type,Arbalest Compact Rapid Torpedo Launcher,劲弩紧凑型快速鱼雷发射器,
type,Arbalest Compact XL Cruise Missile Launcher,劲弩紧凑型超大型巡航导弹发射器,
type,Arbalest Compact XL Torpedo Launcher,劲弩紧凑型超大型鱼雷发射器,
type,Arbitrator,主宰级,ship
type,Arch Angel Carbonized Lead L,大天使碳铅弹 L,
type,Arch Angel Carbonized Lead M,大天使碳铅弹 M,
type,Arch Angel Carbonized Lead S,大天使碳铅弹 S,
type,Arch Angel Carbonized Lead XL,大天使碳铅弹 XL,
type,Arch Angel Depleted Uranium L,大天使贫铀弹 L,
type,Arch Angel Depleted Uranium M,大天使贫铀弹 M,
type,Arch Angel Depleted Uranium S,大天使贫铀弹 S,
type,Arch Angel Depleted Uranium XL,大天使贫铀弹 XL,
type,Arch Angel EMP L,大天使电磁脉冲弹 L,
type,Arch Angel EMP M,大天使电磁脉冲弹 M,
type,Arch Angel EMP S,大天使电磁脉冲弹 S,
type,Arch Angel EMP XL,大天使电磁脉冲弹 XL,
type,Arch Angel Fusion L,大天使聚变弹 L,
type,Arch Angel Fusion M,大天使聚变弹 M,
type,Arch Angel Fusion S,大天使聚变弹 S,
type,Arch Angel Fusion XL,大天使聚变弹 XL,
type,Arch Angel Nuclear L,大天使核芯弹 L,
type,Arch Angel Nuclear M,大天使核芯弹 M,
type,Arch Angel Nuclear S,大天使核芯弹 S,
type,Arch Angel Nuclear XL,大天使核芯弹 XL,
type,Arch Angel Phased Plasma L,大天使定相等离子弹 L,
type,Arch Angel Phased Plasma M,大天使定相等离子弹 M,
type,Arch Angel Phased Plasma S,大天使定相等离子弹 S,
type,Arch Angel Phased Plasma XL,大天使定相等离子弹 XL,
type,Arch Angel Proton L,大天使质子弹 L,
type,Arch Angel Proton M,大天使质子弹 M,
type,Arch Angel Proton S,大天使质子弹 S,
type,Arch Angel Proton XL,大天使质子弹 XL,
type,Arch Angel Titanium Sabot L,大天使钛合金萨博弹 L,
type,Arch Angel Titanium Sabot M,大天使钛合金萨博弹 M,
type,Arch Angel Titanium Sabot S,大天使钛合金萨博弹 S,
type,Arch Angel Titanium Sabot XL,大天使钛合金萨博弹 XL,
type,Archon,执政官级,ship
type,Ares,阿瑞斯级,ship
type,Ark,方舟级,ship
type,Arkonor,艾克诺岩,
type,Arkonor II-Grade,艾克诺岩（2级）,
type,Arkonor III-Grade,艾克诺岩（3级）,
type,Arkonor IV-Grade,艾克诺岩（4级）,
type,Armageddon,末日沙场级,ship
type,Armageddon Imperial Issue,末日沙场级帝国型,ship
type,Armageddon Navy Issue,末日沙场级海军型,ship
type,Armor Blocks,装甲块,
type,Armor Command Burst I,装甲指挥脉冲波 I,
type,Armor Command Burst II,装甲指挥脉冲波 II,
type,Armor EM Resistance Script,装甲电磁抗性脚本,
type,Armor Energizing Charge,装甲电压强化弹药,
type,Armor Explosive Resistance Script,装甲爆炸抗性脚本,
type,Armor Kinetic Resistance Script,装甲动能抗性脚本,
type,Armor Mutaplasmid Residue,装甲突变质体残渣,
type,Armor Plates,装甲附甲板,
type,Armor Reinforcement Charge,装甲强化弹药,
type,Armor Thermal Resistance Script,装甲热能抗性脚本,
type,Armored Command Mindlink,装甲指挥思维网络芯片,
type,Arms Race Battlecruiser Assembler,军备竞赛战列巡洋舰组装包,
type,Arms Race Battleship Assembler,军备竞赛战列舰组装包,
type,Artificial Neural Network,人工神经网络,
type,Ashimmu,阿什姆级,ship
type,Asine's Modified 1MN Afterburner,阿希呢改良型1MN加力燃烧器,
type,Asine's Modified 5MN Microwarpdrive,阿希呢改良型5MN微型跃迁推进器,
type,Asine's Modified Assault Damage Control,阿希呢改良突击型损伤控制,
type,Asine's Modified Light Neutron Blaster,阿希呢改良轻型中子疾速炮,
type,Asine's Modified Small Armor Repairer,阿希呢改良小型装甲维修器,
type,Asine's Modified Small Remote Armor Repairer,阿希呢改良小型远程装甲维修器,
type,Assault Damage Control I,突击型损伤控制 I,
type,Assault Damage Control II,突击型损伤控制 II,
type,Astarte,阿施塔特级,ship
type,Astero,阿斯特罗级,ship
type,Astrahus,空堡,structure
type,Astrahus Upwell Quantum Core,空堡昇威量子芯,
type,Astral Mining Inc. Strong Box,星形矿业保险柜,
type,Astro-Inertial Compact Missile Guidance Computer,天文惯性紧凑型导弹制导计算机,
type,Astronautic Mutaplasmid Residue,空间技术突变质体残渣,
type,Atavum,阿塔文,
type,Athanor,阿塔诺,structure
type,Athanor Upwell Quantum Core,阿塔诺昇威量子芯,
type,Atmospheric Gases,标准大气,
type,Atron,阿特龙级,ship
type,Augoror,奥格诺级,ship
type,Augoror Navy Issue,奥格诺级海军型,ship
type,Aurora L,极光 L,
type,Aurora M,极光 M,
type,Aurora S,极光 S,
type,Aurora XL,极光 XL,
type,Authority Datacore,主控数据核心,
type,Auto Targeting System I,自动锁定系统 I,
type,Auto Targeting System II,自动锁定系统 II,
type,Auto-Integrity Preservation Seal,自动修复储藏装置密封,
type,Automated Targeting Unit I,自动锁定元件 I,
type,Autrech Voucher,奥特瑞奇凭证,
type,Auxiliary Parts,辅助零件,
type,AV-Composite Molecular Condenser,AV复合分子冷凝器,
type,Avalanche,雪崩级,ship
type,Avatar,神使级,ship
type,Axosomatic Neurolink Enhancer,轴体神经链接增强器,
type,Azariel,阿扎里尔级,ship
type,Azbel,阿兹贝尔,structure
type,Azbel Upwell Quantum Core,阿兹贝尔昇威量子芯,
type,B-53 Entangled GQD,B-53纠缠型GQD,
type,B-66 Entangled GQD,B-66纠缠型GQD,
type,B-79 Entangled GQD,B-79纠缠型GQD,
type,B-97 Entangled GQD,B-97纠缠型GQD,
type,Babaroga,巴巴罗加号,ship
type,Badger,獾级,ship
type,Baker Nunn Enduring Tracking Disruptor I,贝克伦持久型索敌扰断器 I,
type,Ballistic Control System I,弹道控制系统 I,
type,Ballistic Control System II,弹道控制系统 II,
type,Ballistic Deflection Array,弹道偏阻阵列,
type,Balmer Series Compact Tracking Disruptor I,巴尔默序列紧凑型索敌扰断器 I,
type,Bane,破坏者,ship
type,Bantam,矮脚鸡级,ship
type,Barbican Element,碉堡元素,
type,Barbican Index,碉堡索引,
type,Barbican Sequence 0,碉堡序列0,
type,Barbican Sequence 1,碉堡序列1,
type,Barghest,巴盖斯级,ship
type,Barium Firework,钡烟火,
type,Barium Firework CXIV,钡烟火CXIV,
type,Barrage L,雷暴 L,
type,Barrage M,雷暴 M,
type,Barrage S,雷暴 S,
type,Barrage XL,雷暴 XL,
type,Baryon Exotic Plasma L,重子异种等离子弹 L,
type,Baryon Exotic Plasma M,重子异种等离子弹 M,
type,Baryon Exotic Plasma S,重子异种等离子弹 S,
type,Baryon Exotic Plasma XL,重子异种等离子弹 XL,
type,Basilisk,皇冠蜥级,ship
type,Bastion Module I,堡垒装备 I,
type,Batch Compressed Arkonor,聚合高密度艾克诺岩,
type,Batch Compressed Arkonor II-Grade,聚合高密度艾克诺岩（2级）,
type,Batch Compressed Arkonor III-Grade,聚合高密度艾克诺岩（3级）,
type,Batch Compressed Arkonor IV-Grade,聚合高密度艾克诺岩（4级）,
type,Batch Compressed Bistot,聚合高密度双多特石,
type,Batch Compressed Bistot II-Grade,聚合高密度双多特石（2级）,
type,Batch Compressed Bistot III-Grade,聚合高密度双多特石（3级）,
type,Batch Compressed Bistot IV-Grade,聚合高密度双多特石（4级）,
type,Batch Compressed Crokite,聚合高密度克洛基石,
type,Batch Compressed Crokite II-Grade,聚合高密度克洛基石（4级）,
type,Batch Compressed Crokite III-Grade,聚合高密度克洛基石（3级）,
type,Batch Compressed Crokite IV-Grade,聚合高密度克洛基石（4级）,
type,Batch Compressed Dark Ochre,聚合高密度黑赭石,
type,Batch Compressed Dark Ochre II-Grade,聚合高密度黑赭石（2级）,
type,Batch Compressed Dark Ochre III-Grade,聚合高密度黑赭石（3级）,
type,Batch Compressed Dark Ochre IV-Grade,聚合高密度黑赭石（4级）,
type,Batch Compressed Gneiss,聚合高密度片麻岩,
type,Batch Compressed Gneiss II-Grade,聚合高密度片麻岩（2级）,
type,Batch Compressed Gneiss III-Grade,聚合高密度片麻岩（3级）,
type,Batch Compressed Gneiss IV-Grade,聚合高密度片麻岩（4级）,
type,Batch Compressed Hedbergite,聚合高密度同位原矿,
type,Batch Compressed Hedbergite II-Grade,聚合高密度同位原矿（2级）,
type,Batch Compressed Hedbergite III-Grade,聚合高密度同位原矿（3级）,
type,Batch Compressed Hedbergite IV-Grade,聚合高密度同位原矿（4级）,
type,Batch Compressed Hemorphite,聚合高密度希莫非特,
type,Batch Compressed Hemorphite II-Grade,聚合高密度希莫非特（2级）,
type,Batch Compressed Hemorphite III-Grade,聚合高密度希莫非特（3级）,
type,Batch Compressed Hemorphite IV-Grade,聚合高密度希莫非特（4级）,
type,Batch Compressed Jaspet,聚合高密度杰斯贝矿,
type,Batch Compressed Jaspet II-Grade,聚合高密度杰斯贝矿（2级）,
type,Batch Compressed Jaspet III-Grade,聚合高密度杰斯贝矿（3级）,
type,Batch Compressed Jaspet IV-Grade,聚合高密度杰斯贝矿（4级）,
type,Batch Compressed Kernite,聚合高密度水硼砂,
type,Batch Compressed Kernite II-Grade,聚合高密度水硼砂（2级）,
type,Batch Compressed Kernite III-Grade,聚合高密度水硼砂（3级）,
type,Batch Compressed Kernite IV-Grade,聚合高密度水硼砂（4级）,
type,Batch Compressed Mercoxit,聚合高密度基腹断岩,
type,Batch Compressed Mercoxit II-Grade,聚合高密度基腹断岩（2级）,
type,Batch Compressed Mercoxit III-Grade,聚合高密度基腹断岩（3级）,
type,Batch Compressed Omber,聚合高密度奥贝尔石,
type,Batch Compressed Omber II-Grade,聚合高密度奥贝尔石（2级）,
type,Batch Compressed Omber III-Grade,聚合高密度奥贝尔石（3级）,
type,Batch Compressed Omber IV-Grade,聚合高密度奥贝尔石（4级）,
type,Batch Compressed Plagioclase,聚合高密度斜长岩,
type,Batch Compressed Plagioclase II-Grade,聚合高密度斜长岩（2级）,
type,Batch Compressed Plagioclase III-Grade,聚合高密度斜长岩（3级）,
type,Batch Compressed Plagioclase IV-Grade,聚合高密度斜长岩（4级）,
type,Batch Compressed Pyroxeres,聚合高密度干焦岩,
type,Batch Compressed Pyroxeres II-Grade,聚合高密度干焦岩（2级）,
type,Batch Compressed Pyroxeres III-Grade,聚合高密度干焦岩（3级）,
type,Batch Compressed Pyroxeres IV-Grade,聚合高密度干焦岩（4级）,
type,Batch Compressed Scordite,聚合高密度灼烧岩,
type,Batch Compressed Scordite II-Grade,聚合高密度灼烧岩（2级）,
type,Batch Compressed Scordite III-Grade,聚合高密度灼烧岩（3级）,
type,Batch Compressed Scordite IV-Grade,聚合高密度灼烧岩（4级）,
type,Batch Compressed Spodumain,聚合高密度灰岩,
type,Batch Compressed Spodumain II-Grade,聚合高密度灰岩（2级）,
type,Batch Compressed Spodumain III-Grade,聚合高密度灰岩（3级）,
type,Batch Compressed Spodumain IV-Grade,聚合高密度灰岩（4级）,
type,Batch Compressed Veldspar,聚合高密度凡晶石,
type,Batch Compressed Veldspar II-Grade,聚合高密度凡晶石（2级）,
type,Batch Compressed Veldspar III-Grade,聚合高密度凡晶石（3级）,
type,Batch Compressed Veldspar IV-Grade,聚合高密度凡晶石（4级）,
type,Beacon Datacore,信标数据核心,
type,Bellicose,挑战级,ship
type,Berserker I,狂战士 I,
type,Berserker II,狂战士 II,
type,Berserker SW-900,狂战士SW-900,
type,Berserker TP-900,狂战士TP-900,
type,Bestla,贝斯特拉,ship
type,Bestower,恩赐者级,ship
type,Bezdnacine,贝兹岩,
type,Bezdnacine II-Grade,贝兹岩（2级）,
type,Bezdnacine III-Grade,贝兹岩（3级）,
type,Bhaalgorn,巴戈龙级,ship
type,Bifrost,天梯级,ship
type,Biochemical Reactor Array,生化反应堆阵列,
type,Biochemical Silo,生化储藏库,
type,Bistot,双多特石,
type,Bistot II-Grade,双多特石（2级）,
type,Bistot III-Grade,双多特石（3级）,
type,Bistot IV-Grade,双多特石（4级）,
type,Bitumens,沥青,
type,Black Eagle Drone Link Augmentor,黑鹰无人机链接增效器,
type,Black Market 'Valdimar' Drone Durability DD-1001,黑市'弗拉基米尔'无人机耐用性增强 DD-1001,
type,Black Market 'Valdimar' Drone Durability DD-1003,黑市'弗拉基米尔'无人机耐用性增强 DD-1003,
type,Black Market 'Valdimar' Drone Durability DD-1005,黑市'弗拉基米尔'无人机耐用性增强 DD-1005,
type,Black Market 'Valdimar' Drone Navigation DN-701,黑市'弗拉基米尔'无人机导航 DN-701,
type,Black Market 'Valdimar' Drone Navigation DN-703,黑市'弗拉基米尔'无人机导航 DN-703,
type,Black Market 'Valdimar' Drone Navigation DN-705,黑市'弗拉基米尔'无人机导航 DN-705,
type,Black Market 'Valdimar' Drone Sharpshooting DS-801,黑市'弗拉基米尔'无人机精准射击 DS-801,
type,Black Market 'Valdimar' Drone Sharpshooting DS-803,黑市'弗拉基米尔'无人机精准射击 DS-803,
type,Black Market 'Valdimar' Drone Sharpshooting DS-805,黑市'弗拉基米尔'无人机精准射击 DS-805,
type,Black Market 'Valdimar' Repair Drone Operation DR-901,黑市'弗拉基米尔'维修无人机操控 DR-901,
type,Black Market 'Valdimar' Repair Drone Operation DR-903,黑市'弗拉基米尔'维修无人机操控 DR-903,
type,Black Market 'Valdimar' Repair Drone Operation DR-905,黑市'弗拉基米尔'维修无人机操控 DR-905,
type,Blackbird,黑鸟级,ship
type,Blaque Voucher,布拉克凭证,
type,BlastShot Condenser Pack L,爆发电容包 L,
type,BlastShot Condenser Pack M,爆发电容包 M,
type,BlastShot Condenser Pack S,爆发电容包 S,
type,Blood Brass Tag,血袭者黄铜铭牌,
type,Blood Bronze Tag,血袭者青铜铭牌,
type,Blood Control Tower,血袭者控制塔,
type,Blood Control Tower Medium,血袭者中型控制塔,
type,Blood Control Tower Small,血袭者小型控制塔,
type,Blood Copper Tag,血袭者铜质铭牌,
type,Blood Crystal Tag,血袭者水晶铭牌,
type,Blood Dagger Firework,血袭者之匕烟火,
type,Blood Diamond Tag,血袭者钻石铭牌,
type,Blood Electrum Tag,血袭者合金铭牌,
type,Blood Energy Neutralizing Battery,血袭者能量中和波发射台,
type,Blood Gamma L,血袭者伽玛晶体 L,
type,Blood Gamma M,血袭者伽玛晶体 M,
type,Blood Gamma S,血袭者伽玛晶体 S,
type,Blood Gamma XL,血袭者伽玛晶体 XL,
type,Blood Gold Tag,血袭者黄金铭牌,
type,Blood Infrared L,血袭者红外晶体 L,
type,Blood Infrared M,血袭者红外晶体 M,
type,Blood Infrared S,血袭者红外晶体 S,
type,Blood Infrared XL,血袭者红外晶体 XL,
type,Blood Large Beam Laser Battery,血袭者大型集束激光炮台,
type,Blood Large Pulse Laser Battery,血袭者大型脉冲激光炮台,
type,Blood Medium Beam Laser Battery,血袭者中型集束激光炮台,
type,Blood Medium Pulse Laser Battery,血袭者中型脉冲激光炮台,
type,Blood Microwave L,血袭者微波晶体 L,
type,Blood Microwave M,血袭者微波晶体 M,
type,Blood Microwave S,血袭者微波晶体 S,
type,Blood Microwave XL,血袭者微波晶体 XL,
type,Blood Multifrequency L,血袭者多频晶体 L,
type,Blood Multifrequency M,血袭者多频晶体 M,
type,Blood Multifrequency S,血袭者多频晶体 S,
type,Blood Multifrequency XL,血袭者多频晶体 XL,
type,Blood Palladium Tag,血袭者钯金铭牌,
type,Blood Platinum Tag,血袭者白金铭牌,
type,Blood Radio L,血袭者射频晶体 L,
type,Blood Radio M,血袭者射频晶体 M,
type,Blood Radio S,血袭者射频晶体 S,
type,Blood Radio XL,血袭者射频晶体 XL,
type,Blood Raider Chemosh Blueprint Armored Cache,血袭者基抹级蓝图装甲缓存,
type,Blood Raider Dagon Blueprint Armored Cache,血袭者大衮级蓝图装甲缓存,
type,Blood Raider Extreme Ballistic Control,血袭者极限弹道控制,
type,Blood Raider Limited Ballistic Control,血袭者有限弹道控制,
type,Blood Raider Molok Blueprint Armored Cache,血袭者摩洛克级蓝图装甲缓存,
type,Blood Raider NET Resonator,血袭者NET共振器,
type,Blood Raider Power Redistributor,血袭者能量分配器,
type,Blood Raider Regular Ballistic Control,血袭者有序弹道控制,
type,Blood Raider Standup Module Blueprint Armored Cache,血袭者屹立装备蓝图装甲缓存,
type,Blood Raider Strong Box,血袭者保险柜,
type,Blood Raider Weapon Integration Unit,血袭者武器整合单元,
type,Blood Silver Tag,血袭者银质铭牌,
type,Blood Small Beam Laser Battery,血袭者小型集束激光炮台,
type,Blood Small Pulse Laser Battery,血袭者小型脉冲激光炮台,
type,Blood Standard L,血袭者标准晶体 L,
type,Blood Standard M,血袭者标准晶体 M,
type,Blood Standard S,血袭者标准晶体 S,
type,Blood Standard XL,血袭者标准晶体 XL,
type,Blood Ultraviolet L,血袭者紫外晶体 L,
type,Blood Ultraviolet M,血袭者紫外晶体 M,
type,Blood Ultraviolet S,血袭者紫外晶体 S,
type,Blood Ultraviolet XL,血袭者紫外晶体 XL,
type,Blood Upper-Tier Tag,血袭者高层铭牌,
type,Blood Xray L,血袭者X射线晶体 L,
type,Blood Xray M,血袭者X射线晶体 M,
type,Blood Xray S,血袭者X射线晶体 S,
type,Blood Xray XL,血袭者X射线晶体 XL,
type,BLTZN-05L Lowsec Ice Storm Filament,BLTZN-05L低安冰风暴纤维,
type,Blue Ice,蓝冰矿,
type,Blue Ice IV-Grade,蓝冰矿（4级）,
type,Blue Pill,蓝色药丸,
type,Bomb Launcher I,炸弹发射器 I,
type,Bomb Launcher II,炸弹发射器 II,
type,Boobook,鹰鸮级,ship
type,Border-15 'Pochven' Filament,"边界-15""波赫文""纤维",
type,Border-5 'Pochven' Filament,"边界-5""波赫文""纤维",
type,Bosonic Field Generator,玻色力场发生器,
type,Bouncer I,保镖 I,
type,Bouncer II,保镖 II,
type,Bountiful Loparite,裕铈铌钙钛矿,
type,Bountiful Monazite,裕独居石,
type,Bountiful Xenotime,裕磷钇矿,
type,Bountiful Ytterbite,裕硅铍钇矿,
type,Bowhead,弓头鲸级,ship
type,Breach Control,突破控制,
type,Breacher,分裂者级,ship
type,Breaking Point Parameters,临界点参数,
type,Brimful Bitumens,富沥青,
type,Brimful Coesite,富柯石英,
type,Brimful Sylvite,富钾盐,
type,Brimful Zeolites,富沸石,
type,Broadsword,阔刀级,ship
type,Brokara Ryver's Tag,博卡拉·利弗尔的铭牌,
type,Brokara's Modified Cap Recharger,博卡拉氏改良型电容回充器,
type,Brokara's Modified Capacitor Power Relay,博卡拉氏改良型电容能源继电器,
type,Brokara's Modified Dual Heavy Pulse Laser,博卡拉氏改良型双联重型脉冲激光器,
type,Brokara's Modified EM Armor Hardener,博卡拉氏改良型电磁装甲增强器,
type,Brokara's Modified EM Coating,博卡拉氏改良型电磁涂层,
type,Brokara's Modified EM Energized Membrane,博卡拉氏改良型电磁电压薄膜,
type,Brokara's Modified Explosive Armor Hardener,博卡拉氏改良型爆炸装甲增强器,
type,Brokara's Modified Explosive Coating,博卡拉氏改良型爆炸涂层,
type,Brokara's Modified Explosive Energized Membrane,博卡拉氏改良型爆炸电压薄膜,
type,Brokara's Modified Heat Sink,博卡拉氏改良型散热槽,
type,Brokara's Modified Heavy Capacitor Booster,博卡拉氏改良型重型电容注电器,
type,Brokara's Modified Heavy Energy Neutralizer,博卡拉氏改良型重型能量中和器,
type,Brokara's Modified Heavy Energy Nosferatu,博卡拉氏改良型重型掠能器,
type,Brokara's Modified Kinetic Armor Hardener,博卡拉氏改良型动能装甲增强器,
type,Brokara's Modified Kinetic Coating,博卡拉氏改良型动能涂层,
type,Brokara's Modified Kinetic Energized Membrane,博卡拉氏改良型动能电压薄膜,
type,Brokara's Modified Large Armor Repairer,博卡拉氏改良大型装甲维修器,
type,Brokara's Modified Large EMP Smartbomb,博卡拉氏改良大型EMP立体炸弹,
type,Brokara's Modified Mega Pulse Laser,博卡拉氏改良型超级脉冲激光器,
type,Brokara's Modified Multispectrum Coating,博卡拉氏改良型多谱式涂层,
type,Brokara's Modified Multispectrum Energized Membrane,博卡拉氏改良型多谱式电压薄膜,
type,Brokara's Modified Power Diagnostic System,博卡拉氏改良型能源诊断系统,
type,Brokara's Modified Reactor Control Unit,博卡拉氏改良型反应堆控制元件,
type,Brokara's Modified Thermal Armor Hardener,博卡拉氏改良型热能装甲增强器,
type,Brokara's Modified Thermal Coating,博卡拉氏改良型热能涂层,
type,Brokara's Modified Thermal Energized Membrane,博卡拉氏改良型热能电压薄膜,
type,Broken Broadcast Node,损坏的广播节点,
type,Broken Drone Transceiver,损坏的无人机调制器,
type,Broken Integrity Response Drones,损坏的反破损快速反应无人机,
type,Broken Nano-Factory,损坏的纳米工厂,
type,Broken Organic Mortar Applicators,损坏的有机砂浆喷注器,
type,Broken Recursive Computing Module,损坏的递推计算模块,
type,Broken Self-Harmonizing Power Core,损坏的自协调能源核心,
type,Broken Sterile Conduits,损坏的无菌管道,
type,Broken Wetware Mainframe,损坏的湿件主机,
type,Brutix,布鲁提克斯级,ship
type,Brutix Navy Issue,布鲁提克斯级海军型,ship
type,Brynn Jerdola's Tag,布瑞恩·杰尔朵拉的铭牌,
type,Brynn's Modified 100MN Afterburner,布瑞恩氏改良型100MN加力燃烧器,
type,Brynn's Modified 350mm Railgun,布瑞恩氏改良型350mm磁轨炮,
type,Brynn's Modified 425mm Railgun,布瑞恩氏改良型425mm磁轨炮,
type,Brynn's Modified 500MN Microwarpdrive,布瑞恩氏改良型500MN微型跃迁推进器,
type,Brynn's Modified Co-Processor,布瑞恩氏改良型协处理器,
type,Brynn's Modified Damage Control,布瑞恩氏改良型损伤控制,
type,Brynn's Modified Dual 250mm Railgun,布瑞恩氏改良型双联250mm磁轨炮,
type,Brynn's Modified EM Armor Hardener,布瑞恩氏改良型电磁装甲增强器,
type,Brynn's Modified EM Coating,布瑞恩氏改良型电磁涂层,
type,Brynn's Modified EM Energized Membrane,布瑞恩氏改良型电磁电压薄膜,
type,Brynn's Modified Explosive Armor Hardener,布瑞恩氏改良型爆炸装甲增强器,
type,Brynn's Modified Explosive Coating,布瑞恩氏改良型爆炸涂层,
type,Brynn's Modified Explosive Energized Membrane,布瑞恩氏改良型爆炸电压薄膜,
type,Brynn's Modified Kinetic Armor Hardener,布瑞恩氏改良型动能装甲增强器,
type,Brynn's Modified Kinetic Coating,布瑞恩氏改良型动能涂层,
type,Brynn's Modified Kinetic Energized Membrane,布瑞恩氏改良型动能电压薄膜,
type,Brynn's Modified Large Armor Repairer,布瑞恩氏改良大型装甲维修器,
type,Brynn's Modified Large Plasma Smartbomb,布瑞恩氏改良大型等离子立体炸弹,
type,Brynn's Modified Magnetic Field Stabilizer,布瑞恩氏改良型磁性力场稳定器,
type,Brynn's Modified Multispectrum Coating,布瑞恩氏改良型多谱式涂层,
type,Brynn's Modified Multispectrum Energized Membrane,布瑞恩氏改良型多谱式电压薄膜,
type,Brynn's Modified Power Diagnostic System,布瑞恩氏改良型能源诊断系统,
type,Brynn's Modified Reactor Control Unit,布瑞恩氏改良型反应堆控制元件,
type,Brynn's Modified Sensor Booster,布瑞恩氏改良型感应增强器,
type,Brynn's Modified Thermal Armor Hardener,布瑞恩氏改良型热能装甲增强器,
type,Brynn's Modified Thermal Coating,布瑞恩氏改良型热能涂层,
type,Brynn's Modified Thermal Energized Membrane,布瑞恩氏改良型热能电压薄膜,
type,Brynn's Modified Tracking Computer,布瑞恩氏改良型索敌计算机,
type,Burned Logic Circuit,烧毁的逻辑电路,
type,Burned Transneural Scanner,烧毁的跨神经扫描器,
type,Burst,爆发级,ship
type,Burst Jammer I,脉冲干扰器 I,
type,Burst Jammer II,脉冲干扰器 II,
type,Bustard,大鸨级,ship
type,Buzzard,秃鹰级,ship
type,BZ-5 Scoped Gravimetric ECM,BZ-5视野型引力ECM,
type,C-IR Compact Guidance Disruptor,C-IR紧凑型制导干扰器,
type,C3-A 'Hivaa Saitsuo' Ballistic Control System,C3-A西瓦萨索弹道控制系统,
type,C3-FTM Acid,C3-FTM酸,
type,C3-X 'Hivaa Saitsuo' Ballistic Control System,C3-X西瓦萨索弹道控制系统,
type,Cadmium,镉,
type,Caedes,凯帝斯级,ship
type,Caesarium Cadmide,镉化铯,
type,Caesium,铯,
type,Caiman,凯门鳄级,ship
type,Caldari AZ-1 Nexus Chip,加达里AZ-1关联芯片,
type,Caldari BY-1 Nexus Chip,加达里BY-1关联芯片,
type,Caldari Control Tower,加达里控制塔,
type,Caldari Control Tower Medium,加达里中型控制塔,
type,Caldari Control Tower Small,加达里小型控制塔,
type,Caldari CU-1 Nexus Chip,加达里CU-1关联芯片,
type,Caldari Decoder Package,加达里解码器包裹,
type,Caldari Encoder Splice,加达里编码器接片,
type,Caldari Listening Outpost,加达里监听哨站,
type,Caldari Loyalty Token,加达里忠诚点凭证,
type,Caldari Navy 125mm Railgun,加达里海军125mm磁轨炮,
type,Caldari Navy 150mm Railgun,加达里海军150mm磁轨炮,
type,Caldari Navy 200mm Railgun,加达里海军200mm磁轨炮,
type,Caldari Navy 250mm Railgun,加达里海军250mm磁轨炮,
type,Caldari Navy 350mm Railgun,加达里海军350mm磁轨炮,
type,Caldari Navy 425mm Railgun,加达里海军425mm磁轨炮,
type,Caldari Navy 75mm Railgun,加达里海军75mm磁轨炮,
type,Caldari Navy Admiral Insignia I,加达里海军上将勋章I,
type,Caldari Navy Antimatter Charge L,加达里海军反物质轨道弹 L,
type,Caldari Navy Antimatter Charge M,加达里海军反物质轨道弹 M,
type,Caldari Navy Antimatter Charge S,加达里海军反物质轨道弹 S,
type,Caldari Navy Ballistic Control System,加达里海军弹道控制系统,
type,Caldari Navy Bastion Module,加达里海军堡垒装备,
type,Caldari Navy Captain Elite Insignia,加达里海军上尉精英勋章,
type,Caldari Navy Captain Insignia I,加达里海军上尉勋章I,
type,Caldari Navy Captain Insignia II,加达里海军上尉勋章II,
type,Caldari Navy Captain Insignia III,加达里海军上尉勋章III,
type,Caldari Navy Captain Insignia IV,加达里海军上尉勋章IV,
type,Caldari Navy Captain Insignia V,加达里海军上尉勋章V,
type,Caldari Navy Cloaking Device,加达里海军隐形装置,
type,Caldari Navy Co-Processor,加达里海军协处理器,
type,Caldari Navy Command Mindlink,加达里海军指挥思维网络芯片,
type,Caldari Navy Commodore Insignia I,加达里海军准将勋章I,
type,Caldari Navy Commodore Insignia II,加达里海军准将勋章II,
type,Caldari Navy Cruise Missile Launcher,加达里海军巡航导弹发射器,
type,Caldari Navy Dragonfly,蜻蜓级加达里海军,
type,Caldari Navy Dual 150mm Railgun,加达里海军双联150mm磁轨炮,
type,Caldari Navy Dual 250mm Railgun,加达里海军双联250mm磁轨炮,
type,Caldari Navy EM Shield Amplifier,加达里海军电磁护盾增效器,
type,Caldari Navy EM Shield Hardener,加达里海军电磁护盾增强器,
type,Caldari Navy Explosive Shield Amplifier,加达里海军爆炸护盾增效器,
type,Caldari Navy Explosive Shield Hardener,加达里海军爆炸护盾增强器,
type,Caldari Navy Fleet Commander Insignia,加达里海军舰队指挥官勋章,
type,Caldari Navy Fleet Rear-Admiral Insignia,加达里海军舰队少将勋章,
type,Caldari Navy Heavy Assault Missile Launcher,加达里海军重型攻击导弹发射器,
type,Caldari Navy Heavy Missile Launcher,加达里海军重型导弹发射器,
type,Caldari Navy Hookbill,加达里海军霍克比尔级,ship
type,Caldari Navy Hornet,加达里海军大黄蜂,
type,Caldari Navy Inferno Cruise Missile,加达里海军炼狱巡航导弹,
type,Caldari Navy Inferno Heavy Assault Missile,加达里海军炼狱重型攻击导弹,
type,Caldari Navy Inferno Heavy Missile,加达里海军炼狱重型导弹,
type,Caldari Navy Inferno Light Missile,加达里海军炼狱轻型导弹,
type,Caldari Navy Inferno Rocket,加达里海军炼狱火箭,
type,Caldari Navy Inferno Torpedo,加达里海军炼狱鱼雷,
type,Caldari Navy Iridium Charge L,加达里海军铱质轨道弹 L,
type,Caldari Navy Iridium Charge M,加达里海军铱质轨道弹 M,
type,Caldari Navy Iridium Charge S,加达里海军铱质轨道弹 S,
type,Caldari Navy Iron Charge L,加达里海军铁质轨道弹 L,
type,Caldari Navy Iron Charge M,加达里海军铁质轨道弹 M,
type,Caldari Navy Iron Charge S,加达里海军铁质轨道弹 S,
type,Caldari Navy Kinetic Shield Amplifier,加达里海军动能护盾增效器,
type,Caldari Navy Kinetic Shield Hardener,加达里海军动能护盾增强器,
type,Caldari Navy Large Graviton Smartbomb,加达里海军大型引力子立体炸弹,
type,Caldari Navy Large Remote Shield Booster,加达里海军 大型远程护盾回充增量器,
type,Caldari Navy Large Shield Booster,加达里海军大型护盾回充增量器,
type,Caldari Navy Large Shield Extender,加达里海军大型护盾扩展装置,
type,Caldari Navy Lead Charge L,加达里海军铅质轨道弹 L,
type,Caldari Navy Lead Charge M,加达里海军铅质轨道弹 M,
type,Caldari Navy Lead Charge S,加达里海军铅质轨道弹 S,
type,Caldari Navy Light Missile Launcher,加达里海军轻型导弹发射器,
type,Caldari Navy Locust,加达里海军蚱蜢,
type,Caldari Navy Medium Graviton Smartbomb,加达里海军中型引力子立体炸弹,
type,Caldari Navy Medium Shield Booster,加达里海军中型护盾回充增量器,
type,Caldari Navy Medium Shield Extender,加达里海军中型护盾扩展装置,
type,Caldari Navy Micro Graviton Smartbomb,加达里海军微型引力子立体炸弹,
type,Caldari Navy Midshipman Insignia I,加达里海军预备军官勋章I,
type,Caldari Navy Midshipman Insignia II,加达里海军预备军官勋章II,
type,Caldari Navy Midshipman Insignia III,加达里海军预备军官勋章III,
type,Caldari Navy Missile Guidance Computer,加达里海军导弹制导计算机,
type,Caldari Navy Missile Guidance Enhancer,加达里海军导弹制导增强器,
type,Caldari Navy Mjolnir Cruise Missile,加达里海军雷神巡航导弹,
type,Caldari Navy Mjolnir Heavy Assault Missile,加达里海军雷神重型攻击导弹,
type,Caldari Navy Mjolnir Heavy Missile,加达里海军雷神重型导弹,
type,Caldari Navy Mjolnir Light Missile,加达里海军雷神轻型导弹,
type,Caldari Navy Mjolnir Rocket,加达里海军雷神火箭,
type,Caldari Navy Mjolnir Torpedo,加达里海军雷神鱼雷,
type,Caldari Navy Multispectrum Shield Hardener,加达里海军多谱式护盾增强器,
type,Caldari Navy Nova Cruise Missile,加达里海军星爆巡航导弹,
type,Caldari Navy Nova Heavy Assault Missile,加达里海军星爆重型攻击导弹,
type,Caldari Navy Nova Heavy Missile,加达里海军星爆重型导弹,
type,Caldari Navy Nova Light Missile,加达里海军星爆轻型导弹,
type,Caldari Navy Nova Rocket,加达里海军星爆火箭,
type,Caldari Navy Nova Torpedo,加达里海军星爆鱼雷,
type,Caldari Navy Plutonium Charge L,加达里海军钸质轨道弹 L,
type,Caldari Navy Plutonium Charge M,加达里海军钸质轨道弹 M,
type,Caldari Navy Plutonium Charge S,加达里海军钸质轨道弹 S,
type,Caldari Navy Power Diagnostic System,加达里海军能源诊断系统,
type,Caldari Navy Raid Leader Insignia,加达里海军突击队长勋章,
type,Caldari Navy Rapid Heavy Missile Launcher,加达里海军重型快速导弹发射器,
type,Caldari Navy Rapid Light Missile Launcher,加达里海军轻型快速导弹发射器,
type,Caldari Navy Rocket Launcher,加达里海军火箭发射器,
type,Caldari Navy Scarab,加达里海军圣甲虫,
type,Caldari Navy Scourge Cruise Missile,加达里海军鞭挞巡航导弹,
type,Caldari Navy Scourge Heavy Assault Missile,加达里海军鞭挞重型攻击导弹,
type,Caldari Navy Scourge Heavy Missile,加达里海军鞭挞重型导弹,
type,Caldari Navy Scourge Light Missile,加达里海军鞭挞轻型导弹,
type,Caldari Navy Scourge Rocket,加达里海军鞭挞火箭,
type,Caldari Navy Scourge Torpedo,加达里海军鞭挞鱼雷,
type,Caldari Navy Shield Boost Amplifier,加达里海军护盾回充增量增效器,
type,Caldari Navy Shield Power Relay,加达里海军护盾能源继电器,
type,Caldari Navy Signal Distortion Amplifier,加达里海军信号畸变放大器,
type,Caldari Navy Small Graviton Smartbomb,加达里海军小型引力子立体炸弹,
type,Caldari Navy Small Shield Booster,加达里海军小型护盾回充增量器,
type,Caldari Navy Small Shield Extender,加达里海军小型护盾扩展装置,
type,Caldari Navy Squad Leader Insignia,加达里海军小队长勋章,
type,Caldari Navy Stasis Webifier,加达里海军停滞缠绕光束,
type,Caldari Navy Thermal Shield Amplifier,加达里海军热能护盾增效器,
type,Caldari Navy Thermal Shield Hardener,加达里海军热能护盾增强器,
type,Caldari Navy Thorium Charge L,加达里海军钍质轨道弹 L,
type,Caldari Navy Thorium Charge M,加达里海军钍质轨道弹 M,
type,Caldari Navy Thorium Charge S,加达里海军钍质轨道弹 S,
type,Caldari Navy Torpedo Launcher,加达里海军鱼雷发射器,
type,Caldari Navy Tungsten Charge L,加达里海军钨质轨道弹 L,
type,Caldari Navy Tungsten Charge M,加达里海军钨质轨道弹 M,
type,Caldari Navy Tungsten Charge S,加达里海军钨质轨道弹 S,
type,Caldari Navy Uranium Charge L,加达里海军铀质轨道弹 L,
type,Caldari Navy Uranium Charge M,加达里海军铀质轨道弹 M,
type,Caldari Navy Uranium Charge S,加达里海军铀质轨道弹 S,
type,Caldari Navy Vespa,加达里海军金星,
type,Caldari Navy Vice Admiral Insignia I,加达里海军中将勋章I,
type,Caldari Navy Warden,加达里海军典狱官,
type,Caldari Navy Warp Disruptor,加达里海军跃迁扰断器,
type,Caldari Navy Warp Scrambler,加达里海军跃迁扰频器,
type,Caldari Navy Wasp,加达里海军胡蜂,
type,Caldari Navy X-Large Shield Booster,加达里海军超大型护盾回充增量器,
type,Caldari Phenomena Generator,加达里现象发生器,
type,Caldari Propaganda Broadcast Structure,加达里广播宣传建筑,
type,Caldari Shuttle,加达里穿梭机,ship
type,Caldari State Starbase Charter,加达里合众国母星宪章,
type,Calm Dark Filament,镇静黑暗深渊纤维,
type,Calm Electrical Filament,镇静电子深渊纤维,
type,Calm Exotic Filament,镇静异种深渊纤维,
type,Calm Firestorm Filament,镇静火瀑深渊纤维,
type,Calm Gamma Filament,镇静伽玛深渊纤维,
type,Cambion,魔裔级,ship
type,Cap Booster 100,电容注电器装料 100,
type,Cap Booster 150,电容注电器装料 150,
type,Cap Booster 200,电容注电器装料 200,
type,Cap Booster 25,电容注电器装料 25,
type,Cap Booster 3200,电容注电器装料 3200,
type,Cap Booster 400,电容注电器装料 400,
type,Cap Booster 50,电容注电器装料 50,
type,Cap Booster 75,电容注电器装料 75,
type,Cap Booster 800,电容注电器装料 800,
type,Cap Recharger I,电容回充器 I,
type,Cap Recharger II,电容回充器 II,
type,Capacitor Console,电容器控制台,
type,Capacitor Flux Coil I,电容通量线圈 I,
type,Capacitor Flux Coil II,电容通量线圈 II,
type,Capacitor Power Relay I,电容能源继电器 I,
type,Capacitor Power Relay II,电容能源继电器 II,
type,Capital Absorption Thruster Array,旗舰级吸收推进器阵列,
type,Capital ACM Compact Armor Repairer,旗舰级ACM紧凑型装甲维修器,
type,Capital Algid Energy Administrations Unit I,旗舰级冷凝能量管理单元 I,
type,Capital Algid Energy Administrations Unit II,旗舰级冷凝能量管理单元 II,
type,Capital Algid Hybrid Administrations Unit I,旗舰级冷凝混合管理单元 I,
type,Capital Algid Hybrid Administrations Unit II,旗舰级冷凝混合管理单元 II,
type,Capital Ancillary Armor Repairer,旗舰级辅助装甲维修器,
type,Capital Ancillary Current Router I,旗舰级辅助电源路由器 I,
type,Capital Ancillary Current Router II,旗舰级辅助电源路由器 II,
type,Capital Ancillary Remote Armor Repairer,旗舰级辅助远程装甲维修器,
type,Capital Ancillary Remote Shield Booster,旗舰级辅助远程护盾回充增量器,
type,Capital Ancillary Shield Booster,旗舰级辅助护盾回充增量器,
type,Capital Antimatter Reactor Unit,旗舰级反物质反应堆单元,
type,Capital Armor Plates,旗舰附甲,
type,Capital Armor Repairer I,旗舰级装甲维修器 I,
type,Capital Armor Repairer II,旗舰级装甲维修器 II,
type,Capital Asteroid Ore Compressor I,旗舰级小行星矿石压缩装置 I,
type,Capital Asymmetric Enduring Remote Shield Booster,旗舰级不对称持久型远程护盾回充增量器,
type,Capital Auxiliary Nano Pump I,旗舰级辅助纳米聚合器 I,
type,Capital Auxiliary Nano Pump II,旗舰级辅助纳米聚合器 II,
type,Capital Auxiliary Thrusters I,旗舰级辅助推进器 I,
type,Capital Auxiliary Thrusters II,旗舰级辅助推进器 II,
type,Capital Azeotropic Restrained Shield Extender,旗舰级恒沸点抑制型护盾扩展装置,
type,Capital Bay Loading Accelerator I,旗舰级装卸加速装置 I,
type,Capital Bay Loading Accelerator II,旗舰级装卸加速装置 II,
type,Capital C-5L Compact Shield Booster,旗舰级C-5L紧凑型护盾回充增量器,
type,Capital Cap Battery I,旗舰级电容器电池 I,
type,Capital Cap Battery II,旗舰级电容器电池 II,
type,Capital Capacitor Battery,旗舰电容器电池,
type,Capital Capacitor Booster I,旗舰级电容注电器 I,
type,Capital Capacitor Booster II,旗舰级电容注电器 II,
type,Capital Capacitor Control Circuit I,旗舰级电容器控制电路 I,
type,Capital Capacitor Control Circuit II,旗舰级电容器控制电路 II,
type,Capital Cargo Bay,旗舰货柜舱,
type,Capital Cargohold Optimization I,旗舰级货柜舱优化改造 I,
type,Capital Cargohold Optimization II,旗舰级货柜舱优化改造 II,
type,Capital Clarity Ward Enduring Shield Booster,旗舰级清澈防御持久型护盾回充增量器,
type,Capital Clone Vat Bay,旗舰克隆舱,
type,Capital Coaxial Compact Remote Armor Repairer,旗舰级共轴紧凑型远程装甲维修器,
type,Capital Command Processor I,旗舰级指挥处理器 I,
type,Capital Compact Pb-Acid Cap Battery,旗舰级紧凑型铅酸电容器电池,
type,Capital Computer System,旗舰计算机系统,
type,Capital Construction Parts,旗舰建设构件,
type,Capital Core Defense Capacitor Safeguard I,旗舰级核心防御电容器安全管理装置 I,
type,Capital Core Defense Capacitor Safeguard II,旗舰级核心防御电容器安全管理装置 II,
type,Capital Core Defense Charge Economizer I,旗舰级核心防御节能装置 I,
type,Capital Core Defense Charge Economizer II,旗舰级核心防御节能装置 II,
type,Capital Core Defense Field Extender I,旗舰级核心防御力场扩张装置 I,
type,Capital Core Defense Field Extender II,旗舰级核心防御力场扩张装置 II,
type,Capital Core Defense Field Purger I,旗舰级核心防御力场稳固装置 I,
type,Capital Core Defense Field Purger II,旗舰级核心防御力场稳固装置 II,
type,Capital Core Defense Operational Solidifier I,旗舰级核心防御操控稳定装置 I,
type,Capital Core Defense Operational Solidifier II,旗舰级核心防御操控稳定装置 II,
type,Capital Core Temperature Regulator,旗舰级核心温度调节器,
type,Capital Corporate Hangar Bay,旗舰联合机库舱,
type,Capital Crystalline Carbonide Armor Plate,旗舰级碳化晶体附甲,
type,Capital Deflection Shield Emitter,旗舰级偏阻护盾发射器,
type,Capital Doomsday Weapon Mount,旗舰末日武器安装位,
type,Capital Drone Bay,旗舰无人机挂舱,
type,Capital Drone Control Range Augmentor I,旗舰级无人机控制范围扩大装置 I,
type,Capital Drone Control Range Augmentor II,旗舰级无人机控制范围扩大装置 II,
type,Capital Drone Durability Enhancer I,旗舰级无人机耐用性增强装置 I,
type,Capital Drone Durability Enhancer II,旗舰级无人机耐用性增强装置 II,
type,Capital Drone Mining Augmentor I,旗舰级无人机采矿增量器 I,
type,Capital Drone Mining Augmentor II,旗舰级无人机采矿增量器 II,
type,Capital Drone Repair Augmentor I,旗舰级无人机维修加速器 I,
type,Capital Drone Repair Augmentor II,旗舰级无人机维修加速器 II,
type,Capital Drone Scope Chip I,旗舰级无人机射距芯片 I,
type,Capital Drone Scope Chip II,旗舰级无人机射距芯片 II,
type,Capital Drone Speed Augmentor I,旗舰级无人机增速装置 I,
type,Capital Drone Speed Augmentor II,旗舰级无人机增速装置 II,
type,Capital Dynamic Fuel Valve I,旗舰级动态燃料控制阀 I,
type,Capital Dynamic Fuel Valve II,旗舰级动态燃料控制阀 II,
type,Capital Egress Port Maximizer I,旗舰级出口端口放大器 I,
type,Capital Egress Port Maximizer II,旗舰级出口端口放大器 II,
type,Capital Electrolytic Capacitor Unit,旗舰级电解电容器单元,
type,Capital EM Armor Reinforcer I,旗舰级电磁装甲强化装置 I,
type,Capital EM Armor Reinforcer II,旗舰级电磁装甲强化装置 II,
type,Capital EM Pulse Generator,旗舰级电磁脉冲发生器,
type,Capital EM Shield Reinforcer I,旗舰级电磁护盾强化装置 I,
type,Capital EM Shield Reinforcer II,旗舰级电磁护盾强化装置 II,
type,Capital Emergency Hull Energizer I,旗舰级紧急船体增能器 I,
type,Capital Emergency Hull Energizer II,旗舰级紧急船体增能器 II,
type,Capital Emission Scope Sharpener I,旗舰级放射范围约束装置 I,
type,Capital Emission Scope Sharpener II,旗舰级放射范围约束装置 II,
type,Capital Energy Ambit Extension I,旗舰级能量武器范围扩大设备 I,
type,Capital Energy Ambit Extension II,旗舰级能量武器范围扩大设备 II,
type,Capital Energy Burst Aerator I,旗舰级能量武器发散调节装置 I,
type,Capital Energy Burst Aerator II,旗舰级能量武器发散调节装置 II,
type,Capital Energy Collision Accelerator I,旗舰级能量武器冲击加速器 I,
type,Capital Energy Collision Accelerator II,旗舰级能量武器冲击加速器 II,
type,Capital Energy Discharge Elutriation I,旗舰级能量武器释放过滤器 I,
type,Capital Energy Discharge Elutriation II,旗舰级能量武器释放过滤器 II,
type,Capital Energy Locus Coordinator I,旗舰级能量武器轨迹校准设备 I,
type,Capital Energy Locus Coordinator II,旗舰级能量武器轨迹校准设备 II,
type,Capital Energy Metastasis Adjuster I,旗舰级能量武器急转控制器 I,
type,Capital Energy Metastasis Adjuster II,旗舰级能量武器急转控制器 II,
type,Capital Energy Neutralizer I,旗舰级能量中和器 I,
type,Capital Energy Neutralizer II,旗舰级能量中和器 II,
type,Capital Energy Nosferatu I,旗舰级掠能器 I,
type,Capital Energy Nosferatu II,旗舰级掠能器 II,
type,Capital Engine Thermal Shielding I,旗舰级引擎热能防护装置 I,
type,Capital Engine Thermal Shielding II,旗舰级引擎热能防护装置 II,
type,Capital Explosive Armor Reinforcer I,旗舰级爆炸装甲强化装置 I,
type,Capital Explosive Armor Reinforcer II,旗舰级爆炸装甲强化装置 II,
type,Capital Explosive Shield Reinforcer I,旗舰级爆炸护盾强化装置 I,
type,Capital Explosive Shield Reinforcer II,旗舰级爆炸护盾强化装置 II,
type,Capital F-RX Compact Capacitor Booster,旗舰级F-RX紧凑型电容注电器,
type,Capital F-S9 Regolith Compact Shield Extender,旗舰级F-S9覆盖式紧凑型护盾扩展装置,
type,Capital Fernite Carbide Composite Armor Plate,旗舰级碳化菲尔金属合成物附甲,
type,Capital Flex Armor Hardener I,旗舰级弯曲装甲增强器 I,
type,Capital Flex Armor Hardener II,旗舰级弯曲装甲增强器 II,
type,Capital Flex Shield Hardener I,旗舰级弯曲护盾增强器 I,
type,Capital Flex Shield Hardener II,旗舰级弯曲护盾增强器 II,
type,Capital Fusion Reactor Unit,旗舰级聚变反应堆机组,
type,Capital Fusion Thruster,旗舰级聚变推进器,
type,Capital Gas Compressor I,旗舰级气云压缩装置 I,
type,Capital Ghoul Compact Energy Nosferatu,旗舰级盗墓者紧凑型掠能器,
type,Capital Gravimetric Sensor Cluster,旗舰级引力感应器组,
type,Capital Graviton Pulse Generator,旗舰级引力子脉冲发生器,
type,Capital Graviton Reactor Unit,旗舰级引力子反应堆机组,
type,Capital Gravity Capacitor Upgrade I,旗舰级引力电容器升级 I,
type,Capital Gravity Capacitor Upgrade II,旗舰级引力电容器升级 II,
type,Capital Gremlin Compact Energy Neutralizer,旗舰级小鬼紧凑型能量中和器,
type,Capital Higgs Anchor I,旗舰级希格斯粒子锚 I,
type,Capital Hull Repairer I,旗舰级结构维修器 I,
type,Capital Hull Repairer II,旗舰级结构维修器 II,
type,Capital Hybrid Ambit Extension I,旗舰级混合武器范围扩大装置 I,
type,Capital Hybrid Ambit Extension II,旗舰级混合武器范围扩大装置 II,
type,Capital Hybrid Burst Aerator I,旗舰级混合武器射速调节装置 I,
type,Capital Hybrid Burst Aerator II,旗舰级混合武器射速调节装置 II,
type,Capital Hybrid Collision Accelerator I,旗舰级混合武器冲击加速器 I,
type,Capital Hybrid Collision Accelerator II,旗舰级混合武器冲击加速器 II,
type,Capital Hybrid Discharge Elutriation I,旗舰级混合武器节能设备 I,
type,Capital Hybrid Discharge Elutriation II,旗舰级混合武器节能设备 II,
type,Capital Hybrid Locus Coordinator I,旗舰级混合武器轨迹校准设备 I,
type,Capital Hybrid Locus Coordinator II,旗舰级混合武器轨迹校准设备 II,
type,Capital Hybrid Metastasis Adjuster I,旗舰级混合武器急转控制器 I,
type,Capital Hybrid Metastasis Adjuster II,旗舰级混合武器急转控制器 II,
type,Capital Hydraulic Bay Thrusters I,旗舰级液压舱推进器 I,
type,Capital Hydraulic Bay Thrusters II,旗舰级液压舱推进器 II,
type,Capital Hyperspatial Velocity Optimizer I,旗舰级超空间速度调节器 I,
type,Capital Hyperspatial Velocity Optimizer II,旗舰级超空间速度调节器 II,
type,Capital I-a Enduring Armor Repairer,旗舰级I-a持久型装甲维修器,
type,Capital I-ax Enduring Remote Armor Repairer,旗舰级I-ax持久型远程装甲维修器,
type,Capital I-b Enduring Hull Repairer,旗舰级I-b持久型结构维修器,
type,Capital Ice Compressor I,旗舰级冰矿压缩装置 I,
type,Capital IEF Compact Hull Repairer,旗舰级IEF紧凑型结构维修器,
type,Capital Implacable Compact Emergency Hull Energizer,旗舰级非调和紧凑型紧急船体增能器,
type,Capital Indefatigable Enduring Emergency Hull Energizer,旗舰级不屈持久型紧急船体增能器,
type,Capital Inductive Compact Remote Capacitor Transmitter,旗舰级感应紧凑型远程电容传输装置,
type,Capital Industrial Core I,旗舰工业核心 I,
type,Capital Industrial Core II,旗舰工业核心 II,
type,Capital Infectious Scoped Energy Neutralizer,旗舰级传染视野型能量中和器,
type,Capital Inverted Signal Field Projector I,旗舰级反信号区域投射器 I,
type,Capital Inverted Signal Field Projector II,旗舰级反信号区域投射器 II,
type,Capital Ion Thruster,旗舰级离子推进器,
type,Capital Ionic Field Projector I,旗舰级离子力场投射器 I,
type,Capital Ionic Field Projector II,旗舰级离子力场投射器 II,
type,Capital Jump Bridge Array,旗舰跳跃桥接阵列,
type,Capital Jump Drive,旗舰跳跃引擎,
type,Capital Kinetic Armor Reinforcer I,旗舰级动能装甲强化装置 I,
type,Capital Kinetic Armor Reinforcer II,旗舰级动能装甲强化装置 II,
type,Capital Kinetic Shield Reinforcer I,旗舰级动能护盾强化装置 I,
type,Capital Kinetic Shield Reinforcer II,旗舰级动能护盾强化装置 II,
type,Capital Knave Scoped Energy Nosferatu,旗舰级流氓视野型掠能器,
type,Capital Ladar Sensor Cluster,旗舰级光雷达感应器集群,
type,Capital Laser Focusing Crystals,旗舰级激光器定焦水晶,
type,Capital Launcher Hardpoint,旗舰发射器安装座,
type,Capital Linear Shield Emitter,旗舰级线性护盾能量发射器,
type,Capital Liquid Cooled Electronics I,旗舰级水冷电子设备 I,
type,Capital Liquid Cooled Electronics II,旗舰级水冷电子设备 II,
type,Capital Low Friction Nozzle Joints I,旗舰级低摩擦喷嘴接口 I,
type,Capital Low Friction Nozzle Joints II,旗舰级低摩擦喷嘴接口 II,
type,Capital Magnetometric Sensor Cluster,旗舰级磁力感应器组,
type,Capital Magpulse Thruster,旗舰级磁脉冲推进器,
type,Capital Memetic Algorithm Bank I,旗舰级弥集进化演算法数据库 I,
type,Capital Memetic Algorithm Bank II,旗舰级弥集进化演算法数据库 II,
type,Capital Mercoxit Compressor I,旗舰级基腹断岩压缩装置 I,
type,Capital Micro Jump Drive,旗舰级微型跳跃引擎,
type,Capital Micro Jump Field Generator,旗舰级微型跳跃力场发生器,
type,Capital Moon Ore Compressor I,旗舰级卫星矿石压缩装置 I,
type,Capital Murky Compact Remote Shield Booster,旗舰级昏暗紧凑型远程护盾回充增量器,
type,Capital Nanobot Accelerator I,旗舰级纳米机器人加速器 I,
type,Capital Nanobot Accelerator II,旗舰级纳米机器人加速器 II,
type,Capital Nanoelectrical Microprocessor,旗舰级纳米电子微处理器,
type,Capital Nanomechanical Microprocessor,旗舰级纳米机械微处理器,
type,Capital Nuclear Pulse Generator,旗舰级核脉冲发生器,
type,Capital Nuclear Reactor Unit,旗舰级核反应堆机组,
type,Capital Oscillator Capacitor Unit,旗舰级震荡电容器单元,
type,Capital Particle Accelerator Unit,旗舰级粒子加速装置,
type,Capital Particle Dispersion Augmentor I,旗舰级粒子散布放大器 I,
type,Capital Particle Dispersion Augmentor II,旗舰级粒子散布放大器 II,
type,Capital Particle Dispersion Projector I,旗舰级粒子散布投放器 I,
type,Capital Particle Dispersion Projector II,旗舰级粒子散布投放器 II,
type,Capital Photon Microprocessor,旗舰级光子微处理器,
type,Capital Plasma Pulse Generator,旗舰级等离子脉冲发生器,
type,Capital Plasma Thruster,旗舰级等离子推进器,
type,Capital Polycarbon Engine Housing I,旗舰级复合碳素引擎舱 I,
type,Capital Polycarbon Engine Housing II,旗舰级复合碳素引擎舱 II,
type,Capital Power Generator,旗舰发电机组,
type,Capital Powergrid Subroutine Maximizer I,旗舰级能量栅格子程序优化器 I,
type,Capital Powergrid Subroutine Maximizer II,旗舰级能量栅格子程序优化器 II,
type,Capital Processor Overclocking Unit I,旗舰级处理器超频组件 I,
type,Capital Processor Overclocking Unit II,旗舰级处理器超频组件 II,
type,Capital Projectile Ambit Extension I,旗舰级射弹武器范围扩大装置 I,
type,Capital Projectile Ambit Extension II,旗舰级射弹武器范围扩大装置 II,
type,Capital Projectile Burst Aerator I,旗舰级射弹武器射速调节装置 I,
type,Capital Projectile Burst Aerator II,旗舰级射弹武器射速调节装置 II,
type,Capital Projectile Collision Accelerator I,旗舰级射弹武器冲击加速器 I,
type,Capital Projectile Collision Accelerator II,旗舰级射弹武器冲击加速器 II,
type,Capital Projectile Locus Coordinator I,旗舰级射弹武器轨迹校准设备 I,
type,Capital Projectile Locus Coordinator II,旗舰级射弹武器轨迹校准设备 II,
type,Capital Projectile Metastasis Adjuster I,旗舰级射弹武器急转控制器 I,
type,Capital Projectile Metastasis Adjuster II,旗舰级射弹武器急转控制器 II,
type,Capital Propulsion Engine,旗舰推进引擎,
type,Capital Pulse Shield Emitter,旗舰级脉冲护盾发射器,
type,Capital Quantum Microprocessor,旗舰级量子微处理器,
type,Capital Radar Sensor Cluster,旗舰级雷达感应器组,
type,Capital Radiation Conversion Unit,旗舰级辐射转化装置,
type,Capital Radiative Scoped Remote Capacitor Transmitter,旗舰级辐射视野型远程电容传输装置,
type,Capital Remote Armor Repairer I,旗舰级远程装甲维修器 I,
type,Capital Remote Armor Repairer II,旗舰级远程装甲维修器 II,
type,Capital Remote Capacitor Transmitter I,旗舰级远程电容传输装置 I,
type,Capital Remote Capacitor Transmitter II,旗舰级远程电容传输装置 II,
type,Capital Remote Hull Repairer I,旗舰级远程结构维修器 I,
type,Capital Remote Hull Repairer II,旗舰级远程结构维修器 II,
type,Capital Remote Repair Augmentor I,旗舰级远程维修增效器 I,
type,Capital Remote Repair Augmentor II,旗舰级远程维修增效器 II,
type,Capital Remote Shield Booster I,旗舰级远程护盾回充增量器 I,
type,Capital Remote Shield Booster II,旗舰级远程护盾回充增量器 II,
type,Capital Rocket Fuel Cache Partition I,旗舰级火箭燃料缓冲隔离装置 I,
type,Capital Rocket Fuel Cache Partition II,旗舰级火箭燃料缓冲隔离装置 II,
type,Capital S95a Scoped Remote Shield Booster,旗舰级S95a视野型远程护盾回充增量器,
type,Capital Salvage Tackle I,旗舰级打捞回收工具 I,
type,Capital Salvage Tackle II,旗舰级打捞回收工具 II,
type,Capital Scalar Capacitor Unit,旗舰级标量电容器单元,
type,Capital Semiconductor Memory Cell I,旗舰级半导体记忆电池 I,
type,Capital Semiconductor Memory Cell II,旗舰级半导体记忆电池 II,
type,Capital Sensor Cluster,旗舰感应器组,
type,Capital Sentry Damage Augmentor I,旗舰级岗哨炮伤害增强设备 I,
type,Capital Sentry Damage Augmentor II,旗舰级岗哨炮伤害增强设备 II,
type,Capital Shield Booster I,旗舰级护盾回充增量器 I,
type,Capital Shield Booster II,旗舰级护盾回充增量器 II,
type,Capital Shield Emitter,旗舰护盾发射器,
type,Capital Shield Extender I,旗舰级护盾扩展装置 I,
type,Capital Shield Extender II,旗舰级护盾扩展装置 II,
type,Capital Ship Assembly Array,旗舰组装阵列,
type,Capital Ship Maintenance Bay,旗舰船只维护舱,
type,Capital Siege Array,旗舰会战能源阵列,
type,Capital Signal Disruption Amplifier I,旗舰级信号干扰增效装置 I,
type,Capital Signal Disruption Amplifier II,旗舰级信号干扰增效装置 II,
type,Capital Signal Focusing Kit I,旗舰级信号集中设备 I,
type,Capital Signal Focusing Kit II,旗舰级信号集中设备 II,
type,Capital Singularity Radiation Convertor,旗舰级奇点辐射转化器,
type,Capital Solace Scoped Remote Armor Repairer,旗舰级抚慰视野型远程装甲维修器,
type,Capital Stasis Drone Augmentor I,旗舰级停滞无人机增强设备 I,
type,Capital Stasis Drone Augmentor II,旗舰级停滞无人机增强设备 II,
type,Capital Superconductor Rails,旗舰级超导体轨道,
type,Capital Sustained Shield Emitter,旗舰级恒定护盾发射器,
type,Capital Targeting System Subcontroller I,旗舰级锁定系统辅助控制器 I,
type,Capital Targeting System Subcontroller II,旗舰级锁定系统辅助控制器 II,
type,Capital Targeting Systems Stabilizer I,旗舰级锁定系统稳定器 I,
type,Capital Targeting Systems Stabilizer II,旗舰级锁定系统稳定器 II,
type,Capital Tesseract Capacitor Unit,旗舰级超立方电容器单元,
type,Capital Thermal Armor Reinforcer I,旗舰级热能装甲强化装置 I,
type,Capital Thermal Armor Reinforcer II,旗舰级热能装甲强化装置 II,
type,Capital Thermal Shield Reinforcer I,旗舰级热能护盾强化装置 I,
type,Capital Thermal Shield Reinforcer II,旗舰级热能护盾强化装置 II,
type,Capital Thermonuclear Trigger Unit,旗舰级热核反应击发装置,
type,Capital Titanium Diborite Armor Plate,旗舰级迪波特钛合金附甲,
type,Capital Tracking Diagnostic Subroutines I,旗舰级跟踪诊断子程序 I,
type,Capital Tracking Diagnostic Subroutines II,旗舰级跟踪诊断子程序 II,
type,Capital Tractor Beam I,旗舰级牵引光束 I,
type,Capital Tractor Beam II,旗舰级牵引光束 II,
type,Capital Transverse Bulkhead I,旗舰级横贯舱壁 I,
type,Capital Transverse Bulkhead II,旗舰级横贯舱壁 II,
type,Capital Trimark Armor Pump I,旗舰级三角装甲聚合器 I,
type,Capital Trimark Armor Pump II,旗舰级三角装甲聚合器 II,
type,Capital Trinary State Processor,旗舰级三元态处理器,
type,Capital Tungsten Carbide Armor Plate,旗舰级碳化钨附甲,
type,Capital Turret Hardpoint,旗舰炮台挂点,
type,Capital Ultratidal Entropic Mounting,旗舰级潮极熵能支架,
type,Capital Warhead Calefaction Catalyst I,旗舰级弹头加热辅助系统 I,
type,Capital Warhead Calefaction Catalyst II,旗舰级弹头加热辅助系统 II,
type,Capital Warhead Flare Catalyst I,旗舰级弹头爆燃辅助系统 I,
type,Capital Warhead Flare Catalyst II,旗舰级弹头爆燃辅助系统 II,
type,Capital Warhead Rigor Catalyst I,旗舰级弹头强化辅助系统 I,
type,Capital Warhead Rigor Catalyst II,旗舰级弹头强化辅助系统 II,
type,Capital Warp Core Optimizer I,旗舰级跃迁核心优化系统 I,
type,Capital Warp Core Optimizer II,旗舰级跃迁核心优化系统 II,
type,Capital Zero-Point Field Manipulator,旗舰级零点力场操纵装置,
type,Capsule Cascade Firework,"太空舱""瀑流""焰火",
type,Capsule Subsystem Holostorage EH-CN-J44-001,太空舱子系统全息存储 EH-CN-J44-001,
type,Capsule Subsystem Holostorage EH-CN-J44-002,太空舱子系统全息存储 EH-CN-J44-002,
type,Capsule Subsystem Holostorage EH-CN-J44-003,太空舱子系统全息存储 EH-CN-J44-003,
type,Capsule Subsystem Holostorage EH-CN-J44-004,太空舱子系统全息存储 EH-CN-J44-004,
type,Capsule Subsystem Holostorage EH-CN-J44-005,太空舱子系统全息存储 EH-CN-J44-005,
type,Capsule Subsystem Holostorage EH-CN-J44-006,太空舱子系统全息存储 EH-CN-J44-006,
type,Capsule Subsystem Holostorage EH-CN-J44-007,太空舱子系统全息存储 EH-CN-J44-007,
type,Capsule Subsystem Holostorage EH-CN-J44-008,太空舱子系统全息存储 EH-CN-J44-008,
type,Capsule Subsystem Holostorage EH-CN-J44-009,太空舱子系统全息存储 EH-CN-J44-009,
type,Capsule Subsystem Holostorage EH-CN-J44-010,太空舱子系统全息存储 EH-CN-J44-010,
type,Capsuleer Dawn Firework (Large),克隆飞行员黎明烟火（大型）,
type,Capsuleer Starburst Firework,克隆飞行员星爆焰火,
type,Caracal,狞獾级,ship
type,Caracal Navy Issue,狞獾级海军型,ship
type,Carbide Compact Dual 1000mm Railgun,碳化物紧凑型双联1000mm磁轨炮,
type,Carbide Compact Quad 3500mm Siege Artillery,碳化物紧凑型四联3500mm会战火炮,
type,Carbine Compact Hexa 2500mm Repeating Cannon,卡宾紧凑型六联2500mm频射加农炮,
type,Carbon,碳,
type,Carbon Fiber,碳纤维,
type,Carbon Polymers,碳聚合物,
type,Carbon-86 Epoxy Resin,碳86环氧树脂,
type,Carbonized Lead L,碳铅弹 L,
type,Carbonized Lead M,碳铅弹 M,
type,Carbonized Lead S,碳铅弹 S,
type,Carbonized Lead XL,碳铅弹 XL,
type,Cargo Scanner I,货柜扫描器 I,
type,Cargo Scanner II,货柜扫描器 II,
type,Carnotite,钒钾铀矿,
type,Cartesian Temporal Coordinator,笛卡尔时空坐标仪,
type,Cataclysmic Dark Filament,灾变黑暗深渊纤维,
type,Cataclysmic Electrical Filament,灾变电子深渊纤维,
type,Cataclysmic Exotic Filament,灾变异种深渊纤维,
type,Cataclysmic Firestorm Filament,灾变火瀑深渊纤维,
type,Cataclysmic Gamma Filament,灾变伽玛深渊纤维,
type,Catalyst,促进级,ship
type,Catalyst Navy Issue,促进级海军型,ship
type,Catalyst Silo,催化剂储藏库,
type,Celestis,星空级,ship
type,Cenobite I,修道士 I,
type,Cenobite II,修道士 II,
type,Cenotaph,纪念碑级,ship
type,Centii A-Type EM Coating,森提伊电磁涂层 A型,
type,Centii A-Type Explosive Coating,森提伊爆炸涂层 A型,
type,Centii A-Type Kinetic Coating,森提伊动能涂层 A型,
type,Centii A-Type Multispectrum Coating,森提伊多谱式涂层 A型,
type,Centii A-Type Small Armor Repairer,森提伊小型装甲维修器 A型,
type,Centii A-Type Small Remote Armor Repairer,森提伊小型远程装甲维修器 A型,
type,Centii A-Type Small Remote Capacitor Transmitter,森提伊小型远程电容传输装置 A型,
type,Centii A-Type Thermal Coating,森提伊热能涂层 A型,
type,Centii B-Type EM Coating,森提伊电磁涂层 B型,
type,Centii B-Type Explosive Coating,森提伊爆炸涂层 B型,
type,Centii B-Type Kinetic Coating,森提伊动能涂层 B型,
type,Centii B-Type Multispectrum Coating,森提伊多谱式涂层 B型,
type,Centii B-Type Small Armor Repairer,森提伊小型装甲维修器 B型,
type,Centii B-Type Small Remote Armor Repairer,森提伊小型远程装甲维修器 B型,
type,Centii B-Type Small Remote Capacitor Transmitter,森提伊小型远程电容传输装置 B型,
type,Centii B-Type Thermal Coating,森提伊热能涂层 B型,
type,Centii C-Type EM Coating,森提伊电磁涂层 C型,
type,Centii C-Type Explosive Coating,森提伊爆炸涂层 C型,
type,Centii C-Type Kinetic Coating,森提伊动能涂层 C型,
type,Centii C-Type Multispectrum Coating,森提伊多谱式涂层 C型,
type,Centii C-Type Small Armor Repairer,森提伊小型装甲维修器 C型,
type,Centii C-Type Small Remote Armor Repairer,森提伊小型远程装甲维修器 C型,
type,Centii C-Type Small Remote Capacitor Transmitter,森提伊小型远程电容传输装置 C型,
type,Centii C-Type Thermal Coating,森提伊热能涂层 C型,
type,Central System Controller,中央系统控制器,
type,Centum A-Type EM Energized Membrane,森塔姆电磁电压薄膜 A型,
type,Centum A-Type Explosive Energized Membrane,森塔姆爆炸电压薄膜 A型,
type,Centum A-Type Kinetic Energized Membrane,森塔姆动能电压薄膜 A型,
type,Centum A-Type Medium Armor Repairer,森塔姆中型装甲维修器 A型,
type,Centum A-Type Medium Remote Armor Repairer,森塔姆中型远程装甲维修器 A型,
type,Centum A-Type Medium Remote Capacitor Transmitter,森塔姆中型远程电容传输装置 A型,
type,Centum A-Type Multispectrum Energized Membrane,森塔姆多谱式电压薄膜 A型,
type,Centum A-Type Thermal Energized Membrane,森塔姆热能电压薄膜 A型,
type,Centum B-Type EM Energized Membrane,森塔姆电磁电压薄膜 B型,
type,Centum B-Type Explosive Energized Membrane,森塔姆爆炸电压薄膜 B型,
type,Centum B-Type Kinetic Energized Membrane,森塔姆动能电压薄膜 B型,
type,Centum B-Type Medium Armor Repairer,森塔姆中型装甲维修器 B型,
type,Centum B-Type Medium Remote Armor Repairer,森塔姆中型远程装甲维修器 B型,
type,Centum B-Type Medium Remote Capacitor Transmitter,森塔姆中型远程电容传输装置 B型,
type,Centum B-Type Multispectrum Energized Membrane,森塔姆多谱式电压薄膜 B型,
type,Centum B-Type Thermal Energized Membrane,森塔姆热能电压薄膜 B型,
type,Centum C-Type EM Energized Membrane,森塔姆电磁电压薄膜 C型,
type,Centum C-Type Explosive Energized Membrane,森塔姆爆炸电压薄膜 C型,
type,Centum C-Type Kinetic Energized Membrane,森塔姆动能电压薄膜 C型,
type,Centum C-Type Medium Armor Repairer,森塔姆中型装甲维修器 C型,
type,Centum C-Type Medium Remote Armor Repairer,森塔姆中型远程装甲维修器 C型,
type,Centum C-Type Medium Remote Capacitor Transmitter,森塔姆中型远程电容传输装置 C型,
type,Centum C-Type Multispectrum Energized Membrane,森塔姆多谱式电压薄膜 C型,
type,Centum C-Type Thermal Energized Membrane,森塔姆热能电压薄膜 C型,
type,Centus A-Type EM Armor Hardener,森屠斯电磁装甲增强器 A型,
type,Centus A-Type Explosive Armor Hardener,森屠斯爆炸装甲增强器 A型,
type,Centus A-Type Kinetic Armor Hardener,森屠斯动能装甲增强器 A型,
type,Centus A-Type Large Armor Repairer,森屠斯大型装甲维修器 A型,
type,Centus A-Type Thermal Armor Hardener,森屠斯热能装甲增强器 A型,
type,Centus B-Type EM Armor Hardener,森屠斯电磁装甲增强器 B型,
type,Centus B-Type Explosive Armor Hardener,森屠斯爆炸装甲增强器 B型,
type,Centus B-Type Kinetic Armor Hardener,森屠斯动能装甲增强器 B型,
type,Centus B-Type Large Armor Repairer,森屠斯大型装甲维修器 B型,
type,Centus B-Type Thermal Armor Hardener,森屠斯热能装甲增强器 B型,
type,Centus C-Type EM Armor Hardener,森屠斯电磁装甲增强器 C型,
type,Centus C-Type Explosive Armor Hardener,森屠斯爆炸装甲增强器 C型,
type,Centus C-Type Kinetic Armor Hardener,森屠斯动能装甲增强器 C型,
type,Centus C-Type Large Armor Repairer,森屠斯大型装甲维修器 C型,
type,Centus C-Type Thermal Armor Hardener,森屠斯热能装甲增强器 C型,
type,Centus X-Type EM Armor Hardener,森屠斯电磁装甲增强器 X型,
type,Centus X-Type Explosive Armor Hardener,森屠斯爆炸装甲增强器 X型,
type,Centus X-Type Kinetic Armor Hardener,森屠斯动能装甲增强器 X型,
type,Centus X-Type Large Armor Repairer,森屠斯大型装甲维修器 X型,
type,Centus X-Type Thermal Armor Hardener,森屠斯热能装甲增强器 X型,
type,Ceramic Powder,陶瓷粉末,
type,Cerberus,希尔博拉斯级,ship
type,Cetus Scoped Burst Jammer,鲸鱼座视野型脉冲干扰器,
type,Chameleon,变色龙级,ship
type,Chaotic Dark Filament,混乱黑暗深渊纤维,
type,Chaotic Electrical Filament,混乱电子深渊纤维,
type,Chaotic Exotic Filament,混乱异种深渊纤维,
type,Chaotic Firestorm Filament,混乱火瀑深渊纤维,
type,Chaotic Gamma Filament,混乱伽玛深渊纤维,
type,Charon,渡神级,ship
type,Charred Micro Circuit,烧焦的微电路,
type,Cheetah,猎豹级,ship
type,Chelm Soran's Tag,切尔姆·索兰的铭牌,
type,Chelm's Modified Cap Recharger,切尔姆氏改良型电容回充器,
type,Chelm's Modified Capacitor Power Relay,切尔姆氏改良型电容能源继电器,
type,Chelm's Modified Dual Heavy Beam Laser,切尔姆氏改良型双联重型集束激光器,
type,Chelm's Modified EM Armor Hardener,切尔姆氏改良型电磁装甲增强器,
type,Chelm's Modified EM Coating,切尔姆氏改良型电磁涂层,
type,Chelm's Modified EM Energized Membrane,切尔姆氏改良型电磁电压薄膜,
type,Chelm's Modified Explosive Armor Hardener,切尔姆氏改良型爆炸装甲增强器,
type,Chelm's Modified Explosive Coating,切尔姆氏改良型爆炸涂层,
type,Chelm's Modified Explosive Energized Membrane,切尔姆氏改良型爆炸电压薄膜,
type,Chelm's Modified Heat Sink,切尔姆氏改良型散热槽,
type,Chelm's Modified Heavy Capacitor Booster,切尔姆氏改良型重型电容注电器,
type,Chelm's Modified Heavy Energy Neutralizer,切尔姆氏改良型重型能量中和器,
type,Chelm's Modified Heavy Energy Nosferatu,切尔姆氏改良型重型掠能器,
type,Chelm's Modified Kinetic Armor Hardener,切尔姆氏改良型动能装甲增强器,
type,Chelm's Modified Kinetic Coating,切尔姆氏改良型动能涂层,
type,Chelm's Modified Kinetic Energized Membrane,切尔姆氏改良型动能电压薄膜,
type,Chelm's Modified Large Armor Repairer,切尔姆氏改良大型装甲维修器,
type,Chelm's Modified Large EMP Smartbomb,切尔姆氏改良大型EMP立体炸弹,
type,Chelm's Modified Mega Beam Laser,切尔姆氏改良型超级集束激光器,
type,Chelm's Modified Multispectrum Coating,切尔姆氏改良型多谱式涂层,
type,Chelm's Modified Multispectrum Energized Membrane,切尔姆氏改良型多谱式电压薄膜,
type,Chelm's Modified Power Diagnostic System,切尔姆氏改良型能源诊断系统,
type,Chelm's Modified Reactor Control Unit,切尔姆氏改良型反应堆控制元件,
type,Chelm's Modified Tachyon Beam Laser,切尔姆氏改良型超光速粒子集束激光器,
type,Chelm's Modified Thermal Armor Hardener,切尔姆氏改良型热能装甲增强器,
type,Chelm's Modified Thermal Coating,切尔姆氏改良型热能涂层,
type,Chelm's Modified Thermal Energized Membrane,切尔姆氏改良型热能电压薄膜,
type,Chemosh,基抹级,ship
type,Cherubic Heartburst Firework,无邪心动焰火,
type,Chimera,奇美拉级,ship
type,Chremoas,克雷默斯级,ship
type,Chromite,铬铁矿,
type,Chromium,铬,
type,Chromodynamic Tricarboxyls,色动力学三羧基,
type,Cinnabar,朱砂,
type,Civilian Armor Repairer,民用装甲维修器,
type,Civilian Damage Control,民用损伤控制,
type,Civilian EM Shield Hardener,民用电磁护盾增强器,
type,Civilian Expanded Cargohold,民用扩充货柜舱,
type,Civilian Explosive Shield Hardener,民用爆炸护盾增强器,
type,Civilian Kinetic Shield Hardener,民用动能护盾增强器,
type,Civilian Miner,民用采矿器,
type,Civilian Mining Drone,民用采矿无人机,
type,Civilian Shield Booster,民用护盾回充增量器,
type,Civilian Stasis Webifier,民用停滞缠绕光束,
type,Civilian Thermal Shield Hardener,民用热能护盾增强器,
type,Civilian Warp Disruptor,民用跃迁干扰器,
type,Cladistic-15 'Krai Perun' Filament,"演化-15""雷电裔边疆""纤维",
type,Cladistic-15 'Krai Svarog' Filament,"演化-15""熔火裔边疆""纤维",
type,Cladistic-15 'Krai Veles' Filament,"演化-15""暗泽裔边疆""纤维",
type,Cladistic-5 'Krai Perun' Filament,"演化-5""雷电裔边疆""纤维",
type,Cladistic-5 'Krai Svarog' Filament,"演化-5""熔火裔边疆""纤维",
type,Cladistic-5 'Krai Veles' Filament,"演化-5""暗泽裔边疆""纤维",
type,Classified Caldari Databank,加达里机密数据库,
type,Claw,利爪级,ship
type,Claymore,月刃级,ship
type,Clear Icicle,清冰锥,
type,Clear Icicle IV-Grade,清冰锥（4级）,
type,Clone Soldier Negotiator Tag,克隆战士谈判者铭牌,
type,Clone Soldier Recruiter Tag,克隆战士招募员铭牌,
type,Clone Soldier Trainer Tag,克隆战士教官铭牌,
type,Clone Soldier Transporter Tag,克隆战士运输员铭牌,
type,Clone Vat Bay I,克隆舱 I,
type,Clutch Restrained Warp Disruption Field Generator,离合器抑制型跃迁扰断力场发生器,
type,CMT-05N Nullsec Ice Storm Filament,CMT-05N零安等冰风暴纤维,
type,Co-Processor I,协处理器 I,
type,Co-Processor II,协处理器 II,
type,Coadjunct Scoped Remote Sensor Booster,互接入视野型远程感应增强器,
type,Coalesced Element,合并元素,
type,Cobalt,钴,
type,Cobaltite,钴酸盐,
type,Cobra,眼镜蛇级,ship
type,Coercer,强制者级,ship
type,Coercer Navy Issue,强制者级海军型,ship
type,Coesite,柯石英,
type,Cogni-Emotive Neurolink Enhancer,感知神经链接增强器,
type,Coherent Asteroid Mining Crystal Type A I,聚合小行星采集晶体A型 I,
type,Coherent Asteroid Mining Crystal Type A II,聚合小行星采集晶体A型 II,
type,Coherent Asteroid Mining Crystal Type B I,聚合小行星采集晶体B型 I,
type,Coherent Asteroid Mining Crystal Type B II,聚合小行星采集晶体B型 II,
type,Coherent Asteroid Mining Crystal Type C I,聚合小行星采集晶体C型 I,
type,Coherent Asteroid Mining Crystal Type C II,聚合小行星采集晶体C型 II,
type,Combat Scanner Probe I,作战扫描探针 I,
type,Common Moon Mining Crystal Type A I,普通卫星矿石采集晶体A型 I,
type,Common Moon Mining Crystal Type A II,普通卫星矿石采集晶体A型 II,
type,Common Moon Mining Crystal Type B I,普通卫星矿石采集晶体B型 I,
type,Common Moon Mining Crystal Type B II,普通卫星矿石采集晶体B型 II,
type,Common Moon Mining Crystal Type C I,普通卫星矿石采集晶体C型 I,
type,Common Moon Mining Crystal Type C II,普通卫星矿石采集晶体C型 II,
type,Compact Carbine Quad 800mm Repeating Cannon,紧凑型卡宾四联800mm频射加农炮,
type,Compact Compounds,紧凑型化合物,
type,Compact Conductors,紧凑型导体,
type,Compact Electronics,紧凑型电子元件,
type,Compact EM Energized Membrane,紧凑型电磁电压薄膜,
type,Compact EM Shield Amplifier,紧凑型电磁护盾增效器,
type,Compact EM Shield Hardener,紧凑型电磁护盾增强器,
type,Compact Entropic Radiation Sink,紧凑型熵辐射槽,
type,Compact Explosive Energized Membrane,紧凑型爆炸电压薄膜,
type,Compact Explosive Shield Amplifier,紧凑型爆炸护盾增效器,
type,Compact Explosive Shield Hardener,紧凑型爆炸护盾增强器,
type,Compact Interdiction Nullifier,紧凑型拦截失效装置,
type,Compact Kinetic Energized Membrane,紧凑型动能电压薄膜,
type,Compact Kinetic Shield Amplifier,紧凑型动能护盾增效器,
type,Compact Kinetic Shield Hardener,紧凑型动能护盾增强器,
type,Compact Layered Energized Membrane,紧凑型覆层电压薄膜,
type,Compact Multispectrum Energized Membrane,紧凑型多谱式电压薄膜,
type,Compact Multispectrum Shield Hardener,紧凑型多谱式护盾增强器,
type,Compact Thermal Energized Membrane,紧凑型热能电压薄膜,
type,Compact Thermal Shield Amplifier,紧凑型热能护盾增效器,
type,Compact Thermal Shield Hardener,紧凑型热能护盾增强器,
type,Compact Vorton Tuning System I,紧凑型电弧弦调谐系统 I,
type,Complex Asteroid Mining Crystal Type A I,死亡空间小行星采集晶体A型 I,
type,Complex Asteroid Mining Crystal Type A II,死亡空间小行星采集晶体A型 II,
type,Complex Asteroid Mining Crystal Type B I,死亡空间小行星采集晶体B型 I,
type,Complex Asteroid Mining Crystal Type B II,死亡空间小行星采集晶体B型 II,
type,Complex Asteroid Mining Crystal Type C I,死亡空间小行星采集晶体C型 I,
type,Complex Asteroid Mining Crystal Type C II,死亡空间小行星采集晶体C型 II,
type,Complex Reactor Array,复杂反应堆阵列,
type,Component Assembly Array,组件装配阵列,
type,Compressed Arkonor,高密度艾克诺岩,
type,Compressed Arkonor II-Grade,高密度艾克诺岩（2级）,
type,Compressed Arkonor III-Grade,高密度艾克诺岩（3级）,
type,Compressed Arkonor IV-Grade,高密度艾克诺岩（4级）,
type,Compressed Bezdnacine,高密度贝兹岩,
type,Compressed Bezdnacine II-Grade,高密度贝兹岩（2级）,
type,Compressed Bezdnacine III-Grade,高密度贝兹岩（3级）,
type,Compressed Bistot,高密度双多特石,
type,Compressed Bistot II-Grade,高密度双多特石（2级）,
type,Compressed Bistot III-Grade,高密度双多特石（3级）,
type,Compressed Bistot IV-Grade,高密度双多特石（4级）,
type,Compressed Bitumens,高密度沥青,
type,Compressed Blue Ice,高密度蓝冰矿,
type,Compressed Blue Ice IV-Grade,高密度蓝冰矿（4级）,
type,Compressed Bountiful Loparite,高密度裕铈铌钙钛矿,
type,Compressed Bountiful Monazite,高密度裕独居石,
type,Compressed Bountiful Xenotime,高密度裕磷钇矿,
type,Compressed Bountiful Ytterbite,高密度裕硅铍钇矿,
type,Compressed Brimful Bitumens,高密度富沥青,
type,Compressed Brimful Coesite,高密度富柯石英,
type,Compressed Brimful Sylvite,高密度富钾盐,
type,Compressed Brimful Zeolites,高密度富沸石,
type,Compressed Capsule Shell,压缩太空舱外壳,
type,Compressed Carnotite,高密度钒钾铀矿,
type,Compressed Chromite,高密度铬铁矿,
type,Compressed Cinnabar,高密度朱砂,
type,Compressed Clear Icicle,高密度清冰锥,
type,Compressed Clear Icicle IV-Grade,高密度清冰锥（4级）,
type,Compressed Cobaltite,高密度钴酸盐,
type,Compressed Coesite,高密度柯石英,
type,Compressed Copious Cobaltite,高密度多钴酸盐,
type,Compressed Copious Euxenite,高密度多黑稀金矿,
type,Compressed Copious Scheelite,高密度多白钨矿,
type,Compressed Copious Titanite,高密度多榍石,
type,Compressed Crokite,高密度克洛基石,
type,Compressed Crokite II-Grade,高密度克洛基石（2级）,
type,Compressed Crokite III-Grade,高密度克洛基石（3级）,
type,Compressed Crokite IV-Grade,高密度克洛基石（4级）,
type,Compressed Dark Glitter,高密度黑闪冰,
type,Compressed Dark Ochre,高密度黑赭石,
type,Compressed Dark Ochre II-Grade,高密度黑赭石（2级）,
type,Compressed Dark Ochre III-Grade,高密度黑赭石（3级）,
type,Compressed Dark Ochre IV-Grade,高密度黑赭石（4级）,
type,Compressed Dense Polycrase,高密度厚质复稀金矿,
type,Compressed Ducinium,高密度杜厦合金,
type,Compressed Ducinium II-Grade,高密度杜厦合金（2级）,
type,Compressed Ducinium III-Grade,高密度杜厦合金（3级）,
type,Compressed Ducinium IV-Grade,高密度杜厦合金（4级）,
type,Compressed Eifyrium,高密度埃菲尔合金,
type,Compressed Eifyrium II-Grade,高密度埃菲尔合金（2级）,
type,Compressed Eifyrium III-Grade,高密度埃菲尔合金（3级）,
type,Compressed Eifyrium IV-Grade,高密度埃菲尔合金（4级）,
type,Compressed Enduring Dual 1000mm Railgun,压缩型持久型双联1000mm磁轨炮,
type,Compressed Euxenite,高密度黑稀金矿,
type,Compressed Gelidus,高密度加里多斯冰矿,
type,Compressed Glacial Mass,高密度聚合冰体,
type,Compressed Glacial Mass IV-Grade,高密度聚合冰体（4级）,
type,Compressed Glare Crust,高密度电冰体,
type,Compressed Glistening Bitumens,高密度耀沥青,
type,Compressed Glistening Coesite,高密度耀柯石英,
type,Compressed Glistening Sylvite,高密度耀钾盐,
type,Compressed Glistening Zeolites,高密度耀沸石,
type,Compressed Glowing Carnotite,高密度灼钒钾铀矿,
type,Compressed Glowing Cinnabar,高密度灼朱砂,
type,Compressed Glowing Pollucite,高密度灼铯榴石,
type,Compressed Glowing Zircon,高密度灼锆石,
type,Compressed Gneiss,高密度片麻岩,
type,Compressed Gneiss II-Grade,高密度片麻岩（2级）,
type,Compressed Gneiss III-Grade,高密度片麻岩（3级）,
type,Compressed Gneiss IV-Grade,高密度片麻岩（4级）,
type,Compressed Griemeer,高密度格里米尔,
type,Compressed Griemeer II-Grade,高密度格里米尔（2级）,
type,Compressed Griemeer III-Grade,高密度格里米尔（3级）,
type,Compressed Griemeer IV-Grade,高密度格里米尔（4级）,
type,Compressed Hedbergite,高密度同位原矿,
type,Compressed Hedbergite II-Grade,高密度同位原矿（2级）,
type,Compressed Hedbergite III-Grade,高密度同位原矿（3级）,
type,Compressed Hedbergite IV-Grade,高密度同位原矿（4级）,
type,Compressed Hemorphite,高密度希莫非特,
type,Compressed Hemorphite II-Grade,高密度希莫非特（2级）,
type,Compressed Hemorphite III-Grade,高密度希莫非特（3级）,
type,Compressed Hemorphite IV-Grade,高密度希莫非特（4级）,
type,Compressed Hezorime,高密度赫佐利姆,
type,Compressed Hezorime II-Grade,高密度赫佐利姆（2级）,
type,Compressed Hezorime III-Grade,高密度赫佐利姆（3级）,
type,Compressed Hezorime IV-Grade,高密度赫佐利姆（4级）,
type,Compressed Jaspet,高密度杰斯贝矿,
type,Compressed Jaspet II-Grade,高密度杰斯贝矿（2级）,
type,Compressed Jaspet III-Grade,高密度杰斯贝矿（3级）,
type,Compressed Jaspet IV-Grade,高密度杰斯贝矿（4级）,
type,Compressed Kangite X-Grade,高密度钪原矿（5级）,
type,Compressed Kernite,高密度水硼砂,
type,Compressed Kernite II-Grade,高密度水硼砂（2级）,
type,Compressed Kernite III-Grade,高密度水硼砂（3级）,
type,Compressed Kernite IV-Grade,高密度水硼砂（4级）,
type,Compressed Krystallos,高密度冰晶矿,
type,Compressed Kylixium,高密度克里石,
type,Compressed Kylixium II-Grade,高密度克里石（2级）,
type,Compressed Kylixium III-Grade,高密度克里石（3级）,
type,Compressed Kylixium IV-Grade,高密度克里石（4级）,
type,Compressed Lavish Chromite,高密度丰铬铁矿,
type,Compressed Lavish Otavite,高密度丰菱镉矿,
type,Compressed Lavish Sperrylite,高密度丰砷铂矿,
type,Compressed Lavish Vanadinite,高密度丰钒铅矿,
type,Compressed Loparite,高密度铈铌钙钛矿,
type,Compressed Mercoxit,高密度基腹断岩,
type,Compressed Mercoxit II-Grade,高密度基腹断岩（2级）,
type,Compressed Mercoxit III-Grade,高密度基腹断岩（3级）,
type,Compressed Moissanite X-Grade,高密度碳硅石（5级）,
type,Compressed Monazite,高密度独居石,
type,Compressed Mordunium,高密度莫德合金,
type,Compressed Mordunium II-Grade,高密度莫德合金（2级）,
type,Compressed Mordunium III-Grade,高密度莫德合金（3级）,
type,Compressed Mordunium IV-Grade,高密度莫德合金（4级）,
type,Compressed Nocxite,高密度诺克希特,
type,Compressed Nocxite II-Grade,高密度诺克希特（2级）,
type,Compressed Nocxite III-Grade,高密度诺克希特（3级）,
type,Compressed Nocxite IV-Grade,高密度诺克希特（4级）,
type,Compressed Omber,高密度奥贝尔石,
type,Compressed Omber II-Grade,高密度奥贝尔石（2级）,
type,Compressed Omber III-Grade,高密度奥贝尔石（3级）,
type,Compressed Omber IV-Grade,高密度奥贝尔石（4级）,
type,Compressed Otavite,高密度菱镉矿,
type,Compressed Plagioclase,高密度斜长岩,
type,Compressed Plagioclase II-Grade,高密度斜长岩（2级）,
type,Compressed Plagioclase III-Grade,高密度斜长岩（3级）,
type,Compressed Plagioclase IV-Grade,高密度斜长岩（4级）,
type,Compressed Pollucite,高密度铯榴石,
type,Compressed Polycrase X-Grade,高密度复稀金矿（5级）,
type,Compressed Prismaticite,高密度棱柱岩,
type,Compressed Pyroxeres,高密度干焦岩,
type,Compressed Pyroxeres II-Grade,高密度干焦岩（2级）,
type,Compressed Pyroxeres III-Grade,高密度干焦岩（3级）,
type,Compressed Pyroxeres IV-Grade,高密度干焦岩（4级）,
type,Compressed Rakovene,高密度拉克岩,
type,Compressed Rakovene II-Grade,高密度拉克岩（2级）,
type,Compressed Rakovene III-Grade,高密度拉克岩（3级）,
type,Compressed Raspite X-Grade,高密度斜钨铅矿（5级）,
type,Compressed Replete Carnotite,压缩盈钒钾铀矿,
type,Compressed Replete Cinnabar,高密度盈朱砂,
type,Compressed Replete Pollucite,高密度盈铯榴石,
type,Compressed Replete Zircon,高密度盈锆石,
type,Compressed Scheelite,高密度白钨矿,
type,Compressed Scordite,高密度灼烧岩,
type,Compressed Scordite 0-Grade,高密度灼烧岩（0级）,
type,Compressed Scordite II-Grade,高密度灼烧岩（2级）,
type,Compressed Scordite III-Grade,高密度灼烧岩（3级）,
type,Compressed Scordite IV-Grade,高密度灼烧岩（4级）,
type,Compressed Shimmering Chromite,高密度闪铬铁矿,
type,Compressed Shimmering Otavite,高密度闪菱镉矿,
type,Compressed Shimmering Sperrylite,高密度闪砷铂矿,
type,Compressed Shimmering Vanadinite,高密度闪钒铅矿,
type,Compressed Shining Loparite,高密度辉铈铌钙钛矿,
type,Compressed Shining Monazite,高密度辉独居石,
type,Compressed Shining Xenotime,高密度辉磷钇矿,
type,Compressed Shining Ytterbite,高密度辉硅铍钇矿,
type,Compressed Sperrylite,高密度砷铂矿,
type,Compressed Spodumain,高密度灰岩,
type,Compressed Spodumain II-Grade,高密度灰岩（2级）,
type,Compressed Spodumain III-Grade,高密度灰岩（3级）,
type,Compressed Spodumain IV-Grade,高密度灰岩（4级）,
type,Compressed Sylvite,高密度钾盐,
type,Compressed Talassonite,高密度塔拉岩,
type,Compressed Talassonite II-Grade,高密度塔拉岩（2级）,
type,Compressed Talassonite III-Grade,高密度塔拉岩（3级）,
type,Compressed Titanite,高密度榍石,
type,Compressed Twinkling Cobaltite,高密度荧钴酸盐,
type,Compressed Twinkling Euxenite,高密度荧黑稀金矿,
type,Compressed Twinkling Scheelite,高密度荧白钨矿,
type,Compressed Twinkling Titanite,高密度荧榍石,
type,Compressed Ueganite,高密度尤加石,
type,Compressed Ueganite II-Grade,高密度尤加石（2级）,
type,Compressed Ueganite III-Grade,高密度尤加石（3级）,
type,Compressed Ueganite IV-Grade,高密度尤加石（4级）,
type,Compressed Vanadinite,高密度钒铅矿,
type,Compressed Veldspar,高密度凡晶石,
type,Compressed Veldspar 0-Grade,高密度凡晶石（0级）,
type,Compressed Veldspar II-Grade,高密度凡晶石（2级）,
type,Compressed Veldspar III-Grade,高密度凡晶石（3级）,
type,Compressed Veldspar IV-Grade,高密度凡晶石（4级）,
type,Compressed White Glaze,高密度白釉冰,
type,Compressed White Glaze IV-Grade,高密度白釉冰（4级）,
type,Compressed Xenotime,高密度磷钇矿,
type,Compressed Ytirium,高密度耶利合金,
type,Compressed Ytirium II-Grade,高密度耶利合金（2级）,
type,Compressed Ytirium III-Grade,高密度耶利合金（3级）,
type,Compressed Ytirium IV-Grade,高密度耶利合金（4级）,
type,Compressed Ytterbite,高密度硅铍钇矿,
type,Compressed Zeolites,高密度沸石,
type,Compressed Zircon,高密度锆石,
type,Compression Array,压缩阵列,
type,Compulsive Scoped Multispectral ECM,强制视野型多谱式ECM,
type,Computer Chips,电脑芯片,
type,CONCORD 25000mm Steel Plates,统合部25000mm钢附甲板,
type,CONCORD Capital Armor Repairer,统合部旗舰级装甲维修器,
type,CONCORD Capital Remote Armor Repairer,统合部旗舰级远程装甲维修器,
type,CONCORD Capital Remote Capacitor Transmitter,统合部旗舰级远程电容传输装置,
type,CONCORD Capital Remote Shield Booster,统合部旗舰级远程护盾回充增量器,
type,CONCORD Capital Shield Booster,统合部旗舰级护盾回充增量器,
type,CONCORD Capital Shield Extender,统合部旗舰级护盾扩展装置,
type,CONCORD Captain Emblem,统合部上尉徽章,
type,CONCORD Colonel Emblem,统合部上校徽章,
type,CONCORD Dual 1000mm Railgun,统合部双联1000mm磁轨炮,
type,CONCORD Dual Giga Beam Laser,统合部双联千兆级集束激光器,
type,CONCORD Dual Giga Pulse Laser,统合部双联千兆级脉冲激光器,
type,CONCORD General Emblem,统合部将军徽章,
type,CONCORD Hexa 2500mm Repeating Cannon,统合部六联2500mm频射加农炮,
type,CONCORD Ion Siege Blaster,统合部离子会战疾速炮,
type,CONCORD Modified Cloaking Device,统合部改良型隐形装置,
type,CONCORD Officer Emblem,统合部军官徽章,
type,CONCORD Panther Emblem,统合部黑豹徽章,
type,CONCORD Piranha Emblem,统合部水虎鱼徽章,
type,CONCORD Quad 3500mm Siege Artillery,统合部四联3500mm会战火炮,
type,CONCORD Raptor Emblem,统合部猛禽徽章,
type,CONCORD Rogue Analysis Beacon,统合部自由分析信标,
type,CONCORD Soldier Emblem,统合部兵士徽章,
type,CONCORD Star Emblem,统合部星徽章,
type,CONCORD Warp Disruption Field Generator,统合部跃迁扰断力场发生器,
type,CONCORD XL Cruise Missile Launcher,统合部超大型巡航导弹发射器,
type,CONCORD XL Torpedo Launcher,统合部超大型鱼雷发射器,
type,CONCORD-Carrier Rogue Analysis Beacon,统合部-航母自由无人机分析信标,
type,Concussion Bomb,震荡炸弹,
type,Condensed Alloy,浓缩合金,
type,Condor,秃鹫级,ship
type,Conductive Polymer,聚合导体,
type,Conductive Thermoplastic,传导性热塑塑料,
type,Confessor,忏悔者级,ship
type,Confiscated Viral Agent,被没收的病原体,
type,Conflagrati Mutanite,爆燃突变石,
type,Conflagration L,爆燃 L,
type,Conflagration M,爆燃 M,
type,Conflagration S,爆燃 S,
type,Conflagration XL,爆燃 XL,
type,Conflux Element,合流元素,
type,Conflux Index,合流索引,
type,Conflux Sequence 0,合流序列0,
type,Conflux Sequence 1,合流序列1,
type,Consortium Capital Tractor Beam,财团旗舰级牵引光束,
type,Consortium Mobile Tractor Unit,财团移动式牵引装置,
type,Consortium Small Tractor Beam,财团小型牵引光束,
type,Consortium Vorton Tuning System,财团电弧弦调谐系统,
type,Construction Alloy,建筑合金,
type,Contaminated Lorentz Fluid,被污染的洛伦兹流体,
type,Contaminated Nanite Compound,受污染的纳米聚合体,
type,Contraband Data,违禁品数据,
type,Copasetic Compact Shield Boost Amplifier,优秀紧凑型护盾回充增量增效器,
type,Copious Cobaltite,多钴酸盐,
type,Copious Euxenite,多黑稀金矿,
type,Copious Scheelite,多白钨矿,
type,Copious Titanite,多榍石,
type,Copper Firework,铜烟火,
type,Copper Firework CXIV,铜烟火CXIV,
type,Corax,渡鸦级,ship
type,Corax Navy Issue,渡鸦级海军型,ship
type,Core A-Type 100MN Afterburner,科尔100MN加力燃烧器 A型,
type,Core A-Type 500MN Microwarpdrive,科尔500MN微型跃迁推进器 A型,
type,Core A-Type EM Armor Hardener,科尔电磁装甲增强器 A型,
type,Core A-Type Explosive Armor Hardener,科尔爆炸装甲增强器 A型,
type,Core A-Type Kinetic Armor Hardener,科尔动能装甲增强器 A型,
type,Core A-Type Large Armor Repairer,科尔大型装甲维修器 A型,
type,Core A-Type Thermal Armor Hardener,科尔热能装甲增强器 A型,
type,Core B-Type 100MN Afterburner,科尔100MN加力燃烧器 B型,
type,Core B-Type 500MN Microwarpdrive,科尔500MN微型跃迁推进器 B型,
type,Core B-Type EM Armor Hardener,科尔电磁装甲增强器 B型,
type,Core B-Type Explosive Armor Hardener,科尔爆炸装甲增强器 B型,
type,Core B-Type Kinetic Armor Hardener,科尔动能装甲增强器 B型,
type,Core B-Type Large Armor Repairer,科尔大型装甲维修器 B型,
type,Core B-Type Thermal Armor Hardener,科尔热能装甲增强器 B型,
type,Core C-Type 100MN Afterburner,科尔100MN加力燃烧器 C型,
type,Core C-Type 500MN Microwarpdrive,科尔500MN微型跃迁推进器 C型,
type,Core C-Type EM Armor Hardener,科尔电磁装甲增强器 C型,
type,Core C-Type Explosive Armor Hardener,科尔爆炸装甲增强器 C型,
type,Core C-Type Kinetic Armor Hardener,科尔动能装甲增强器 C型,
type,Core C-Type Large Armor Repairer,科尔大型装甲维修器 C型,
type,Core C-Type Thermal Armor Hardener,科尔热能装甲增强器 C型,
type,Core Probe Launcher I,核心探针发射器 I,
type,Core Probe Launcher II,核心探针发射器 II,
type,Core Scanner Probe I,核心扫描探针 I,
type,Core Temperature Regulator,核心温度调节器,
type,Core X-Type 100MN Afterburner,科尔100MN加力燃烧器 X型,
type,Core X-Type 500MN Microwarpdrive,科尔500MN微型跃迁推进器 X型,
type,Core X-Type EM Armor Hardener,科尔电磁装甲增强器 X型,
type,Core X-Type Explosive Armor Hardener,科尔爆炸装甲增强器 X型,
type,Core X-Type Kinetic Armor Hardener,科尔动能装甲增强器 X型,
type,Core X-Type Large Armor Repairer,科尔大型装甲维修器 X型,
type,Core X-Type Thermal Armor Hardener,科尔热能装甲增强器 X型,
type,Coreli A-Type 1MN Afterburner,克尔利伊1MN加力燃烧器 A型,
type,Coreli A-Type 5MN Microwarpdrive,克尔利伊5MN微型跃迁推进器 A型,
type,Coreli A-Type EM Coating,克尔利伊电磁涂层 A型,
type,Coreli A-Type Explosive Coating,克尔利伊爆炸涂层 A型,
type,Coreli A-Type Kinetic Coating,克尔利伊动能涂层 A型,
type,Coreli A-Type Multispectrum Coating,克尔利伊多谱式涂层 A型,
type,Coreli A-Type Small Armor Repairer,克尔利伊小型装甲维修器 A型,
type,Coreli A-Type Small Remote Armor Repairer,克尔利伊小型远程装甲维修器 A型,
type,Coreli A-Type Thermal Coating,克尔利伊热能涂层 A型,
type,Coreli B-Type 1MN Afterburner,克尔利伊1MN加力燃烧器 B型,
type,Coreli B-Type 5MN Microwarpdrive,克尔利伊5MN微型跃迁推进器 B型,
type,Coreli B-Type EM Coating,克尔利伊电磁涂层 B型,
type,Coreli B-Type Explosive Coating,克尔利伊爆炸涂层 B型,
type,Coreli B-Type Kinetic Coating,克尔利伊动能涂层 B型,
type,Coreli B-Type Multispectrum Coating,克尔利伊多谱式涂层 B型,
type,Coreli B-Type Small Armor Repairer,克尔利伊小型装甲维修器 B型,
type,Coreli B-Type Small Remote Armor Repairer,克尔利伊小型远程装甲维修器 B型,
type,Coreli B-Type Thermal Coating,克尔利伊热能涂层 B型,
type,Coreli C-Type 1MN Afterburner,克尔利伊1MN加力燃烧器 C型,
type,Coreli C-Type 5MN Microwarpdrive,克尔利伊5MN微型跃迁推进器 C型,
type,Coreli C-Type EM Coating,克尔利伊电磁涂层 C型,
type,Coreli C-Type Explosive Coating,克尔利伊爆炸涂层 C型,
type,Coreli C-Type Kinetic Coating,克尔利伊动能涂层 C型,
type,Coreli C-Type Multispectrum Coating,克尔利伊多谱式涂层 C型,
type,Coreli C-Type Small Armor Repairer,克尔利伊小型装甲维修器 C型,
type,Coreli C-Type Small Remote Armor Repairer,克尔利伊小型远程装甲维修器 C型,
type,Coreli C-Type Thermal Coating,克尔利伊热能涂层 C型,
type,Corelum A-Type 10MN Afterburner,克尔鲁姆10MN加力燃烧器 A型,
type,Corelum A-Type 50MN Microwarpdrive,克尔鲁姆50MN微型跃迁推进器 A型,
type,Corelum A-Type EM Energized Membrane,克尔鲁姆电磁电压薄膜 A型,
type,Corelum A-Type Explosive Energized Membrane,克尔鲁姆爆炸电压薄膜 A型,
type,Corelum A-Type Kinetic Energized Membrane,克尔鲁姆动能电压薄膜 A型,
type,Corelum A-Type Medium Armor Repairer,克尔鲁姆中型装甲维修器 A型,
type,Corelum A-Type Medium Remote Armor Repairer,克尔鲁姆中型远程装甲维修器 A型,
type,Corelum A-Type Multispectrum Energized Membrane,克尔鲁姆多谱式电压薄膜 A型,
type,Corelum A-Type Thermal Energized Membrane,克尔鲁姆热能电压薄膜 A型,
type,Corelum B-Type 10MN Afterburner,克尔鲁姆10MN加力燃烧器 B型,
type,Corelum B-Type 50MN Microwarpdrive,克尔鲁姆50MN微型跃迁推进器 B型,
type,Corelum B-Type EM Energized Membrane,克尔鲁姆电磁电压薄膜 B型,
type,Corelum B-Type Explosive Energized Membrane,克尔鲁姆爆炸电压薄膜 B型,
type,Corelum B-Type Kinetic Energized Membrane,克尔鲁姆动能电压薄膜 B型,
type,Corelum B-Type Medium Armor Repairer,克尔鲁姆中型装甲维修器 B型,
type,Corelum B-Type Medium Remote Armor Repairer,克尔鲁姆中型远程装甲维修器 B型,
type,Corelum B-Type Multispectrum Energized Membrane,克尔鲁姆多谱式电压薄膜 B型,
type,Corelum B-Type Thermal Energized Membrane,克尔鲁姆热能电压薄膜 B型,
type,Corelum C-Type 10MN Afterburner,克尔鲁姆10MN加力燃烧器 C型,
type,Corelum C-Type 50MN Microwarpdrive,克尔鲁姆50MN微型跃迁推进器 C型,
type,Corelum C-Type EM Energized Membrane,克尔鲁姆电磁电压薄膜 C型,
type,Corelum C-Type Explosive Energized Membrane,克尔鲁姆爆炸电压薄膜 C型,
type,Corelum C-Type Kinetic Energized Membrane,克尔鲁姆动能电压薄膜 C型,
type,Corelum C-Type Medium Armor Repairer,克尔鲁姆中型装甲维修器 C型,
type,Corelum C-Type Medium Remote Armor Repairer,克尔鲁姆中型远程装甲维修器 C型,
type,Corelum C-Type Multispectrum Energized Membrane,克尔鲁姆多谱式电压薄膜 C型,
type,Corelum C-Type Thermal Energized Membrane,克尔鲁姆热能电压薄膜 C型,
type,Cormack Vaaja's Tag,科尔马克·瓦加的铭牌,
type,Cormack's Modified 100MN Afterburner,科尔马克氏改良型100MN加力燃烧器,
type,Cormack's Modified 500MN Microwarpdrive,科尔马克氏改良型500MN微型跃迁推进器,
type,Cormack's Modified Co-Processor,科尔马克氏改良型协处理器,
type,Cormack's Modified Damage Control,科尔马克氏改良型损伤控制,
type,Cormack's Modified Electron Blaster Cannon,科尔马克氏改良型电子疾速加农炮,
type,Cormack's Modified EM Armor Hardener,科尔马克氏改良型电磁装甲增强器,
type,Cormack's Modified EM Coating,科尔马克氏改良型电磁涂层,
type,Cormack's Modified EM Energized Membrane,科尔马克氏改良型电磁电压薄膜,
type,Cormack's Modified Explosive Armor Hardener,科尔马克氏改良型爆炸装甲增强器,
type,Cormack's Modified Explosive Coating,科尔马克氏改良型爆炸涂层,
type,Cormack's Modified Explosive Energized Membrane,科尔马克氏改良型爆炸电压薄膜,
type,Cormack's Modified Ion Blaster Cannon,科尔马克氏改良型离子疾速加农炮,
type,Cormack's Modified Kinetic Armor Hardener,科尔马克氏改良型动能装甲增强器,
type,Cormack's Modified Kinetic Coating,科尔马克氏改良型动能涂层,
type,Cormack's Modified Kinetic Energized Membrane,科尔马克氏改良型动能电压薄膜,
type,Cormack's Modified Large Armor Repairer,科尔马克氏改良大型装甲维修器,
type,Cormack's Modified Large Plasma Smartbomb,科尔马克氏改良大型等离子立体炸弹,
type,Cormack's Modified Magnetic Field Stabilizer,科尔马克氏改良型磁性力场稳定器,
type,Cormack's Modified Multispectrum Coating,科尔马克氏改良型多谱式涂层,
type,Cormack's Modified Multispectrum Energized Membrane,科尔马克氏改良型多谱式电压薄膜,
type,Cormack's Modified Neutron Blaster Cannon,科尔马克氏改良型中子疾速加农炮,
type,Cormack's Modified Power Diagnostic System,科尔马克氏改良型能源诊断系统,
type,Cormack's Modified Reactor Control Unit,科尔马克氏改良型反应堆控制元件,
type,Cormack's Modified Sensor Booster,科尔马克氏改良型感应增强器,
type,Cormack's Modified Thermal Armor Hardener,科尔马克氏改良型热能装甲增强器,
type,Cormack's Modified Thermal Coating,科尔马克氏改良型热能涂层,
type,Cormack's Modified Thermal Energized Membrane,科尔马克氏改良型热能电压薄膜,
type,Cormack's Modified Tracking Computer,科马克改良型索敌计算机,
type,Cormorant,海燕级,ship
type,Cormorant Navy Issue,海燕级海军型,ship
type,Corpii A-Type EM Coating,科必伊电磁涂层 A型,
type,Corpii A-Type Explosive Coating,科必伊爆炸涂层 A型,
type,Corpii A-Type Kinetic Coating,科必伊动能涂层 A型,
type,Corpii A-Type Multispectrum Coating,科必伊多谱式涂层 A型,
type,Corpii A-Type Small Armor Repairer,科必伊小型装甲维修器 A型,
type,Corpii A-Type Small Energy Neutralizer,科必伊小型能量中和器 A型,
type,Corpii A-Type Small Energy Nosferatu,科必伊小型掠能器 A型,
type,Corpii A-Type Small Remote Capacitor Transmitter,科必伊小型远程电容传输装置 A型,
type,Corpii A-Type Thermal Coating,科必伊热能涂层 A型,
type,Corpii B-Type EM Coating,科必伊电磁涂层 B型,
type,Corpii B-Type Explosive Coating,科必伊爆炸涂层 B型,
type,Corpii B-Type Kinetic Coating,科必伊动能涂层 B型,
type,Corpii B-Type Multispectrum Coating,科必伊多谱式涂层 B型,
type,Corpii B-Type Small Armor Repairer,科必伊小型装甲维修器 B型,
type,Corpii B-Type Small Energy Neutralizer,科必伊小型能量中和器 B型,
type,Corpii B-Type Small Energy Nosferatu,科必伊小型掠能器 B型,
type,Corpii B-Type Small Remote Capacitor Transmitter,科必伊小型远程电容传输装置 B型,
type,Corpii B-Type Thermal Coating,科必伊热能涂层 B型,
type,Corpii C-Type EM Coating,科必伊电磁涂层 C型,
type,Corpii C-Type Explosive Coating,科必伊爆炸涂层 C型,
type,Corpii C-Type Kinetic Coating,科必伊动能涂层 C型,
type,Corpii C-Type Multispectrum Coating,科必伊多谱式涂层 C型,
type,Corpii C-Type Small Armor Repairer,科必伊小型装甲维修器 C型,
type,Corpii C-Type Small Energy Neutralizer,科必伊小型能量中和器 C型,
type,Corpii C-Type Small Energy Nosferatu,科必伊小型掠能器 C型,
type,Corpii C-Type Small Remote Capacitor Transmitter,科必伊小型远程电容传输装置 C型,
type,Corpii C-Type Thermal Coating,科必伊热能涂层 C型,
type,Corporate Hangar Array,军团机库阵列,
type,Corpum A-Type EM Energized Membrane,科波姆电磁电压薄膜 A型,
type,Corpum A-Type Explosive Energized Membrane,科波姆爆炸电压薄膜 A型,
type,Corpum A-Type Kinetic Energized Membrane,科波姆动能电压薄膜 A型,
type,Corpum A-Type Medium Armor Repairer,科波姆中型装甲维修器 A型,
type,Corpum A-Type Medium Energy Neutralizer,科波姆中型能量中和器 A型,
type,Corpum A-Type Medium Energy Nosferatu,科波姆中型掠能器 A型,
type,Corpum A-Type Medium Remote Capacitor Transmitter,科波姆中型远程电容传输装置 A型,
type,Corpum A-Type Multispectrum Energized Membrane,科波姆多谱式电压薄膜 A型,
type,Corpum A-Type Thermal Energized Membrane,科波姆热能电压薄膜 A型,
type,Corpum B-Type EM Energized Membrane,科波姆电磁电压薄膜 B型,
type,Corpum B-Type Explosive Energized Membrane,科波姆爆炸电压薄膜 B型,
type,Corpum B-Type Kinetic Energized Membrane,科波姆动能电压薄膜 B型,
type,Corpum B-Type Medium Armor Repairer,科波姆中型装甲维修器 B型,
type,Corpum B-Type Medium Energy Neutralizer,科波姆中型能量中和器 B型,
type,Corpum B-Type Medium Energy Nosferatu,科波姆中型掠能器 B型,
type,Corpum B-Type Medium Remote Capacitor Transmitter,科波姆中型远程电容传输装置 B型,
type,Corpum B-Type Multispectrum Energized Membrane,科波姆多谱式电压薄膜 B型,
type,Corpum B-Type Thermal Energized Membrane,科波姆热能电压薄膜 B型,
type,Corpum C-Type EM Energized Membrane,科波姆电磁电压薄膜 C型,
type,Corpum C-Type Explosive Energized Membrane,科波姆爆炸电压薄膜 C型,
type,Corpum C-Type Kinetic Energized Membrane,科波姆动能电压薄膜 C型,
type,Corpum C-Type Medium Armor Repairer,科波姆中型装甲维修器 C型,
type,Corpum C-Type Medium Energy Neutralizer,科波姆中型能量中和器 C型,
type,Corpum C-Type Medium Energy Nosferatu,科波姆中型掠能器 C型,
type,Corpum C-Type Medium Remote Capacitor Transmitter,科波姆中型远程电容传输装置 C型,
type,Corpum C-Type Multispectrum Energized Membrane,科波姆多谱式电压薄膜 C型,
type,Corpum C-Type Thermal Energized Membrane,科波姆热能电压薄膜 C型,
type,Corpus A-Type EM Armor Hardener,科波斯电磁装甲增强器 A型,
type,Corpus A-Type Explosive Armor Hardener,科波斯爆炸装甲增强器 A型,
type,Corpus A-Type Heavy Energy Neutralizer,科波斯重型能量中和器 A型,
type,Corpus A-Type Heavy Energy Nosferatu,科波斯重型掠能器 A型,
type,Corpus A-Type Kinetic Armor Hardener,科波斯动能装甲增强器 A型,
type,Corpus A-Type Large Armor Repairer,科波斯大型装甲维修器 A型,
type,Corpus A-Type Thermal Armor Hardener,科波斯热能装甲增强器 A型,
type,Corpus B-Type EM Armor Hardener,科波斯电磁装甲增强器 B型,
type,Corpus B-Type Explosive Armor Hardener,科波斯爆炸装甲增强器 B型,
type,Corpus B-Type Heavy Energy Neutralizer,科波斯重型能量中和器 B型,
type,Corpus B-Type Heavy Energy Nosferatu,科波斯重型掠能器 B型,
type,Corpus B-Type Kinetic Armor Hardener,科波斯动能装甲增强器 B型,
type,Corpus B-Type Large Armor Repairer,科波斯大型装甲维修器 B型,
type,Corpus B-Type Thermal Armor Hardener,科波斯热能装甲增强器 B型,
type,Corpus C-Type EM Armor Hardener,科波斯电磁装甲增强器 C型,
type,Corpus C-Type Explosive Armor Hardener,科波斯爆炸装甲增强器 C型,
type,Corpus C-Type Heavy Energy Neutralizer,科波斯重型能量中和器 C型,
type,Corpus C-Type Heavy Energy Nosferatu,科波斯重型掠能器 C型,
type,Corpus C-Type Kinetic Armor Hardener,科波斯动能装甲增强器 C型,
type,Corpus C-Type Large Armor Repairer,科波斯大型装甲维修器 C型,
type,Corpus C-Type Thermal Armor Hardener,科波斯热能装甲增强器 C型,
type,Corpus X-Type EM Armor Hardener,科波斯电磁装甲增强器 X型,
type,Corpus X-Type Explosive Armor Hardener,科波斯爆炸装甲增强器 X型,
type,Corpus X-Type Heavy Energy Neutralizer,科波斯重型能量中和器 X型,
type,Corpus X-Type Heavy Energy Nosferatu,科波斯重型掠能器 X型,
type,Corpus X-Type Kinetic Armor Hardener,科波斯动能装甲增强器 X型,
type,Corpus X-Type Large Armor Repairer,科波斯大型装甲维修器 X型,
type,Corpus X-Type Thermal Armor Hardener,科波斯热能装甲增强器 X型,
type,Corrupted Neurosynaptic Profile,损坏的神经突触资料,
type,Council Diplomatic Shuttle,议会外交穿梭机,ship
type,Counter-Subversion Sensor Array,抗干扰感应阵列,
type,Counterbalanced Compact Gyrostabilizer,反制性紧凑型回转稳定器,
type,Coupling Array,连接装置阵列,
type,Covert Cynosural Field Generator I,隐秘诱导力场发生器 I,
type,Covert Jump Portal Generator I,隐秘跳跃通道发生器 I,
type,Covert Mobile Cynosural Beacon,隐秘移动式诱导信标,
type,Covert Ops Cloaking Device II,隐秘行动隐形装置 II,
type,Covert Research Tools,隐秘研究工具,
type,Covetor,妄想级,ship
type,CPD-10N Nullsec Ice Storm Filament,CPD-10N零安等冰风暴纤维,
type,Crane,天鹤级,ship
type,Crash,克拉什,
type,CreoDron 'Bumblebee' Drone Tuner T10-5D,"西顿工业""大黄蜂""无人机调节器T10-5D",
type,CreoDron 'Yellowjacket' Drone Tuner D5-10T,"西顿工业""黄衫侠""无人机调节器D5-10T",
type,Criminal DNA,罪犯的DNA,
type,Criminal Dog Tag,可疑的铭牌,
type,Crimson Helix Firework (Large),血袭者螺旋烟火（大型）,
type,Crimson Scythes Firework,收割之镰烟火,
type,Crokite,克洛基石,
type,Crokite II-Grade,克洛基石（2级）,
type,Crokite III-Grade,克洛基石（3级）,
type,Crokite IV-Grade,克洛基石（4级）,
type,Crosslink Compact Ballistic Control System,交叉连接紧凑型弹道控制系统,
type,Crow,黑鸦级,ship
type,Crown Imperial Firework,帝国皇冠烟火,
type,Crucifier,磨难级,ship
type,Crucifier Navy Issue,磨难级海军型,ship
type,Cruise Missile Battery,巡航导弹发射台,
type,Cruise Missile Launcher I,巡航导弹发射器 I,
type,Cruise Missile Launcher II,巡航导弹发射器 II,
type,Cruor,凝血级,ship
type,Crusader,十字军级,ship
type,Cryograph Diffractor,冰蚀衍射仪,
type,Cryograph Exactor,冰蚀执行器,
type,Cryograph Resolver,冰蚀解析器,
type,Cryostatic Estimator,低温静压估算器,
type,Cryostatic Nullifier,低温静压失效器,
type,Cryostatic Suppressor,低温静压抑制器,
type,Cryostorm Clarifier,低温风暴整流器,
type,Cryostorm Mapper,低温风暴映射器,
type,Cryostorm Reconciler,低温风暴调解器,
type,Crystal Compound,晶体复合物,
type,Crystal Egg,水晶蛋,
type,Crystalline Carbonide,碳化晶体,
type,Crystalline Carbonide Armor Plate,碳化晶体附甲,
type,Crystalline Isogen-10,晶体同位聚合体-10,
type,Crystalline Kangite,晶体钪原矿,
type,Crystalline Moissanite,晶体碳硅石,
type,Crystalline Polycrase,晶体复稀金矿,
type,Crystalline Raspite,晶体斜钨铅矿,
type,Crystallite Alloy,微晶合金,
type,Cultural Semiosis Data,人文符号化数据,
type,Curator I,监护官 I,
type,Curator II,监护官 II,
type,Current Amplifier,电流放大器,
type,Current Pump,电力泵,
type,Curse,诅咒级,ship
type,CV-Composite Molecular Condenser,CV复合分子冷凝器,
type,Cybele,西布勒级,ship
type,Cybernetic 'Source' Subprocessor,'起源'脑控次处理器,
type,Cybernetic Neural Lattice,脑控神经晶格,
type,Cybernetic Subprocessor - Basic,脑控次处理器—基础级,
type,Cybernetic Subprocessor - Improved,脑控次处理器—强化级,
type,Cybernetic Subprocessor - Standard,脑控次处理器—标准级,
type,Cyclone,飓风级,ship
type,Cyclone Fleet Issue,飓风级舰队型,ship
type,Cyclops I,独眼巨人 I,
type,Cyclops II,独眼巨人 II,
type,Cynabal,塞纳波级,ship
type,Cynosural Field Generator I,诱导力场发生器 I,
type,Cynosural Generator Array,诱导力场发生阵列,
type,Cynosural System Jammer,诱导力场系统干扰器,
type,CZ-4 Compact Gravimetric ECM,CZ-4紧凑型引力ECM,
type,Dagon,大衮级,ship
type,Dairy Products,乳制品,
type,Damage Control I,损伤控制 I,
type,Damage Control II,损伤控制 II,
type,Damage Control Mutaplasmid Residue,损伤控制突变质体残渣,
type,Damaged Artificial Neural Network,损坏的人工神经网络,
type,Damavik,达玛维克级,ship
type,Damnation,永灭级,ship
type,Daredevil,夜魔侠级,ship
type,Dark Blood 25000mm Steel Plates,黑暗血袭者25000mm钢附甲板,
type,Dark Blood Brass Tag,黑暗血袭者黄铜铭牌,
type,Dark Blood Bronze Tag,黑暗血袭者青铜铭牌,
type,Dark Blood Cap Recharger,黑暗血袭者电容回充器,
type,Dark Blood Capacitor Power Relay,黑暗血袭者电容能源继电器,
type,Dark Blood Capital Armor Repairer,黑暗血袭者旗舰级装甲维修器,
type,Dark Blood Capital Cap Battery,黑暗血袭者旗舰级电容器电池,
type,Dark Blood Capital Capacitor Booster,黑暗血袭者旗舰级电容注电器,
type,Dark Blood Capital Energy Neutralizer,黑暗血袭者旗舰级能量中和器,
type,Dark Blood Capital Energy Nosferatu,黑暗血袭者旗舰级掠能器,
type,Dark Blood Capital Flex Armor Hardener,黑暗血袭者旗舰级弯曲装甲增强器,
type,Dark Blood Capital Remote Armor Repairer,黑暗血袭者旗舰级远程装甲维修器,
type,Dark Blood Control Tower,黑暗血袭者控制塔,
type,Dark Blood Control Tower Medium,黑暗血袭者中型控制塔,
type,Dark Blood Control Tower Small,黑暗血袭者小型控制塔,
type,Dark Blood Copper Tag,黑暗血袭者铜质铭牌,
type,Dark Blood Crystal Tag,黑暗血袭者水晶铭牌,
type,Dark Blood Diamond Tag,黑暗血袭者钻石铭牌,
type,Dark Blood Dual Giga Beam Laser,黑暗血袭者双联千兆级集束激光器,
type,Dark Blood Dual Giga Pulse Laser,黑暗血袭者双联千兆级脉冲激光器,
type,Dark Blood Dual Heavy Beam Laser,黑暗血袭者双联重型集束激光器,
type,Dark Blood Dual Heavy Pulse Laser,黑暗血袭者双联重型脉冲激光器,
type,Dark Blood Dual Light Beam Laser,黑暗血袭者双联轻型集束激光器,
type,Dark Blood Dual Light Pulse Laser,黑暗血袭者双联轻型脉冲激光器,
type,Dark Blood Electrum Tag,黑暗血袭者合金铭牌,
type,Dark Blood EM Armor Hardener,黑暗血袭者电磁装甲增强器,
type,Dark Blood EM Coating,黑暗血袭者电磁涂层,
type,Dark Blood EM Energized Membrane,黑暗血袭者电磁电压薄膜,
type,Dark Blood Energy Neutralizing Battery,黑暗血袭者能量中和波发射台,
type,Dark Blood Explosive Armor Hardener,黑暗血袭者爆炸装甲增强器,
type,Dark Blood Explosive Coating,黑暗血袭者爆炸涂层,
type,Dark Blood Explosive Energized Membrane,黑暗血袭者爆炸电压薄膜,
type,Dark Blood Focused Medium Beam Laser,黑暗血袭者聚焦中型集束激光器,
type,Dark Blood Focused Medium Pulse Laser,黑暗血袭者聚焦中型脉冲激光器,
type,Dark Blood Gamma L,黑暗血袭者伽玛晶体 L,
type,Dark Blood Gamma M,黑暗血袭者伽玛晶体 M,
type,Dark Blood Gamma S,黑暗血袭者伽玛晶体 S,
type,Dark Blood Gamma XL,黑暗血袭者伽玛晶体 XL,
type,Dark Blood Gatling Pulse Laser,黑暗血袭者加特林脉冲激光器,
type,Dark Blood Gold Tag,黑暗血袭者黄金铭牌,
type,Dark Blood Heat Sink,黑暗血袭者散热槽,
type,Dark Blood Heavy Beam Laser,黑暗血袭者重型集束激光器,
type,Dark Blood Heavy Capacitor Booster,黑暗血袭者重型电容注电器,
type,Dark Blood Heavy Energy Neutralizer,黑暗血袭者重型能量中和器,
type,Dark Blood Heavy Energy Nosferatu,黑暗血袭者重型掠能器,
type,Dark Blood Heavy Pulse Laser,黑暗血袭者重型脉冲激光器,
type,Dark Blood Infrared L,黑暗血袭者红外晶体 L,
type,Dark Blood Infrared M,黑暗血袭者红外晶体 M,
type,Dark Blood Infrared S,黑暗血袭者红外晶体 S,
type,Dark Blood Infrared XL,黑暗血袭者红外晶体 XL,
type,Dark Blood Kinetic Armor Hardener,黑暗血袭者动能装甲增强器,
type,Dark Blood Kinetic Coating,黑暗血袭者动能涂层,
type,Dark Blood Kinetic Energized Membrane,黑暗血袭者动能电压薄膜,
type,Dark Blood Large Armor Repairer,黑暗血袭者大型装甲维修器,
type,Dark Blood Large Beam Laser Battery,黑暗血袭者大型集束激光炮台,
type,Dark Blood Large EMP Smartbomb,黑暗血袭者大型EMP立体炸弹,
type,Dark Blood Large Pulse Laser Battery,黑暗血袭者大型脉冲激光炮台,
type,Dark Blood Medium Armor Repairer,黑暗血袭者中型装甲维修器,
type,Dark Blood Medium Beam Laser Battery,黑暗血袭者中型集束激光炮台,
type,Dark Blood Medium Capacitor Booster,黑暗血袭者中型电容注电器,
type,Dark Blood Medium EMP Smartbomb,黑暗血袭者中型EMP立体炸弹,
type,Dark Blood Medium Energy Neutralizer,黑暗血袭者中型能量中和器,
type,Dark Blood Medium Energy Nosferatu,黑暗血袭者中型掠能器,
type,Dark Blood Medium Pulse Laser Battery,黑暗血袭者中型脉冲激光炮台,
type,Dark Blood Mega Beam Laser,黑暗血袭者超级集束激光器,
type,Dark Blood Mega Pulse Laser,黑暗血袭者超级脉冲激光器,
type,Dark Blood Micro EMP Smartbomb,黑暗血袭者微型EMP立体炸弹,
type,Dark Blood Microwave L,黑暗血袭者微波晶体 L,
type,Dark Blood Microwave M,黑暗血袭者微波晶体 M,
type,Dark Blood Microwave S,黑暗血袭者微波晶体 S,
type,Dark Blood Microwave XL,黑暗血袭者微波晶体 XL,
type,Dark Blood Multifrequency L,黑暗血袭者多频晶体 L,
type,Dark Blood Multifrequency M,黑暗血袭者多频晶体 M,
type,Dark Blood Multifrequency S,黑暗血袭者多频晶体 S,
type,Dark Blood Multifrequency XL,黑暗血袭者多频晶体 XL,
type,Dark Blood Multispectrum Coating,黑暗血袭者多谱式涂层,
type,Dark Blood Multispectrum Energized Membrane,黑暗血袭者多谱式电压薄膜,
type,Dark Blood Palladium Tag,黑暗血袭者钯金铭牌,
type,Dark Blood Platinum Tag,黑暗血袭者白金铭牌,
type,Dark Blood Power Diagnostic System,黑暗血袭者能源诊断系统,
type,Dark Blood Quad Beam Laser,黑暗血袭者四联集束激光器,
type,Dark Blood Quad Mega Pulse Laser,黑暗血袭者四联超级脉冲激光器,
type,Dark Blood Radio L,黑暗血袭者射频晶体 L,
type,Dark Blood Radio M,黑暗血袭者射频晶体 M,
type,Dark Blood Radio S,黑暗血袭者射频晶体 S,
type,Dark Blood Radio XL,黑暗血袭者射频晶体 XL,
type,Dark Blood Reactor Control Unit,黑暗血袭者反应堆控制元件,
type,Dark Blood Silver Tag,黑暗血袭者银质铭牌,
type,Dark Blood Small Armor Repairer,黑暗血袭者小型装甲维修器,
type,Dark Blood Small Beam Laser Battery,黑暗血袭者小型集束激光炮台,
type,Dark Blood Small Capacitor Booster,黑暗血袭者小型电容注电器,
type,Dark Blood Small EMP Smartbomb,黑暗血袭者小型EMP立体炸弹,
type,Dark Blood Small Energy Neutralizer,黑暗血袭者小型能量中和器,
type,Dark Blood Small Energy Nosferatu,黑暗血袭者小型掠能器,
type,Dark Blood Small Focused Beam Laser,黑暗血袭者小型聚焦集束激光器,
type,Dark Blood Small Focused Pulse Laser,黑暗血袭者小型聚焦脉冲激光器,
type,Dark Blood Small Pulse Laser Battery,黑暗血袭者小型脉冲激光炮台,
type,Dark Blood Standard L,黑暗血袭者标准晶体 L,
type,Dark Blood Standard M,黑暗血袭者标准晶体 M,
type,Dark Blood Standard S,黑暗血袭者标准晶体 S,
type,Dark Blood Standard XL,黑暗血袭者标准晶体 XL,
type,Dark Blood Standup Heavy Energy Neutralizer,黑暗血袭者屹立重型能量中和器,
type,Dark Blood Stasis Webifier,黑暗血袭者停滞缠绕光束,
type,Dark Blood Tachyon Beam Laser,黑暗血袭者超光速粒子集束激光器,
type,Dark Blood Thermal Armor Hardener,黑暗血袭者热能装甲增强器,
type,Dark Blood Thermal Coating,黑暗血袭者热能涂层,
type,Dark Blood Thermal Energized Membrane,黑暗血袭者热能电压薄膜,
type,Dark Blood Ultraviolet L,黑暗血袭者紫外晶体 L,
type,Dark Blood Ultraviolet M,黑暗血袭者紫外晶体 M,
type,Dark Blood Ultraviolet S,黑暗血袭者紫外晶体 S,
type,Dark Blood Ultraviolet XL,黑暗血袭者紫外晶体 XL,
type,Dark Blood Warp Disruptor,黑暗血袭者跃迁扰断器,
type,Dark Blood Warp Scrambler,黑暗血袭者跃迁扰频器,
type,Dark Blood Xray L,黑暗血袭者X射线晶体 L,
type,Dark Blood Xray M,黑暗血袭者X射线晶体 M,
type,Dark Blood Xray S,黑暗血袭者X射线晶体 S,
type,Dark Blood Xray XL,黑暗血袭者X射线晶体 XL,
type,Dark Compound,黑暗复合物,
type,Dark Glitter,黑闪冰,
type,Dark Ochre,黑赭石,
type,Dark Ochre II-Grade,黑赭石（2级）,
type,Dark Ochre III-Grade,黑赭石（3级）,
type,Dark Ochre IV-Grade,黑赭石（4级）,
type,Data Analyzer I,数据分析仪 I,
type,Data Analyzer II,数据分析仪 II,
type,Data Processor,数据处理器,
type,Data Sheets,数据单,
type,Datacore - Amarrian Starship Engineering,数据核心 - 艾玛星舰工程,
type,Datacore - Caldari Starship Engineering,数据核心 - 加达里星舰工程,
type,Datacore - Core Subsystems Engineering,数据核心 - 核心子系统工程,
type,Datacore - Defensive Subsystems Engineering,数据核心 - 防御子系统工程,
type,Datacore - Electromagnetic Physics,数据核心 - 电磁物理,
type,Datacore - Electronic Engineering,数据核心 - 电子工程,
type,Datacore - Gallentean Starship Engineering,数据核心 - 盖伦特星舰工程,
type,Datacore - Graviton Physics,数据核心 - 引力子物理,
type,Datacore - High Energy Physics,数据核心 - 高能物理,
type,Datacore - Hydromagnetic Physics,数据核心 - 磁流体物理,
type,Datacore - Laser Physics,数据核心 - 激光物理,
type,Datacore - Mechanical Engineering,数据核心 - 机械工程,
type,Datacore - Minmatar Starship Engineering,数据核心 - 米玛塔尔星舰工程,
type,Datacore - Molecular Engineering,数据核心 - 分子工程,
type,Datacore - Nanite Engineering,数据核心 - 纳米工程,
type,Datacore - Nuclear Physics,数据核心 - 核芯物理,
type,Datacore - Offensive Subsystems Engineering,数据核心 - 攻击子系统工程,
type,Datacore - Plasma Physics,数据核心 - 等离子物理,
type,Datacore - Propulsion Subsystems Engineering,数据核心 - 推进子系统工程,
type,Datacore - Quantum Physics,数据核心 - 量子物理,
type,Datacore - Rocket Science,数据核心 - 火箭科学,
type,Datacore - Triglavian Quantum Engineering,数据核心 - 三神裔量子工程学,
type,Datacore - Upwell Starship Engineering,数据核心 - 昇威星舰工程学,
type,DDO Scoped Tracking Disruptor I,DDO视野型索敌扰断器 I,
type,Deacon,执事级,ship
type,Deathless Circle Insurgents Loyalty Token,不死循环起义军忠诚点凭证,
type,Deathless Circle Relic Analyzer,不死循环遗迹分析仪,
type,Deathless Circle Reward Token,不死循环奖励凭证,
type,Deathless Research Honorarium,不死研究报酬,
type,Decayed 10000MN Afterburner Mutaplasmid,腐朽的10000MN加力燃烧器突变质体,
type,Decayed 100MN Afterburner Mutaplasmid,腐朽的100MN加力燃烧器突变质体,
type,Decayed 10MN Afterburner Mutaplasmid,腐朽的10MN加力燃烧器突变质体,
type,Decayed 1MN Afterburner Mutaplasmid,腐朽的1MN加力燃烧器突变质体,
type,Decayed 50000MN Microwarpdrive Mutaplasmid,腐朽的50000MN微型跃迁推进器突变质体,
type,Decayed 500MN Microwarpdrive Mutaplasmid,腐朽的500MN微型跃迁推进器突变质体,
type,Decayed 50MN Microwarpdrive Mutaplasmid,腐朽的50MN微型跃迁推进器突变质体,
type,Decayed 5MN Microwarpdrive Mutaplasmid,腐朽的5MN微型跃迁推进器突变质体,
type,Decayed Assault Damage Control Mutaplasmid,腐朽的突击型损伤控制突变质体,
type,Decayed Ballistic Control System Mutaplasmid,腐朽的弹道控制系统突变质体,
type,Decayed Capital Armor Repairer Mutaplasmid,腐朽的旗舰装甲维修器突变质体,
type,Decayed Capital Energy Neutralizer Mutaplasmid,腐朽的旗舰能量中和器突变质体,
type,Decayed Capital Energy Nosferatu Mutaplasmid,腐朽的旗舰掠能器突变质体,
type,Decayed Capital Shield Booster Mutaplasmid,腐朽的旗舰护盾回充增量器突变质体,
type,Decayed Damage Control Mutaplasmid,腐朽的损伤控制突变质体,
type,Decayed Deep Core Mining Laser Mutaplasmid,腐朽的深层地核采矿激光器突变质体,
type,Decayed Deep Core Strip Miner Mutaplasmid,腐朽的深层地核露天采矿器突变质体,
type,Decayed Entropic Radiation Sink Mutaplasmid,腐朽的熵辐射槽突变质体,
type,Decayed Gas Cloud Harvester Mutaplasmid,腐朽的气云采集器突变质体,
type,Decayed Gas Cloud Scoop Mutaplasmid,腐朽的气云回收装置突变质体,
type,Decayed Gyrostabilizer Mutaplasmid,腐朽的回转稳定器突变质体,
type,Decayed Heat Sink Mutaplasmid,腐朽的散热槽突变质体,
type,Decayed Heavy Energy Neutralizer Mutaplasmid,腐朽的重型能量中和器突变质体,
type,Decayed Heavy Energy Nosferatu Mutaplasmid,腐朽的重型掠能器突变质体,
type,Decayed Heavy Warp Disruptor Mutaplasmid,腐朽的重型跃迁扰断器突变质体,
type,Decayed Heavy Warp Scrambler Mutaplasmid,腐朽的重型跃迁扰频器突变质体,
type,Decayed Ice Harvester Mutaplasmid,腐朽的冰矿采集器突变质体,
type,Decayed Ice Mining Laser Mutaplasmid,腐朽的冰矿开采激光器突变质体,
type,Decayed Large Armor Plate Mutaplasmid,腐朽的大型装甲附甲板突变质体,
type,Decayed Large Armor Repairer Mutaplasmid,腐朽的大型装甲维修器突变质体,
type,Decayed Large Cap Battery Mutaplasmid,腐朽的大型电容器电池突变质体,
type,Decayed Large EMP Smartbomb Mutaplasmid,腐朽的大型EMP立体炸弹突变质体,
type,Decayed Large Graviton Smartbomb Mutaplasmid,腐朽的大型引力子立体炸弹突变质体,
type,Decayed Large Plasma Smartbomb Mutaplasmid,腐朽的大型等离子立体炸弹突变质体,
type,Decayed Large Proton Smartbomb Mutaplasmid,腐朽的大型质子立体炸弹突变质体,
type,Decayed Large Shield Booster Mutaplasmid,腐朽的大型护盾回充增量器突变质体,
type,Decayed Large Shield Extender Mutaplasmid,腐朽的大型护盾扩展装置突变质体,
type,Decayed Magnetic Field Stabilizer Mutaplasmid,腐朽的磁性力场稳定器突变质体,
type,Decayed Medium Armor Plate Mutaplasmid,腐朽的中型装甲附甲板突变质体,
type,Decayed Medium Armor Repairer Mutaplasmid,腐朽的中型装甲维修器突变质体,
type,Decayed Medium Cap Battery Mutaplasmid,腐朽的中型电容器电池突变质体,
type,Decayed Medium EMP Smartbomb Mutaplasmid,腐朽的中型EMP立体炸弹突变质体,
type,Decayed Medium Energy Neutralizer Mutaplasmid,腐朽的中型能量中和器突变质体,
type,Decayed Medium Energy Nosferatu Mutaplasmid,腐朽的中型掠能器突变质体,
type,Decayed Medium Graviton Smartbomb Mutaplasmid,腐朽的中型引力子立体炸弹突变质体,
type,Decayed Medium Plasma Smartbomb Mutaplasmid,腐朽的中型等离子立体炸弹突变质体,
type,Decayed Medium Proton Smartbomb Mutaplasmid,腐朽的中型质子立体炸弹突变质体,
type,Decayed Medium Shield Booster Mutaplasmid,腐朽的中型护盾回充增量器突变质体,
type,Decayed Medium Shield Extender Mutaplasmid,腐朽的中型护盾扩展装置突变质体,
type,Decayed Mining Laser Mutaplasmid,腐朽的采矿激光器突变质体,
type,Decayed Modulated Deep Core Miner Mutaplasmid,腐朽的调制型深层地核采矿器突变质体,
type,Decayed Modulated Deep Core Strip Miner Mutaplasmid,腐朽的调制型深层地核露天采矿器突变质体,
type,Decayed Modulated Strip Miner Mutaplasmid,腐朽的调制型露天采矿器突变质体,
type,Decayed Siege Module Mutaplasmid,腐朽的会战装备突变质体,
type,Decayed Small Armor Plate Mutaplasmid,腐朽的小型装甲附甲板突变质体,
type,Decayed Small Armor Repairer Mutaplasmid,腐朽的小型装甲维修器突变质体,
type,Decayed Small Cap Battery Mutaplasmid,腐朽的小型电容器电池突变质体,
type,Decayed Small EMP Smartbomb Mutaplasmid,腐朽的小型EMP立体炸弹突变质体,
type,Decayed Small Energy Neutralizer Mutaplasmid,腐朽的小型能量中和器突变质体,
type,Decayed Small Energy Nosferatu Mutaplasmid,腐朽的小型掠能器突变质体,
type,Decayed Small Graviton Smartbomb Mutaplasmid,腐朽的小型引力子立体炸弹突变质体,
type,Decayed Small Plasma Smartbomb Mutaplasmid,腐朽的小型等离子立体炸弹突变质体,
type,Decayed Small Proton Smartbomb Mutaplasmid,腐朽的小型质子立体炸弹突变质体,
type,Decayed Small Shield Booster Mutaplasmid,腐朽的小型护盾回充增量器突变质体,
type,Decayed Small Shield Extender Mutaplasmid,腐朽的小型护盾扩展装置突变质体,
type,Decayed Stasis Webifier Mutaplasmid,腐朽的停滞缠绕光束突变质体,
type,Decayed Strip Miner Mutaplasmid,腐朽的露天采矿器突变质体,
type,Decayed Vorton Tuning System Mutaplasmid,腐朽的电弧弦调谐系统突变质体,
type,Decayed Warp Disruptor Mutaplasmid,腐朽的跃迁扰断器突变质体,
type,Decayed Warp Scrambler Mutaplasmid,腐朽的跃迁扰频器突变质体,
type,Decayed X-Large Shield Booster Mutaplasmid,腐朽的超大型护盾回充增量器突变质体,
type,DED Informant's Frozen Corpse,DED线人的冰冻尸体,
type,Deep Core Mining Inc. Strong Box,深核矿业公司保险柜,
type,Deep Core Mining Laser I,深层地核采矿激光器 I,
type,Defective Current Pump,有故障的电力泵,
type,Defender Launcher I,反弹道导弹发射器 I,
type,Defender Missile I,反弹道导弹 I,
type,Defensive Control Node,防御控制节点,
type,Deflection Shield Emitter,偏阻护盾发射器,
type,Defunct Amarr Encounter Surveillance System,失效的艾玛事件监测装置,
type,Defunct Caldari Encounter Surveillance System,失效的加达里事件监测装置,
type,Defunct Drone Sensor Module,损毁的无人机感应器模块,
type,Defunct Gallente Encounter Surveillance System,失效的盖伦特事件监测装置,
type,Defunct Minmatar Encounter Surveillance System,失效的米玛塔尔事件监测装置,
type,Deimos,戴默斯级,ship
type,Deluge,洪水级,ship
type,Deluge Enduring Burst Jammer,洪水持久型脉冲干扰器,
type,Denny Enduring Omnidirectional Tracking Link,丹尼持久型全方位索敌连接,
type,Depleted Uranium L,贫铀弹 L,
type,Depleted Uranium M,贫铀弹 M,
type,Depleted Uranium S,贫铀弹 S,
type,Depleted Uranium XL,贫铀弹 XL,
type,Design Laboratory,设计实验室,
type,Devoter,奉献级,ship
type,Discovery Survey Probe I,发现号测量探针 I,
type,Display Launcher,显示发射器,
type,DNA Sample,DNA样本,
type,DNCR-05H Highsec Ice Storm Filament,DNCR-05H高安冰风暴纤维,
type,DNNR-01L Lowsec Ice Storm Filament,DNNR-01L低安冰风暴纤维,
type,Domination 10000MN Afterburner,主天使10000MN加力燃烧器,
type,Domination 100MN Afterburner,主天使100MN加力燃烧器,
type,Domination 10MN Afterburner,主天使10MN加力燃烧器,
type,Domination 1200mm Artillery,主天使1200mm火炮,
type,Domination 125mm Autocannon,主天使125mm自动加农炮,
type,Domination 1400mm Howitzer Artillery,主天使1400mm榴弹炮,
type,Domination 150mm Autocannon,主天使150mm自动加农炮,
type,Domination 1MN Afterburner,主天使1MN加力燃烧器,
type,Domination 200mm Autocannon,主天使200mm自动加农炮,
type,Domination 220mm Autocannon,主天使220mm自动加农炮,
type,Domination 250mm Artillery,主天使250mm火炮,
type,Domination 280mm Howitzer Artillery,主天使280mm榴弹炮,
type,Domination 425mm Autocannon,主天使425mm自动加农炮,
type,Domination 50000MN Microwarpdrive,主天使50000MN微型跃迁推进器,
type,Domination 500MN Microwarpdrive,主天使500MN微型跃迁推进器,
type,Domination 50MN Microwarpdrive,主天使50MN微型跃迁推进器,
type,Domination 5MN Microwarpdrive,主天使5MN微型跃迁推进器,
type,Domination 650mm Artillery,主天使650mm火炮,
type,Domination 720mm Howitzer Artillery,主天使720mm榴弹炮,
type,Domination 800mm Repeating Cannon,主天使800mm频射加农炮,
type,Domination Ballistic Control System,主天使弹道控制系统,
type,Domination Brass Tag,主天使黄铜铭牌,
type,Domination Bronze Tag,主天使青铜铭牌,
type,Domination Capital Cap Battery,主天使旗舰级电容器电池,
type,Domination Capital Flex Shield Hardener,主天使旗舰级弯曲护盾增强器,
type,Domination Capital Remote Shield Booster,主天使旗舰级远程护盾回充增量器,
type,Domination Capital Shield Booster,主天使旗舰级护盾回充增量器,
type,Domination Capital Shield Extender,主天使旗舰级护盾扩展装置,
type,Domination Carbonized Lead L,主天使碳铅弹 L,
type,Domination Carbonized Lead M,主天使碳铅弹 M,
type,Domination Carbonized Lead S,主天使碳铅弹 S,
type,Domination Carbonized Lead XL,主天使碳铅弹 XL,
type,Domination Control Tower,主天使控制塔,
type,Domination Control Tower Medium,主天使中型控制塔,
type,Domination Control Tower Small,主天使小型控制塔,
type,Domination Copper Tag,主天使铜质铭牌,
type,Domination Cruise Missile Launcher,主天使巡航导弹发射器,
type,Domination Crystal Tag,主天使水晶铭牌,
type,Domination Depleted Uranium L,主天使贫铀弹 L,
type,Domination Depleted Uranium M,主天使贫铀弹 M,
type,Domination Depleted Uranium S,主天使贫铀弹 S,
type,Domination Depleted Uranium XL,主天使贫铀弹 XL,
type,Domination Diamond Tag,主天使钻石铭牌,
type,Domination Dual 180mm Autocannon,主天使双联180mm自动加农炮,
type,Domination Dual 425mm Autocannon,主天使双联425mm自动加农炮,
type,Domination Dual 650mm Repeating Cannon,主天使双联650mm频射加农炮,
type,Domination Electrum Tag,主天使合金铭牌,
type,Domination EM Armor Hardener,主天使电磁装甲增强器,
type,Domination EM Coating,主天使电磁涂层,
type,Domination EM Shield Amplifier,主天使电磁护盾增效器,
type,Domination EM Shield Hardener,主天使电磁护盾增强器,
type,Domination EMP L,主天使电磁脉冲弹 L,
type,Domination EMP M,主天使电磁脉冲弹 M,
type,Domination EMP S,主天使电磁脉冲弹 S,
type,Domination EMP XL,主天使电磁脉冲弹 XL,
type,Domination Explosive Armor Hardener,主天使爆炸装甲增强器,
type,Domination Explosive Coating,主天使爆炸涂层,
type,Domination Explosive Shield Amplifier,主天使爆炸护盾增效器,
type,Domination Explosive Shield Hardener,主天使爆炸护盾增强器,
type,Domination Fusion L,主天使聚变弹 L,
type,Domination Fusion M,主天使聚变弹 M,
type,Domination Fusion S,主天使聚变弹 S,
type,Domination Fusion XL,主天使聚变弹 XL,
type,Domination Gold Tag,主天使黄金铭牌,
type,Domination Gyrostabilizer,主天使回转稳定器,
type,Domination Heavy Assault Missile Launcher,主天使重型攻击导弹发射器,
type,Domination Heavy Missile Launcher,主天使重型导弹发射器,
type,Domination Heavy Stasis Grappler,主天使停滞捕捉光束,
type,Domination Heavy Warp Disruptor,主天使重型跃迁扰断器,
type,Domination Heavy Warp Scrambler,主天使重型跃迁扰频器,
type,Domination Hexa 2500mm Repeating Cannon,主天使六联2500mm频射加农炮,
type,Domination Inertial Stabilizers,主天使惯性稳定器,
type,Domination Kinetic Armor Hardener,主天使动能装甲增强器,
type,Domination Kinetic Coating,主天使动能涂层,
type,Domination Kinetic Shield Amplifier,主天使动能护盾增效器,
type,Domination Kinetic Shield Hardener,主天使动能护盾增强器,
type,Domination Large Armor Repairer,主天使大型装甲维修器,
type,Domination Large Artillery Battery,主天使大型火炮塔台,
type,Domination Large AutoCannon Battery,主天使大型自动加农炮塔台,
type,Domination Large Cap Battery,主天使大型电容器电池,
type,Domination Large Proton Smartbomb,主天使大型质子立体炸弹,
type,Domination Large Shield Booster,主天使大型护盾回充增量器,
type,Domination Light Missile Launcher,主天使轻型导弹发射器,
type,Domination Medium Armor Repairer,主天使中型装甲维修器,
type,Domination Medium Artillery Battery,主天使中型火炮塔台,
type,Domination Medium AutoCannon Battery,主天使中型自动加农炮塔台,
type,Domination Medium Cap Battery,主天使中型电容器电池,
type,Domination Medium Proton Smartbomb,主天使中型质子立体炸弹,
type,Domination Medium Shield Booster,主天使中型护盾回充增量器,
type,Domination Micro Proton Smartbomb,主天使微型质子立体炸弹,
type,Domination Multispectrum Coating,主天使多谱式涂层,
type,Domination Multispectrum Shield Hardener,主天使多谱式护盾增强器,
type,Domination Nanofiber Structure,主天使纳米纤维构架,
type,Domination Nuclear L,主天使核芯弹 L,
type,Domination Nuclear M,主天使核芯弹 M,
type,Domination Nuclear S,主天使核芯弹 S,
type,Domination Nuclear XL,主天使核芯弹 XL,
type,Domination Overdrive Injector,主天使超载喷注器,
type,Domination Palladium Tag,主天使钯金铭牌,
type,Domination Phased Plasma L,主天使定相等离子弹 L,
type,Domination Phased Plasma M,主天使定相等离子弹 M,
type,Domination Phased Plasma S,主天使定相等离子弹 S,
type,Domination Phased Plasma XL,主天使定相等离子弹 XL,
type,Domination Platinum Tag,主天使白金铭牌,
type,Domination Proton L,主天使质子弹 L,
type,Domination Proton M,主天使质子弹 M,
type,Domination Proton S,主天使质子弹 S,
type,Domination Proton XL,主天使质子弹 XL,
type,Domination Quad 3500mm Siege Artillery,主天使四联3500mm会战火炮,
type,Domination Quad 800mm Repeating Cannon,主天使四联800mm频射加农炮,
type,Domination Rapid Heavy Missile Launcher,主天使重型快速导弹发射器,
type,Domination Rapid Light Missile Launcher,主天使轻型快速导弹发射器,
type,Domination Rocket Launcher,主天使火箭发射器,
type,Domination Shield Boost Amplifier,主天使护盾回充增量增效器,
type,Domination Signature Radius Suppressor,主天使信号半径抑制装置,
type,Domination Silver Tag,主天使银质铭牌,
type,Domination Small Armor Repairer,主天使小型装甲维修器,
type,Domination Small Artillery Battery,主天使小型火炮塔台,
type,Domination Small AutoCannon Battery,主天使小型自动加农炮塔台,
type,Domination Small Cap Battery,主天使小型电容器电池,
type,Domination Small Proton Smartbomb,主天使小型质子立体炸弹,
type,Domination Small Shield Booster,主天使小型护盾回充增量器,
type,Domination Stasis Webification Battery,主天使停滞缠绕光束发射台,
type,Domination Stasis Webifier,主天使停滞缠绕光束,
type,Domination Target Painter,主天使目标标记装置,
type,Domination Thermal Armor Hardener,主天使热能装甲增强器,
type,Domination Thermal Coating,主天使热能涂层,
type,Domination Thermal Shield Amplifier,主天使热能护盾增效器,
type,Domination Thermal Shield Hardener,主天使热能护盾增强器,
type,Domination Titanium Sabot L,主天使钛合金萨博弹 L,
type,Domination Titanium Sabot M,主天使钛合金萨博弹 M,
type,Domination Titanium Sabot S,主天使钛合金萨博弹 S,
type,Domination Titanium Sabot XL,主天使钛合金萨博弹 XL,
type,Domination Torpedo Launcher,主天使鱼雷发射器,
type,Domination Tracking Enhancer,主天使索敌增强器,
type,Domination Warp Disruptor,主天使跃迁扰断器,
type,Domination Warp Scrambler,主天使跃迁扰频器,
type,Domination X-Large Shield Booster,主天使超大型护盾回充增量器,
type,Dominix,多米尼克斯级,ship
type,Dominix Navy Issue,多米尼克斯级海军型,ship
type,Draclira Merlonne's Tag,德拉克里雅·梅隆的铭牌,
type,Draclira's Modified Cap Recharger,德拉克里雅氏改良型电容回充器,
type,Draclira's Modified Capacitor Power Relay,德拉克里雅氏改良型电容能源继电器,
type,Draclira's Modified Dual Heavy Beam Laser,德拉克里雅氏改良型双联重型集束激光器,
type,Draclira's Modified EM Armor Hardener,德拉克里雅氏改良型电磁装甲增强器,
type,Draclira's Modified EM Coating,德拉克里雅氏改良型电磁涂层,
type,Draclira's Modified EM Energized Membrane,德拉克里雅氏改良型电磁电压薄膜,
type,Draclira's Modified Explosive Armor Hardener,德拉克里雅氏改良型爆炸装甲增强器,
type,Draclira's Modified Explosive Coating,德拉克里雅氏改良型爆炸涂层,
type,Draclira's Modified Explosive Energized Membrane,德拉克里雅氏改良型爆炸电压薄膜,
type,Draclira's Modified Heat Sink,德拉克里雅氏改良型散热槽,
type,Draclira's Modified Heavy Capacitor Booster,德拉克里雅氏改良型重型电容注电器,
type,Draclira's Modified Heavy Energy Neutralizer,德拉克里雅氏改良型重型能量中和器,
type,Draclira's Modified Heavy Energy Nosferatu,德拉克里雅氏改良型重型掠能器,
type,Draclira's Modified Kinetic Armor Hardener,德拉克里雅氏改良型动能装甲增强器,
type,Draclira's Modified Kinetic Coating,德拉克里雅氏改良型动能涂层,
type,Draclira's Modified Kinetic Energized Membrane,德拉克里雅氏改良型动能电压薄膜,
type,Draclira's Modified Large Armor Repairer,德拉克里雅氏改良大型装甲维修器,
type,Draclira's Modified Large EMP Smartbomb,德拉克里雅氏改良大型EMP立体炸弹,
type,Draclira's Modified Mega Beam Laser,德拉克里雅氏改良型超级集束激光器,
type,Draclira's Modified Multispectrum Coating,德拉克里雅氏改良型多谱式涂层,
type,Draclira's Modified Multispectrum Energized Membrane,德拉克里雅氏改良型多谱式电压薄膜,
type,Draclira's Modified Power Diagnostic System,德拉克里雅氏改良型能源诊断系统,
type,Draclira's Modified Reactor Control Unit,德拉克里雅氏改良型反应堆控制元件,
type,Draclira's Modified Tachyon Beam Laser,德拉克里雅氏改良型超光速粒子集束激光器,
type,Draclira's Modified Thermal Armor Hardener,德拉克里雅氏改良型热能装甲增强器,
type,Draclira's Modified Thermal Coating,德拉克里雅氏改良型热能涂层,
type,Draclira's Modified Thermal Energized Membrane,德拉克里雅氏改良型热能电压薄膜,
type,Dragonfly I,蜻蜓 I,
type,Dragonfly II,蜻蜓 II,
type,Dragoon,龙骑兵级,ship
type,Dragoon Navy Issue,龙骑兵级海军型,ship
type,Drake,幼龙级,ship
type,Drake Navy Issue,幼龙级海军型,ship
type,Dramiel,德拉米尔级,ship
type,Draugur,德拉古级,ship
type,Dread Guristas 125mm Railgun,恐惧古斯塔斯125mm磁轨炮,
type,Dread Guristas 150mm Railgun,恐惧古斯塔斯150mm磁轨炮,
type,Dread Guristas 200mm Railgun,恐惧古斯塔斯200mm磁轨炮,
type,Dread Guristas 250mm Railgun,恐惧古斯塔斯250mm磁轨炮,
type,Dread Guristas 350mm Railgun,恐惧古斯塔斯350mm磁轨炮,
type,Dread Guristas 425mm Railgun,恐惧古斯塔斯425mm磁轨炮,
type,Dread Guristas 75mm Railgun,恐惧古斯塔斯75mm磁轨炮,
type,Dread Guristas Antimatter Charge L,恐惧古斯塔斯反物质轨道弹 L,
type,Dread Guristas Antimatter Charge M,恐惧古斯塔斯反物质轨道弹 M,
type,Dread Guristas Antimatter Charge S,恐惧古斯塔斯反物质轨道弹 S,
type,Dread Guristas Antimatter Charge XL,恐惧古斯塔斯反物质轨道弹 XL,
type,Dread Guristas Ballistic Control System,恐惧古斯塔斯弹道控制系统,
type,Dread Guristas Brass Tag,恐惧古斯塔斯黄铜铭牌,
type,Dread Guristas Bronze Tag,恐惧古斯塔斯青铜铭牌,
type,Dread Guristas Capital Flex Shield Hardener,恐惧古斯塔斯旗舰级弯曲护盾增强器,
type,Dread Guristas Capital Remote Shield Booster,恐惧古斯塔斯旗舰级远程护盾回充增量器,
type,Dread Guristas Capital Shield Booster,恐惧古斯塔斯旗舰级护盾回充增量器,
type,Dread Guristas Capital Shield Extender,恐惧古斯塔斯旗舰级护盾扩展装置,
type,Dread Guristas Cloaking Device,恐惧古斯塔斯隐形装置,
type,Dread Guristas Co-Processor,恐惧古斯塔斯协处理器,
type,Dread Guristas Control Tower,恐惧古斯塔斯控制塔,
type,Dread Guristas Control Tower Medium,恐惧古斯塔斯中型控制塔,
type,Dread Guristas Control Tower Small,恐惧古斯塔斯小型控制塔,
type,Dread Guristas Copper Tag,恐惧古斯塔斯铜质铭牌,
type,Dread Guristas Cruise Missile Battery,恐惧古斯塔斯巡航导弹发射台,
type,Dread Guristas Cruise Missile Launcher,恐惧古斯塔斯巡航导弹发射器,
type,Dread Guristas Crystal Tag,恐惧古斯塔斯水晶铭牌,
type,Dread Guristas Diamond Tag,恐惧古斯塔斯钻石铭牌,
type,Dread Guristas Drone Damage Amplifier,恐惧古斯塔斯无人机伤害增效装置,
type,Dread Guristas Dual 150mm Railgun,恐惧古斯塔斯双联150mm磁轨炮,
type,Dread Guristas Dual 250mm Railgun,恐惧古斯塔斯双联250mm磁轨炮,
type,Dread Guristas Electrum Tag,恐惧古斯塔斯合金铭牌,
type,Dread Guristas EM Shield Amplifier,恐惧古斯塔斯电磁护盾增效器,
type,Dread Guristas EM Shield Hardener,恐惧古斯塔斯电磁护盾增强器,
type,Dread Guristas Explosive Shield Amplifier,恐惧古斯塔斯爆炸护盾增效器,
type,Dread Guristas Explosive Shield Hardener,恐惧古斯塔斯爆炸护盾增强器,
type,Dread Guristas Gold Tag,恐惧古斯塔斯黄金铭牌,
type,Dread Guristas Heavy Assault Missile Launcher,恐惧古斯塔斯重型攻击导弹发射器,
type,Dread Guristas Heavy Missile Launcher,恐惧古斯塔斯重型导弹发射器,
type,Dread Guristas Inferno Cruise Missile,恐惧古斯塔斯炼狱巡航导弹,
type,Dread Guristas Inferno Heavy Assault Missile,恐惧古斯塔斯炼狱重型攻击导弹,
type,Dread Guristas Inferno Heavy Missile,恐惧古斯塔斯炼狱重型导弹,
type,Dread Guristas Inferno Light Missile,恐惧古斯塔斯炼狱轻型导弹,
type,Dread Guristas Inferno Rocket,恐惧古斯塔斯炼狱火箭,
type,Dread Guristas Inferno Torpedo,恐惧古斯塔斯炼狱鱼雷,
type,Dread Guristas Ion Field Projection Battery,恐惧古斯塔斯离子力场投射台,
type,Dread Guristas Iridium Charge L,恐惧古斯塔斯铱质轨道弹 L,
type,Dread Guristas Iridium Charge M,恐惧古斯塔斯铱质轨道弹 M,
type,Dread Guristas Iridium Charge S,恐惧古斯塔斯铱质轨道弹 S,
type,Dread Guristas Iridium Charge XL,恐惧古斯塔斯铱质轨道弹 XL,
type,Dread Guristas Iron Charge L,恐惧古斯塔斯铁质轨道弹 L,
type,Dread Guristas Iron Charge M,恐惧古斯塔斯铁质轨道弹 M,
type,Dread Guristas Iron Charge S,恐惧古斯塔斯铁质轨道弹 S,
type,Dread Guristas Iron Charge XL,恐惧古斯塔斯铁质轨道弹 XL,
type,Dread Guristas Kinetic Shield Amplifier,恐惧古斯塔斯动能护盾增效器,
type,Dread Guristas Kinetic Shield Hardener,恐惧古斯塔斯动能护盾增强器,
type,Dread Guristas Large Graviton Smartbomb,恐惧古斯塔斯大型引力子立体炸弹,
type,Dread Guristas Large Shield Booster,恐惧古斯塔斯大型护盾回充增量器,
type,Dread Guristas Lead Charge L,恐惧古斯塔斯铅质轨道弹 L,
type,Dread Guristas Lead Charge M,恐惧古斯塔斯铅质轨道弹 M,
type,Dread Guristas Lead Charge S,恐惧古斯塔斯铅质轨道弹 S,
type,Dread Guristas Lead Charge XL,恐惧古斯塔斯铅质轨道弹 XL,
type,Dread Guristas Light Missile Launcher,恐惧古斯塔斯轻型导弹发射器,
type,Dread Guristas Medium Graviton Smartbomb,恐惧古斯塔斯中型引力子立体炸弹,
type,Dread Guristas Medium Shield Booster,恐惧古斯塔斯中型护盾回充增量器,
type,Dread Guristas Micro Graviton Smartbomb,恐惧古斯塔斯微型引力子立体炸弹,
type,Dread Guristas Mjolnir Cruise Missile,恐惧古斯塔斯雷神巡航导弹,
type,Dread Guristas Mjolnir Heavy Assault Missile,恐惧古斯塔斯雷神重型攻击导弹,
type,Dread Guristas Mjolnir Heavy Missile,恐惧古斯塔斯雷神重型导弹,
type,Dread Guristas Mjolnir Light Missile,恐惧古斯塔斯雷神轻型导弹,
type,Dread Guristas Mjolnir Rocket,恐惧古斯塔斯雷神火箭,
type,Dread Guristas Mjolnir Torpedo,恐惧古斯塔斯雷神鱼雷,
type,Dread Guristas Multispectral ECM,恐惧古斯塔斯多谱式ECM,
type,Dread Guristas Multispectrum Shield Hardener,恐惧古斯塔斯多谱式护盾增强器,
type,Dread Guristas Nova Cruise Missile,恐惧古斯塔斯星爆巡航导弹,
type,Dread Guristas Nova Heavy Assault Missile,恐惧古斯塔斯星爆重型攻击导弹,
type,Dread Guristas Nova Heavy Missile,恐惧古斯塔斯星爆重型导弹,
type,Dread Guristas Nova Light Missile,恐惧古斯塔斯星爆轻型导弹,
type,Dread Guristas Nova Rocket,恐惧古斯塔斯星爆火箭,
type,Dread Guristas Nova Torpedo,恐惧古斯塔斯星爆鱼雷,
type,Dread Guristas Omnidirectional Tracking Enhancer,恐惧古斯塔斯全方位索敌增强器,
type,Dread Guristas Palladium Tag,恐惧古斯塔斯钯金铭牌,
type,Dread Guristas Phase Inversion Battery,恐惧古斯塔斯相位倒置接收塔,
type,Dread Guristas Platinum Tag,恐惧古斯塔斯白金铭牌,
type,Dread Guristas Plutonium Charge L,恐惧古斯塔斯钸质轨道弹 L,
type,Dread Guristas Plutonium Charge M,恐惧古斯塔斯钸质轨道弹 M,
type,Dread Guristas Plutonium Charge S,恐惧古斯塔斯钸质轨道弹 S,
type,Dread Guristas Plutonium Charge XL,恐惧古斯塔斯钸质轨道弹 XL,
type,Dread Guristas Rapid Heavy Missile Launcher,恐惧古斯塔斯重型快速导弹发射器,
type,Dread Guristas Rapid Light Missile Launcher,恐惧古斯塔斯轻型快速导弹发射器,
type,Dread Guristas Rapid Torpedo Launcher,恐惧古斯塔斯快速鱼雷发射器,
type,Dread Guristas Rocket Launcher,恐惧古斯塔斯火箭发射器,
type,Dread Guristas Scourge Cruise Missile,恐惧古斯塔斯鞭挞巡航导弹,
type,Dread Guristas Scourge Heavy Assault Missile,恐惧古斯塔斯鞭挞重型攻击导弹,
type,Dread Guristas Scourge Heavy Missile,恐惧古斯塔斯鞭挞重型导弹,
type,Dread Guristas Scourge Light Missile,恐惧古斯塔斯鞭挞轻型导弹,
type,Dread Guristas Scourge Rocket,恐惧古斯塔斯鞭挞火箭,
type,Dread Guristas Scourge Torpedo,恐惧古斯塔斯鞭挞鱼雷,
type,Dread Guristas Shield Boost Amplifier,恐惧古斯塔斯护盾回充增量增效器,
type,Dread Guristas Shield Flux Coil,恐惧古斯塔斯护盾通量线圈,
type,Dread Guristas Signal Distortion Amplifier,恐惧古斯塔斯信号畸变放大器,
type,Dread Guristas Signature Radius Suppressor,恐惧古斯塔斯信号半径抑制装置,
type,Dread Guristas Silver Tag,恐惧古斯塔斯银质铭牌,
type,Dread Guristas Small Graviton Smartbomb,恐惧古斯塔斯小型引力子立体炸弹,
type,Dread Guristas Small Shield Booster,恐惧古斯塔斯小型护盾回充增量器,
type,Dread Guristas Spatial Destabilization Battery,恐惧古斯塔斯空间扰乱发射器,
type,Dread Guristas Standup Variable Spectrum ECM,恐惧古斯塔斯屹立可变光谱ECM,
type,Dread Guristas Stasis Webifier,恐惧古斯塔斯停滞缠绕光束,
type,Dread Guristas Thermal Shield Amplifier,恐惧古斯塔斯热能护盾增效器,
type,Dread Guristas Thermal Shield Hardener,恐惧古斯塔斯热能护盾增强器,
type,Dread Guristas Thorium Charge L,恐惧古斯塔斯钍质轨道弹 L,
type,Dread Guristas Thorium Charge M,恐惧古斯塔斯钍质轨道弹 M,
type,Dread Guristas Thorium Charge S,恐惧古斯塔斯钍质轨道弹 S,
type,Dread Guristas Thorium Charge XL,恐惧古斯塔斯钍质轨道弹 XL,
type,Dread Guristas Torpedo Battery,恐惧古斯塔斯鱼雷发射台,
type,Dread Guristas Torpedo Launcher,恐惧古斯塔斯鱼雷发射器,
type,Dread Guristas Tungsten Charge L,恐惧古斯塔斯钨质轨道弹 L,
type,Dread Guristas Tungsten Charge M,恐惧古斯塔斯钨质轨道弹 M,
type,Dread Guristas Tungsten Charge S,恐惧古斯塔斯钨质轨道弹 S,
type,Dread Guristas Tungsten Charge XL,恐惧古斯塔斯钨质轨道弹 XL,
type,Dread Guristas Uranium Charge L,恐惧古斯塔斯铀质轨道弹 L,
type,Dread Guristas Uranium Charge M,恐惧古斯塔斯铀质轨道弹 M,
type,Dread Guristas Uranium Charge S,恐惧古斯塔斯铀质轨道弹 S,
type,Dread Guristas Uranium Charge XL,恐惧古斯塔斯铀质轨道弹 XL,
type,Dread Guristas Warp Disruptor,恐惧古斯塔斯跃迁扰断器,
type,Dread Guristas Warp Scrambler,恐惧古斯塔斯跃迁扰频器,
type,Dread Guristas White Noise Generation Battery,恐惧古斯塔斯白噪发生器台站,
type,Dread Guristas X-Large Shield Booster,恐惧古斯塔斯超大型护盾回充增量器,
type,Dread Guristas XL Cruise Missile Launcher,恐惧古斯塔斯超大型巡航导弹发射器,
type,Dread Guristas XL Torpedo Battery,恐惧古斯塔斯超大型鱼雷发射台,
type,Dread Guristas XL Torpedo Launcher,恐惧古斯塔斯超大型鱼雷发射器,
type,Dreadnought Systems Diagram,无畏舰系统示意图,
type,Drekavac,德雷卡瓦级,ship
type,Drezin's DNA,德勒辛的DNA,
type,Dromi I,德洛米 I,
type,Dromi II,德洛米 II,
type,Drone Assembly Array,无人机组装阵列,
type,Drone Capillary Fluid,无人机组织液,
type,Drone Cerebral Fragment,无人机脑碎片,
type,Drone Coronary Unit,无人机心脏,
type,Drone Damage Amplifier I,无人机伤害增效装置 I,
type,Drone Damage Amplifier II,无人机伤害增效装置 II,
type,Drone Epidermal Shielding Chunk,无人机表皮块,
type,Drone Graviton Emitter,无人机引力子发射器,
type,Drone Iteration Data,无人机迭代数据,
type,Drone Link Augmentor I,无人机链接增效器 I,
type,Drone Link Augmentor II,无人机链接增效器 II,
type,Drone Mutaplasmid Residue,无人机突变质体残渣,
type,Drone Navigation Computer I,无人机导航电脑 I,
type,Drone Navigation Computer II,无人机导航电脑 II,
type,Drone Synaptic Relay Wiring,无人机突触线,
type,Drone Tactical Limb,无人机战术臂,
type,Drone Transceiver,无人机调制器,
type,Drop,坠落,
type,Drug Lab,药物实验室,
type,DSHR-01H Highsec Ice Storm Filament,DSHR-01H高安冰风暴纤维,
type,Dual 1000mm Railgun I,双联1000mm磁轨炮 I,
type,Dual 1000mm Railgun II,双联1000mm磁轨炮 II,
type,Dual 150mm 'Scout' Accelerator Cannon,双联150mm侦查员飞速加农炮 I,
type,Dual 150mm Carbide Railgun I,双联150mm碳化物磁轨炮 I,
type,Dual 150mm Compressed Coil Gun I,双联150mm压缩型线圈炮 I,
type,Dual 150mm Prototype Gauss Gun,双联150mm尖端型高斯炮 I,
type,Dual 150mm Railgun I,双联150mm磁轨炮 I,
type,Dual 150mm Railgun II,双联150mm磁轨炮 II,
type,Dual 180mm 'Scout' Autocannon I,双联180mm侦查员自动加农炮 I,
type,Dual 180mm AutoCannon I,双联180mm自动加农炮 I,
type,Dual 180mm AutoCannon II,双联180mm自动加农炮 II,
type,Dual 180mm Carbine Repeating Cannon I,双联180mm卡宾频射加农炮 I,
type,Dual 180mm Gallium Machine Gun,双联180mm镓金属机关炮,
type,Dual 180mm Prototype Automatic Cannon,双联180mm尖端型自动加农炮,
type,Dual 250mm 'Scout' Accelerator Cannon,双联250mm侦查员飞速加农炮 I,
type,Dual 250mm Carbide Railgun I,双联250mm碳化物磁轨炮 I,
type,Dual 250mm Compressed Coil Gun I,双联250mm压缩型线圈炮 I,
type,Dual 250mm Prototype Gauss Gun,双联250mm尖端型高斯炮 I,
type,Dual 250mm Railgun I,双联250mm磁轨炮 I,
type,Dual 250mm Railgun II,双联250mm磁轨炮 II,
type,Dual 425mm 'Scout' Autocannon I,双联425mm侦查员自动加农炮 I,
type,Dual 425mm AutoCannon I,双联425mm自动加农炮 I,
type,Dual 425mm AutoCannon II,双联425mm自动加农炮 II,
type,Dual 425mm Carbine Repeating Cannon I,双联425mm卡宾频射加农炮 I,
type,Dual 425mm Gallium Machine Gun,双联425mm镓金属机关炮,
type,Dual 425mm Prototype Automatic Cannon,双联425mm尖端型自动加农炮,
type,Dual 650mm 'Scout' Repeating Cannon I,双联650mm侦查员频射加农炮 I,
type,Dual 650mm Carbine Repeating Cannon I,双联650mm卡宾频射加农炮 I,
type,Dual 650mm Gallium Repeating Cannon,双联650mm镓金属频射加农炮,
type,Dual 650mm Prototype Automatic Cannon,双联650mm尖端型自动加农炮,
type,Dual 650mm Repeating Cannon I,双联650mm频射加农炮 I,
type,Dual 650mm Repeating Cannon II,双联650mm频射加农炮 II,
type,Dual Afocal Heavy Laser I,双联无焦点重型激光器I,
type,Dual Afocal Light Laser I,双联无焦点轻型激光器I,
type,Dual Afocal Pulse Laser I,双联无焦点脉冲激光器I,
type,Dual Anode Heavy Particle Stream I,双联阳极重型粒子束 I,
type,Dual Anode Light Particle Stream I,双联阳极轻型粒子束 I,
type,Dual Anode Pulse Particle Stream I,双联阳极脉冲粒子束 I,
type,Dual Giga Beam Laser I,双联千兆级集束激光器 I,
type,Dual Giga Beam Laser II,双联千兆级集束激光器 II,
type,Dual Giga Pulse Laser I,双联千兆级脉冲激光器 I,
type,Dual Giga Pulse Laser II,双联千兆级脉冲激光器 II,
type,Dual Heavy Afocal Pulse Laser I,双联重型无焦点脉冲激光器I,
type,Dual Heavy Anode Pulse Particle Stream I,双联重型阳极脉冲粒子束 I,
type,Dual Heavy Beam Laser I,双联重型集束激光器 I,
type,Dual Heavy Beam Laser II,双联重型集束激光器 II,
type,Dual Heavy Modal Pulse Laser I,双联重型增强模式脉冲激光器 I,
type,Dual Heavy Modulated Pulse Energy Beam I,双联重型调制型脉冲能量光束 I,
type,Dual Heavy Pulse Laser I,双联重型脉冲激光器 I,
type,Dual Heavy Pulse Laser II,双联重型脉冲激光器 II,
type,Dual Light Beam Laser I,双联轻型集束激光器 I,
type,Dual Light Beam Laser II,双联轻型集束激光器 II,
type,Dual Light Pulse Laser I,双联轻型脉冲激光器 I,
type,Dual Light Pulse Laser II,双联轻型脉冲激光器 II,
type,Dual Modal Heavy Laser I,双联增强模式重型激光器 I,
type,Dual Modal Light Laser I,双联增强模式轻型激光器 I,
type,Dual Modal Pulse Laser I,双联增强模式脉冲激光器 I,
type,Dual Modulated Heavy Energy Beam I,双联调制型重型能量光束 I,
type,Dual Modulated Light Energy Beam I,双联调制型轻型能量光束 I,
type,Dual Modulated Pulse Energy Beam I,双联调制型脉冲能量光束 I,
type,Ducia Foundry Strong Box,杜厦铸造保险柜,
type,Ducinium,杜厦合金,
type,Ducinium II-Grade,杜厦合金（2级）,
type,Ducinium III-Grade,杜厦合金（3级）,
type,Ducinium IV-Grade,杜厦合金（4级）,
type,Dysporite,镝汞合金,
type,Dysprosium,镝,
type,Eagle,银鹰级,ship
type,ECCM Script,ECCM脚本,
type,Echelon,梯队级,ship
type,Echo,回声级,ship
type,ECM Jammer Burst Projector,ECM干扰脉冲波投射器,
type,Ectoplasm,外质,
type,EFFA Compact Assault Damage Control,EFFA紧凑型突击型损伤控制,
type,Eifyr and Co. 'Alchemist' Biology BY-805,埃菲尔公司 炼金术士 生物学 BY-805,
type,Eifyr and Co. 'Alchemist' Biology BY-810,埃菲尔公司 炼金术士 生物学 BY-810,
type,Eifyr and Co. 'Alchemist' Gas Harvesting GH-801,埃菲尔公司 炼金术士 气云采集 GH-801,
type,Eifyr and Co. 'Alchemist' Gas Harvesting GH-803,埃菲尔公司 炼金术士 气云采集 GH-803,
type,Eifyr and Co. 'Alchemist' Gas Harvesting GH-805,埃菲尔公司 炼金术士 气云采集 GH-805,
type,Eifyr and Co. 'Alchemist' Neurotoxin Control NC-903,埃菲尔公司 炼金术士 神经毒化控制 NC-903,
type,Eifyr and Co. 'Alchemist' Neurotoxin Control NC-905,埃菲尔公司 炼金术士 神经毒化控制 NC-905,
type,Eifyr and Co. 'Alchemist' Neurotoxin Recovery NR-1003,埃菲尔公司 炼金术士 神经毒化抵抗 NR-1003,
type,Eifyr and Co. 'Alchemist' Neurotoxin Recovery NR-1005,埃菲尔公司 炼金术士 神经毒化抵抗 NR-1005,
type,Eifyr and Co. 'Gunslinger' Large Projectile Turret LP-1001,埃菲尔公司 神枪手 大型射弹炮台 LP-1001,
type,Eifyr and Co. 'Gunslinger' Large Projectile Turret LP-1002,埃菲尔公司 神枪手 大型射弹炮台 LP-1002,
type,Eifyr and Co. 'Gunslinger' Large Projectile Turret LP-1003,埃菲尔公司 神枪手 大型射弹炮台 LP-1003,
type,Eifyr and Co. 'Gunslinger' Large Projectile Turret LP-1004,埃菲尔公司 神枪手 大型射弹炮台 LP-1004,
type,Eifyr and Co. 'Gunslinger' Large Projectile Turret LP-1005,埃菲尔公司 神枪手 大型射弹炮台 LP-1005,
type,Eifyr and Co. 'Gunslinger' Large Projectile Turret LP-1006,埃菲尔公司 神枪手 大型射弹炮台 LP-1006,
type,Eifyr and Co. 'Gunslinger' Medium Projectile Turret MP-801,埃菲尔公司 神枪手 中型射弹炮台 MP-801,
type,Eifyr and Co. 'Gunslinger' Medium Projectile Turret MP-802,埃菲尔公司 神枪手 中型射弹炮台 MP-802,
type,Eifyr and Co. 'Gunslinger' Medium Projectile Turret MP-803,埃菲尔公司 神枪手 中型射弹炮台 MP-803,
type,Eifyr and Co. 'Gunslinger' Medium Projectile Turret MP-804,埃菲尔公司 神枪手 中型射弹炮台 MP-804,
type,Eifyr and Co. 'Gunslinger' Medium Projectile Turret MP-805,埃菲尔公司 神枪手 中型射弹炮台 MP-805,
type,Eifyr and Co. 'Gunslinger' Medium Projectile Turret MP-806,埃菲尔公司 神枪手 中型射弹炮台 MP-806,
type,Eifyr and Co. 'Gunslinger' Motion Prediction MR-701,埃菲尔公司 神枪手 航迹预算 MR-701,
type,Eifyr and Co. 'Gunslinger' Motion Prediction MR-702,埃菲尔公司 神枪手 航迹预算 MR-702,
type,Eifyr and Co. 'Gunslinger' Motion Prediction MR-703,埃菲尔公司 神枪手 航迹预算 MR-703,
type,Eifyr and Co. 'Gunslinger' Motion Prediction MR-704,埃菲尔公司 神枪手 航迹预算 MR-704,
type,Eifyr and Co. 'Gunslinger' Motion Prediction MR-705,埃菲尔公司 神枪手 航迹预算 MR-705,
type,Eifyr and Co. 'Gunslinger' Motion Prediction MR-706,埃菲尔公司 神枪手 航迹预算 MR-706,
type,Eifyr and Co. 'Gunslinger' Small Projectile Turret SP-601,埃菲尔公司 神枪手 小型射弹炮台 SP-601,
type,Eifyr and Co. 'Gunslinger' Small Projectile Turret SP-602,埃菲尔公司 神枪手 小型射弹炮台 SP-602,
type,Eifyr and Co. 'Gunslinger' Small Projectile Turret SP-603,埃菲尔公司 神枪手 小型射弹炮台 SP-603,
type,Eifyr and Co. 'Gunslinger' Small Projectile Turret SP-604,埃菲尔公司 神枪手 小型射弹炮台 SP-604,
type,Eifyr and Co. 'Gunslinger' Small Projectile Turret SP-605,埃菲尔公司 神枪手 小型射弹炮台 SP-605,
type,Eifyr and Co. 'Gunslinger' Small Projectile Turret SP-606,埃菲尔公司 神枪手 小型射弹炮台 SP-606,
type,Eifyr and Co. 'Gunslinger' Surgical Strike SS-901,埃菲尔公司 神枪手 外科打击 SS-901,
type,Eifyr and Co. 'Gunslinger' Surgical Strike SS-902,埃菲尔公司 神枪手 外科打击 SS-902,
type,Eifyr and Co. 'Gunslinger' Surgical Strike SS-903,埃菲尔公司 神枪手 外科打击 SS-903,
type,Eifyr and Co. 'Gunslinger' Surgical Strike SS-904,埃菲尔公司 神枪手 外科打击 SS-904,
type,Eifyr and Co. 'Gunslinger' Surgical Strike SS-905,埃菲尔公司 神枪手 外科打击 SS-905,
type,Eifyr and Co. 'Gunslinger' Surgical Strike SS-906,埃菲尔公司 神枪手 外科打击 SS-906,
type,Eifyr and Co. 'Rogue' Acceleration Control AC-601,埃菲尔公司 游侠 加速控制 AC-601,
type,Eifyr and Co. 'Rogue' Acceleration Control AC-602,埃菲尔公司 游侠 加速控制 AC-602,
type,Eifyr and Co. 'Rogue' Acceleration Control AC-603,埃菲尔公司 游侠 加速控制 AC-603,
type,Eifyr and Co. 'Rogue' Acceleration Control AC-604,埃菲尔公司 游侠 加速控制 AC-604,
type,Eifyr and Co. 'Rogue' Acceleration Control AC-605,埃菲尔公司 游侠 加速控制 AC-605,
type,Eifyr and Co. 'Rogue' Acceleration Control AC-606,埃菲尔公司 游侠 加速控制 AC-606,
type,Eifyr and Co. 'Rogue' Afterburner AB-602,埃菲尔公司 游侠 加力燃烧器 AB-602,
type,Eifyr and Co. 'Rogue' Afterburner AB-604,埃菲尔公司 游侠 加力燃烧器 AB-604,
type,Eifyr and Co. 'Rogue' Afterburner AB-606,埃菲尔公司 游侠 加力燃烧器 AB-606,
type,Eifyr and Co. 'Rogue' Afterburner AB-608,埃菲尔公司 游侠 加力燃烧器 AB-608,
type,Eifyr and Co. 'Rogue' Afterburner AB-610,埃菲尔公司 游侠 加力燃烧器 AB-610,
type,Eifyr and Co. 'Rogue' Afterburner AB-612,埃菲尔公司 游侠 加力燃烧器 AB-612,
type,Eifyr and Co. 'Rogue' Evasive Maneuvering EM-701,埃菲尔公司 游侠 规避机动 EM-701,
type,Eifyr and Co. 'Rogue' Evasive Maneuvering EM-702,埃菲尔公司 游侠 规避机动 EM-702,
type,Eifyr and Co. 'Rogue' Evasive Maneuvering EM-703,埃菲尔公司 游侠 规避机动 EM-703,
type,Eifyr and Co. 'Rogue' Evasive Maneuvering EM-704,埃菲尔公司 游侠 规避机动 EM-704,
type,Eifyr and Co. 'Rogue' Evasive Maneuvering EM-705,埃菲尔公司 游侠 规避机动 EM-705,
type,Eifyr and Co. 'Rogue' Evasive Maneuvering EM-706,埃菲尔公司 游侠 规避机动 EM-706,
type,Eifyr and Co. 'Rogue' Fuel Conservation FC-801,埃菲尔公司 游侠 燃料节约 FC-801,
type,Eifyr and Co. 'Rogue' Fuel Conservation FC-802,埃菲尔公司 游侠 燃料节约 FC-802,
type,Eifyr and Co. 'Rogue' Fuel Conservation FC-803,埃菲尔公司 游侠 燃料节约 FC-803,
type,Eifyr and Co. 'Rogue' Fuel Conservation FC-804,埃菲尔公司 游侠 燃料节约 FC-804,
type,Eifyr and Co. 'Rogue' Fuel Conservation FC-805,埃菲尔公司 游侠 燃料节约 FC-805,
type,Eifyr and Co. 'Rogue' Fuel Conservation FC-806,埃菲尔公司 游侠 燃料节约 FC-806,
type,Eifyr and Co. 'Rogue' High Speed Maneuvering HS-901,埃菲尔公司 游侠 高速机动 HS-901,
type,Eifyr and Co. 'Rogue' High Speed Maneuvering HS-902,埃菲尔公司 游侠 高速机动 HS-902,
type,Eifyr and Co. 'Rogue' High Speed Maneuvering HS-903,埃菲尔公司 游侠 高速机动 HS-903,
type,Eifyr and Co. 'Rogue' High Speed Maneuvering HS-904,埃菲尔公司 游侠 高速机动 HS-904,
type,Eifyr and Co. 'Rogue' High Speed Maneuvering HS-905,埃菲尔公司 游侠 高速机动 HS-905,
type,Eifyr and Co. 'Rogue' High Speed Maneuvering HS-906,埃菲尔公司 游侠 高速机动 HS-906,
type,Eifyr and Co. 'Rogue' Navigation NN-601,埃菲尔公司 游侠 导航学 NN-601,
type,Eifyr and Co. 'Rogue' Navigation NN-602,埃菲尔公司 游侠 导航学 NN-602,
type,Eifyr and Co. 'Rogue' Navigation NN-603,埃菲尔公司 游侠 导航学 NN-603,
type,Eifyr and Co. 'Rogue' Navigation NN-604,埃菲尔公司 游侠 导航学 NN-604,
type,Eifyr and Co. 'Rogue' Navigation NN-605,埃菲尔公司 游侠 导航学 NN-605,
type,Eifyr and Co. 'Rogue' Navigation NN-606,埃菲尔公司 游侠 导航学 NN-606,
type,Eifyr and Co. 'Rogue' Warp Drive Operation WD-602,埃菲尔公司 游侠 跃迁引擎操控 WD-602,
type,Eifyr and Co. 'Rogue' Warp Drive Operation WD-604,埃菲尔公司 游侠 跃迁引擎操控 WD-604,
type,Eifyr and Co. 'Rogue' Warp Drive Operation WD-606,埃菲尔公司 游侠 跃迁引擎操控 WD-606,
type,Eifyr and Co. 'Rogue' Warp Drive Operation WD-608,埃菲尔公司 游侠 跃迁引擎操控 WD-608,
type,Eifyr and Co. 'Rogue' Warp Drive Operation WD-610,埃菲尔公司 游侠 跃迁引擎操控 WD-610,
type,Eifyr and Co. 'Rogue' Warp Drive Operation WD-612,埃菲尔公司 游侠 跃迁引擎操控 WD-612,
type,Eifyr and Co. 'Rogue' Warp Drive Speed WS-605,埃菲尔公司 游侠 跃迁引擎速度 WS-605,
type,Eifyr and Co. 'Rogue' Warp Drive Speed WS-608,埃菲尔公司 游侠 跃迁引擎速度 WS-608,
type,Eifyr and Co. 'Rogue' Warp Drive Speed WS-610,埃菲尔公司 游侠 跃迁引擎速度 WS-610,
type,Eifyr and Co. 'Rogue' Warp Drive Speed WS-613,埃菲尔公司 游侠 跃迁引擎速度 WS-613,
type,Eifyr and Co. 'Rogue' Warp Drive Speed WS-615,埃菲尔公司 游侠 跃迁引擎速度 WS-615,
type,Eifyr and Co. 'Rogue' Warp Drive Speed WS-618,埃菲尔公司 游侠 跃迁引擎速度 WS-618,
type,Eifyrium,埃菲尔合金,
type,Eifyrium II-Grade,埃菲尔合金（2级）,
type,Eifyrium III-Grade,埃菲尔合金（3级）,
type,Eifyrium IV-Grade,埃菲尔合金（4级）,
type,Einherji I,因赫吉 I,
type,Einherji II,因赫吉 II,
type,Elara Restrained Mining Laser Upgrade,埃拉抑制型采矿激光提升器,
type,Electric Conduit,电气导管,
type,Electro-Neural Signaller,电子神经信号装置,
type,Electrolytic Capacitor Unit,电解电容器单元,
type,Electromagnetic Metaprismatic Sheeting,电磁多彩薄膜,
type,Electromechanical Hull Sheeting,电子机械船体护板,
type,Electromechanical Interface Nexus,机械电子接口节点,
type,Electromechanical Microprocessor,机电微处理器,
type,Electron Blaster Cannon I,电子疾速加农炮 I,
type,Electron Blaster Cannon II,电子疾速加农炮 II,
type,Electron Bomb,电子炸弹,
type,Electronic Hardening Charge,电子增强弹药,
type,Electronic Link,电子链路,
type,Electronic Parts,电子元件,
type,Electronic Superiority Charge,电子优势弹药,
type,ElectroPunch Ultra L,超级电击 L,
type,ElectroPunch Ultra M,超级电击 M,
type,ElectroPunch Ultra S,超级电击 S,
type,Element Containment Vessel,元素密闭舱,
type,Element Control Data,元素控制数据,
type,Elemental Crux,元素特征,
type,Elena Gazky's DNA,埃愣纳·伽扎吉的DNA,
type,Eleutrium,艾琉特瑞姆矿,
type,Elite Drone AI,精英无人机人工智能,
type,Elite Slaves,精英劳工,
type,EM Armor Hardener I,电磁装甲增强器 I,
type,EM Armor Hardener II,电磁装甲增强器 II,
type,EM Coating I,电磁涂层 I,
type,EM Coating II,电磁涂层 II,
type,EM Energized Membrane I,电磁电压薄膜 I,
type,EM Energized Membrane II,电磁电压薄膜 II,
type,EM Pulse Generator,电磁发生器,
type,EM Shield Amplifier I,电磁护盾增效器I,
type,EM Shield Amplifier II,电磁护盾增效器 II,
type,EM Shield Hardener I,电磁护盾增强器 I,
type,EM Shield Hardener II,电磁护盾增强器 II,
type,Emergent Combat Analyzer,自发作战分析仪,
type,Emergent Combat Intelligence,自发作战智能系统,
type,Emergent Neurovisual Interface,应变神经可视接口,
type,EMP L,电磁脉冲弹 L,
type,EMP M,电磁脉冲弹 M,
type,EMP S,电磁脉冲弹 S,
type,EMP XL,电磁脉冲弹 XL,
type,Encrypted 'Istina' Data,加密“伊斯蒂纳”数据,
type,Encrypted Upwell Consortium Data Cache,加密型昇威财团数据缓存,
type,Endurance,永恒者级,ship
type,Enduring Compounds,持久型化合物,
type,Enduring Conductors,持久型导体,
type,Enduring Electronics,持久型电子元件,
type,Enduring EM Shield Hardener,持久型电磁护盾增强器,
type,Enduring Explosive Shield Hardener,持久型爆炸护盾增强器,
type,Enduring Interdiction Nullifier,持久型拦截失效装置,
type,Enduring Kinetic Shield Hardener,持久型动能护盾增强器,
type,Enduring Multispectrum Shield Hardener,持久型多谱式护盾增强器,
type,Enduring Thermal Shield Hardener,持久型热能护盾增强器,
type,Energy Cells,预燃室,
type,Energy Neutralization Burst Projector,能量中和脉冲波投射器,
type,Energy Neutralizing Battery,能量中和波发射台,
type,Enfeebling Scoped Ladar ECM,衰弱视野型光雷达ECM,
type,Enforcer,执法者级,ship
type,Enforcer - Calm Abyssal Filaments Crate,执法者 - 镇静深渊纤维箱,
type,Enforcer - Defense System Skill Crate,执法者 - 防御系统技能箱,
type,Enforcer - Destroyer Skill Crate,执法者 - 驱逐舰技能箱,
type,Enforcer - Frigate Crate,执法者 - 护卫舰箱,
type,Enforcer - Frigate Skill Crate,执法者 - 护卫舰技能箱,
type,Enforcer - Tranquil Abyssal Filaments Crate,宁静深渊纤维箱,
type,Engineering Mutaplasmid Residue,工程突变质体残渣,
type,Enhanced Electro-Neural Signaller,加强型电子神经信号装置,
type,Enhanced Neurolink Protection Cell,加强型神经链接防护单元,
type,Enhanced Ward Console,加强的防御控制台,
type,Entosis Link I,侵噬链接 I,
type,Entosis Link II,侵噬链接 II,
type,Entropic Radiation Sink I,熵辐射槽 I,
type,Entropic Radiation Sink II,熵辐射槽 II,
type,Enyo,恩尤级,ship
type,Eos,曙光女神级,ship
type,EP-S Gaussian Scoped Mining Laser,EP-S高斯视野型采矿激光器,
type,Epithal,埃比斯级,ship
type,Equipment Assembly Array,装备组装阵列,
type,Equite I,骑士 I,
type,Equite II,骑士 II,
type,Eradicator Datacore,清洗者数据核心,
type,Erebus,俄洛巴斯级,ship
type,Eris,厄里斯级,ship
type,Eros Blossom Firework,爱之绽放烟火,
type,Erratic Ore Mining Crystal Type A I,不稳定矿石采集晶体A型 I,
type,Erratic Ore Mining Crystal Type A II,不稳定矿石采集晶体A型 II,
type,Erratic Ore Mining Crystal Type B I,不稳定矿石采集晶体B型 I,
type,Erratic Ore Mining Crystal Type B II,不稳定矿石采集晶体B型 II,
type,Erratic Ore Mining Crystal Type C I,不稳定矿石采集晶体C型 I,
type,Erratic Ore Mining Crystal Type C II,不稳定矿石采集晶体C型 II,
type,Estamel Tharchon's Tag,埃斯塔梅尔·特尔的铭牌,
type,Estamel's Modified 350mm Railgun,埃斯塔梅尔氏改良型350mm磁轨炮,
type,Estamel's Modified 425mm Railgun,埃斯塔梅尔氏改良型425mm磁轨炮,
type,Estamel's Modified Ballistic Control System,埃斯塔梅尔氏改良型弹道控制系统,
type,Estamel's Modified Cloaking Device,埃斯塔梅尔氏改良型隐形装置,
type,Estamel's Modified Co-Processor,埃斯塔梅尔氏改良型协处理器,
type,Estamel's Modified Cruise Missile Launcher,埃斯塔梅尔氏改良型巡航导弹发射器,
type,Estamel's Modified Dual 250mm Railgun,埃斯塔梅尔氏改良型双联250mm磁轨炮,
type,Estamel's Modified EM Shield Amplifier,埃斯塔梅尔氏改良型电磁护盾增效器,
type,Estamel's Modified EM Shield Hardener,埃斯塔梅尔氏改良型电磁护盾增强器,
type,Estamel's Modified Explosive Shield Amplifier,埃斯塔梅尔氏改良型爆炸护盾增效器,
type,Estamel's Modified Explosive Shield Hardener,埃斯塔梅尔氏改良型爆炸护盾增强器,
type,Estamel's Modified Kinetic Shield Amplifier,埃斯塔梅尔氏改良型动能护盾增效器,
type,Estamel's Modified Kinetic Shield Hardener,埃斯塔梅尔氏改良型动能护盾增强器,
type,Estamel's Modified Large Graviton Smartbomb,埃斯塔梅尔氏改良型大型引力子立体炸弹,
type,Estamel's Modified Large Shield Booster,埃斯塔梅尔氏改良型大型护盾回充增量器,
type,Estamel's Modified Multispectral ECM,埃斯塔梅尔氏改良型多谱式ECM,
type,Estamel's Modified Multispectrum Shield Hardener,埃斯塔梅尔氏改良型多谱式护盾增强器,
type,Estamel's Modified Rapid Heavy Missile Launcher,埃斯塔梅尔氏改良型重型快速导弹发射器,
type,Estamel's Modified Shield Boost Amplifier,埃斯塔梅尔氏改良型护盾回充增量增效器,
type,Estamel's Modified Thermal Shield Amplifier,埃斯塔梅尔氏改良型热能护盾增效器,
type,Estamel's Modified Thermal Shield Hardener,埃斯塔梅尔氏改良型热能护盾增强器,
type,Estamel's Modified Torpedo Launcher,埃斯塔梅尔氏改良型鱼雷发射器,
type,Estamel's Modified X-Large Shield Booster,埃斯塔梅尔氏改良型超大型护盾回充增量器,
type,Etana,伊塔那级,ship
type,Eutectic Compact Cap Recharger,共晶紧凑型电容回充器,
type,Euxenite,黑稀金矿,
type,Evaporite Deposits,蒸发岩沉积物,
type,Evasive Maneuvers Charge,机动规避弹药,
type,Exceptional Moon Mining Crystal Type A I,非凡卫星矿石采集晶体A型 I,
type,Exceptional Moon Mining Crystal Type A II,非凡卫星矿石采集晶体A型 II,
type,Exceptional Moon Mining Crystal Type B I,非凡卫星矿石采集晶体B型 I,
type,Exceptional Moon Mining Crystal Type B II,非凡卫星矿石采集晶体B型 II,
type,Exceptional Moon Mining Crystal Type C I,非凡卫星矿石采集晶体C型 I,
type,Exceptional Moon Mining Crystal Type C II,非凡卫星矿石采集晶体C型 II,
type,Executioner,刽子手级,ship
type,Exequror,送葬者级,ship
type,Exequror Navy Issue,送葬者级海军型,ship
type,Exigent 'Excavator' Ice Harvesting Drone Mutaplasmid,紧急的“采掘者”冰矿采集无人机突变质体,
type,Exigent 'Excavator' Mining Drone Mutaplasmid,紧急的“采掘者”采矿无人机突变质体,
type,Exigent Heavy Drone Durability Mutaplasmid,紧急的重型无人机耐性突变质体,
type,Exigent Heavy Drone Firepower Mutaplasmid,紧急的重型无人机火力突变质体,
type,Exigent Heavy Drone Navigation Mutaplasmid,紧急的重型无人机导航突变质体,
type,Exigent Heavy Drone Projection Mutaplasmid,紧急的重型无人机投射突变质体,
type,Exigent Ice Harvesting Drone Mutaplasmid,紧急的冰矿采集无人机突变质体,
type,Exigent Light Drone Durability Mutaplasmid,紧急的轻型无人机耐性突变质体,
type,Exigent Light Drone Firepower Mutaplasmid,紧急的轻型无人机火力突变质体,
type,Exigent Light Drone Navigation Mutaplasmid,紧急的轻型无人机导航突变质体,
type,Exigent Light Drone Projection Mutaplasmid,紧急的轻型无人机投射突变质体,
type,Exigent Medium Drone Durability Mutaplasmid,紧急的中型无人机耐性突变质体,
type,Exigent Medium Drone Firepower Mutaplasmid,紧急的中型无人机火力突变质体,
type,Exigent Medium Drone Navigation Mutaplasmid,紧急的中型无人机导航突变质体,
type,Exigent Medium Drone Projection Mutaplasmid,紧急的中型无人机投射突变质体,
type,Exigent Mining Drone Mutaplasmid,紧急的采矿无人机突变质体,
type,Exigent Sentry Drone Durability Mutaplasmid,紧急的岗哨无人机耐性突变质体,
type,Exigent Sentry Drone Firepower Mutaplasmid,紧急的岗哨无人机火力突变质体,
type,Exigent Sentry Drone Precision Mutaplasmid,紧急的岗哨无人机精准突变质体,
type,Exigent Sentry Drone Projection Mutaplasmid,紧急的岗哨无人机投射突变质体,
type,Exile,游离,
type,"Exotic Dancers, Female",女性异族舞者,
type,"Exotic Dancers, Male",男性异族舞者,
type,Expanded Cargohold I,扩充货柜舱 I,
type,Expanded Cargohold II,扩充货柜舱 II,
type,Expanded Probe Launcher I,延伸探针发射器 I,
type,Expanded Probe Launcher II,延伸探针发射器 II,
type,Expedition Command Burst I,远征指挥脉冲波 I,
type,Expedition Command Burst II,远征指挥脉冲波 II,
type,Expedition Command Mindlink,远征指挥思维网络芯片,
type,Expedition Pinpointing Charge,远征定位弹药,
type,Expedition Reach Charge,远征范围弹药,
type,Expedition Strength Charge,远征强度弹药,
type,Experimental Enduring EM Armor Hardener I,实验型持久型电磁装甲增强器 I,
type,Experimental Enduring Explosive Armor Hardener I,实验型持久型爆炸装甲增强器 I,
type,Experimental Enduring Kinetic Armor Hardener I,实验型持久型动能装甲增强器 I,
type,Experimental Enduring Thermal Armor Hardener I,实验型持久型热能装甲增强器 I,
type,Experimental Hyperspatial Accelerator,实验型超空间加速装置,
type,Experimental Jump Drive Economizer,实验型跳跃引擎节能装置,
type,Experimental Laboratory,逆向工程实验室,
type,Experimental SV-2000 Rapid Light Missile Launcher,实验型SV-2000轻型快速导弹发射器,
type,Experimental XT-2800 Heavy Assault Missile Launcher I,实验型XT-2800重型攻击导弹发射器 I,
type,Experimental ZW-4100 Torpedo Launcher,实验型ZW-4100鱼雷发射器,
type,Expert Cerebral Accelerator,专家大脑加速器,
type,Expired Annihilated Electrical Filament,过期的湮灭电子纤维,
type,Expired Azdaja Redoubt Filament,过期的阿兹达加堡垒纤维,
type,Expired Calamitous Firestorm Filament,过期的灾害火焰风暴纤维,
type,Expired Conflux Eyrie Filament,过期的合流鹰巢纤维,
type,Expired Curious Warp Matrix Filament,过期的奇异的跃迁矩阵纤维,
type,Expired Dangerous Warp Matrix Filament,过期的危险的跃迁矩阵纤维,
type,Expired Devastated Electrical Filament,过期的荒芜电子纤维,
type,Expired Disastrous Gamma Filament,过期的灾变伽玛纤维,
type,Expired Enigmatic Warp Matrix Filament,过期的神秘的跃迁矩阵纤维,
type,Expired Hazardous Warp Matrix Filament,过期的有害的跃迁矩阵纤维,
type,Expired Liberated Barbican Filament,过期的自由巴比肯纤维,
type,Expired Mysterious Warp Matrix Filament,过期的玄妙的跃迁矩阵纤维,
type,Expired Perilous Warp Matrix Filament,过期的险恶的跃迁矩阵纤维,
type,Expired Precarious Warp Matrix Filament,过期的不稳定的跃迁矩阵纤维,
type,Expired Ruined Electrical Filament,过期的毁灭电子纤维,
type,Expired Sanctified Vidette Filament,过期的维德特圣域纤维,
type,Expired Sentinel MZ Filament,过期的哨兵MZ纤维,
type,Expired Sinister Exotic Filament,过期的邪恶异种纤维,
type,Expired Vicious Electrical Filament,过期的狂暴电子纤维,
type,Explorer - Frigate Crate,探险家 - 护卫舰箱,
type,Explorer - Frigate Skill Crate,探险家 - 护卫舰技能箱,
type,Explosion Dampening Array,爆炸伤害弱化阵列,
type,Explosive Armor Hardener I,爆炸装甲增强器 I,
type,Explosive Armor Hardener II,爆炸装甲增强器 II,
type,Explosive Coating I,爆炸涂层 I,
type,Explosive Coating II,爆炸涂层 II,
type,Explosive Energized Membrane I,爆炸电压薄膜 I,
type,Explosive Energized Membrane II,爆炸电压薄膜 II,
type,Explosive Shield Amplifier I,爆炸护盾增效器 I,
type,Explosive Shield Amplifier II,爆炸护盾增效器 II,
type,Explosive Shield Hardener I,爆炸护盾增强器 I,
type,Explosive Shield Hardener II,爆炸护盾增强器 II,
type,Extruded Compact Heat Sink,挤压紧凑型散热槽,
type,F-11 Entangled GQD,F-11纠缠型GQD,
type,F-12 Enduring Tracking Computer,F-12持久型索敌计算机,
type,F-16 Entangled GQD,F-16纠缠型GQD,
type,F-23 Compact Remote Sensor Booster,F-23紧凑型远程感应增强器,
type,F-24 Entangled GQD,F-24纠缠型GQD,
type,F-293 Scoped Remote Tracking Computer,F-293视野型远距索敌计算机,
type,F-33 Entangled GQD,F-33纠缠型GQD,
type,F-41 Entangled GQD,F-41纠缠型GQD,
type,F-89 Compact Signal Amplifier,F-89紧凑型信号放大器,
type,F-90 Compact Sensor Booster,F-90紧凑型感应增强器,
type,Faint Epsilon Scoped Warp Scrambler,伊普西隆眩晕视野型跃迁扰频器,
type,Faint Scoped Warp Disruptor,眩晕视野型跃迁扰断器,
type,Falcon,战隼级,ship
type,Fangs of the Serpent Firework,天蛇之牙烟火,
type,Faraday Force Magnetometer,法拉第强度磁力计,
type,Faramon's Tag,法拉蒙的铭牌,
type,Federal Encryption Key,联邦加密钥匙,
type,Federal Strategic Materiel Supply Package,联邦战略军需处补给包,
type,Federation Defense Booster I,联邦防御增效剂I,
type,Federation Defense Booster II,联邦防御增效剂II,
type,Federation Defense Booster III,联邦防御增效剂III,
type,Federation Electronics Booster I,联邦电子系统增效剂I,
type,Federation Electronics Booster II,联邦电子系统增效剂II,
type,Federation Electronics Booster III,联邦电子系统增效剂III,
type,Federation Hardpoint Booster I,联邦挂载点增效剂I,
type,Federation Hardpoint Booster II,联邦挂载点增效剂II,
type,Federation Hardpoint Booster III,联邦挂载点增效剂III,
type,Federation Mobility Booster I,联邦机动性增效剂I,
type,Federation Mobility Booster II,联邦机动性增效剂II,
type,Federation Mobility Booster III,联邦机动性增效剂III,
type,Federation Navy 'Argyreos' Magnetic Field Stabilizer,联邦海军“银星”磁性力场稳定器,
type,Federation Navy 'Khryseos' Magnetic Field Stabilizer,联邦海军“金阳”磁性力场稳定器,
type,Federation Navy 100mm Steel Plates,联邦海军100mm钢附甲板,
type,Federation Navy 100MN Afterburner,联邦海军100MN加力燃烧器,
type,Federation Navy 10MN Afterburner,联邦海军10MN加力燃烧器,
type,Federation Navy 125mm Railgun,联邦海军125mm磁轨炮,
type,Federation Navy 150mm Railgun,联邦海军150mm磁轨炮,
type,Federation Navy 1600mm Steel Plates,联邦海军1600mm钢附甲板,
type,Federation Navy 1MN Afterburner,联邦海军1MN加力燃烧器,
type,Federation Navy 200mm Railgun,联邦海军200mm磁轨炮,
type,Federation Navy 200mm Steel Plates,联邦海军200mm钢附甲板,
type,Federation Navy 250mm Railgun,联邦海军250mm磁轨炮,
type,Federation Navy 350mm Railgun,联邦海军350mm磁轨炮,
type,Federation Navy 400mm Steel Plates,联邦海军400mm钢附甲板,
type,Federation Navy 425mm Railgun,联邦海军425mm磁轨炮,
type,Federation Navy 500MN Microwarpdrive,联邦海军500MN微型跃迁推进器,
type,Federation Navy 50MN Microwarpdrive,联邦海军50MN微型跃迁推进器,
type,Federation Navy 5MN Microwarpdrive,联邦海军5MN微型跃迁推进器,
type,Federation Navy 75mm Railgun,联邦海军75mm磁轨炮,
type,Federation Navy 800mm Steel Plates,联邦海军800mm钢附甲板,
type,Federation Navy Antimatter Charge L,联邦海军反物质轨道弹 L,
type,Federation Navy Antimatter Charge M,联邦海军反物质轨道弹 M,
type,Federation Navy Antimatter Charge S,联邦海军反物质轨道弹 S,
type,Federation Navy Bastion Module,联邦海军堡垒装备,
type,Federation Navy Co-Processor,联邦海军协处理器,
type,Federation Navy Comet,联邦海军彗星级,ship
type,Federation Navy Command Mindlink,联邦海军指挥思维网络芯片,
type,Federation Navy Command Sergeant Major Insignia I,联邦海军指挥部军士长勋章I,
type,Federation Navy Drone Damage Amplifier,联邦海军无人机伤害增效装置,
type,Federation Navy Drone Navigation Computer,联邦海军无人机导航电脑,
type,Federation Navy Dual 150mm Railgun,联邦海军双联150mm磁轨炮,
type,Federation Navy Dual 250mm Railgun,联邦海军双联250mm磁轨炮,
type,Federation Navy Electron Blaster Cannon,联邦海军电子疾速加农炮,
type,Federation Navy EM Armor Hardener,联邦海军电磁装甲增强器,
type,Federation Navy EM Coating,联邦海军电磁涂层,
type,Federation Navy EM Energized Membrane,联邦海军电磁电压薄膜,
type,Federation Navy Explosive Armor Hardener,联邦海军爆炸装甲增强器,
type,Federation Navy Explosive Coating,联邦海军爆炸涂层,
type,Federation Navy Explosive Energized Membrane,联邦海军爆炸电压薄膜,
type,Federation Navy Firbolg,联邦海军掷矛手舰载机,
type,Federation Navy Fleet Captain Insignia I,联邦海军舰队舰长勋章I,
type,Federation Navy Fleet Colonel Insignia I,联邦海军舰队上校勋章I,
type,Federation Navy Fleet Colonel Insignia II,联邦海军舰队上校勋章II,
type,Federation Navy Fleet Commander Insignia,联邦海军舰队指挥官勋章,
type,Federation Navy Fleet Major Insignia I,联邦海军舰队少校勋章 I,
type,Federation Navy Fleet Rear-Admiral Insignia,联邦海军少将勋章,
type,Federation Navy Garde,联邦海军卫兵,
type,Federation Navy Hammerhead,联邦海军战锤,
type,Federation Navy Heavy Electron Blaster,联邦海军重型电子疾速炮,
type,Federation Navy Heavy Ion Blaster,联邦海军重型离子疾速炮,
type,Federation Navy Heavy Neutron Blaster,联邦海军重型中子疾速炮,
type,Federation Navy Hobgoblin,联邦海军地精灵,
type,Federation Navy Ion Blaster Cannon,联邦海军离子疾速加农炮,
type,Federation Navy Iridium Charge L,联邦海军铱质轨道弹 L,
type,Federation Navy Iridium Charge M,联邦海军铱质轨道弹 M,
type,Federation Navy Iridium Charge S,联邦海军铱质轨道弹 S,
type,Federation Navy Iron Charge L,联邦海军铁质轨道弹 L,
type,Federation Navy Iron Charge M,联邦海军铁质轨道弹 M,
type,Federation Navy Iron Charge S,联邦海军铁质轨道弹 S,
type,Federation Navy Kinetic Armor Hardener,联邦海军动能装甲增强器,
type,Federation Navy Kinetic Coating,联邦海军动能涂层,
type,Federation Navy Kinetic Energized Membrane,联邦海军动能电压薄膜,
type,Federation Navy Large Armor Repairer,联邦海军大型装甲维修器,
type,Federation Navy Large Plasma Smartbomb,联邦海军大型等离子立体炸弹,
type,Federation Navy Large Remote Armor Repairer,联邦海军 大型远程装甲维修器,
type,Federation Navy Lead Charge L,联邦海军铅质轨道弹 L,
type,Federation Navy Lead Charge M,联邦海军铅质轨道弹 M,
type,Federation Navy Lead Charge S,联邦海军铅质轨道弹 S,
type,Federation Navy Light Electron Blaster,联邦海军轻型电子疾速炮,
type,Federation Navy Light Ion Blaster,联邦海军轻型离子疾速炮,
type,Federation Navy Light Neutron Blaster,联邦海军轻型中子疾速炮,
type,Federation Navy Magnetic Field Stabilizer,联邦海军磁性力场稳定器,
type,Federation Navy Medium Armor Repairer,联邦海军中型装甲维修器,
type,Federation Navy Medium Plasma Smartbomb,联邦海军中型等离子立体炸弹,
type,Federation Navy Micro Plasma Smartbomb,联邦海军微型等离子立体炸弹,
type,Federation Navy Midshipman Insignia I,联邦海军预备军官勋章I,
type,Federation Navy Midshipman Insignia II,联邦海军预备军官勋章II,
type,Federation Navy Midshipman Insignia III,联邦海军预备军官勋章III,
type,Federation Navy Multispectrum Coating,联邦海军多谱式涂层,
type,Federation Navy Multispectrum Energized Membrane,联邦海军多谱式电压薄膜,
type,Federation Navy Neutron Blaster Cannon,联邦海军中子疾速加农炮,
type,Federation Navy Ogre,联邦海军蛮妖,
type,Federation Navy Omnidirectional Tracking Link,联邦海军全方位索敌连接,
type,Federation Navy Plutonium Charge L,联邦海军钸质轨道弹 L,
type,Federation Navy Plutonium Charge M,联邦海军钸质轨道弹 M,
type,Federation Navy Plutonium Charge S,联邦海军钸质轨道弹 S,
type,Federation Navy Raid Leader Insignia,联邦海军突击队长勋章,
type,Federation Navy Remote Tracking Computer,联邦海军远距索敌计算机,
type,Federation Navy Satyr,联邦海军萨梯,
type,Federation Navy Sensor Booster,联邦海军感应增强器,
type,Federation Navy Sergeant Elite Insignia,联邦海军中士精英勋章,
type,Federation Navy Sergeant Insignia I,联邦海军中士勋章I,
type,Federation Navy Sergeant Insignia II,联邦海军中士勋章II,
type,Federation Navy Sergeant Insignia III,联邦海军中士勋章III,
type,Federation Navy Sergeant Major Insignia I,联邦海军军士长勋章I,
type,Federation Navy Siren,联邦海军塞壬,
type,Federation Navy Small Armor Repairer,联邦海军小型装甲维修器,
type,Federation Navy Small Plasma Smartbomb,联邦海军小型等离子立体炸弹,
type,Federation Navy Squad Leader Insignia,联邦海军小队长勋章,
type,Federation Navy Stasis Webifier,联邦海军停滞缠绕光束,
type,Federation Navy Thermal Armor Hardener,联邦海军热能装甲增强器,
type,Federation Navy Thermal Coating,联邦海军热能涂层,
type,Federation Navy Thermal Energized Membrane,联邦海军热能电压薄膜,
type,Federation Navy Thorium Charge L,联邦海军钍质轨道弹 L,
type,Federation Navy Thorium Charge M,联邦海军钍质轨道弹 M,
type,Federation Navy Thorium Charge S,联邦海军钍质轨道弹 S,
type,Federation Navy Tracking Computer,联邦海军索敌计算机,
type,Federation Navy Tungsten Charge L,联邦海军钨质轨道弹 L,
type,Federation Navy Tungsten Charge M,联邦海军钨质轨道弹 M,
type,Federation Navy Tungsten Charge S,联邦海军钨质轨道弹 S,
type,Federation Navy Uranium Charge L,联邦海军铀质轨道弹 L,
type,Federation Navy Uranium Charge M,联邦海军铀质轨道弹 M,
type,Federation Navy Uranium Charge S,联邦海军铀质轨道弹 S,
type,Federation Navy Warp Disruptor,联邦海军跃迁扰断器,
type,Federation Navy Warp Scrambler,联邦海军跃迁扰频器,
type,Fedo,费多,
type,Fenrir,芬利厄级,ship
type,Fermionic Condensates,费米子冷凝物,
type,Fernite Alloy,菲尔合金,
type,Fernite Carbide,菲尔合金碳化物,
type,Fernite Carbide Composite Armor Plate,碳化菲尔金属合成物附甲,
type,Ferox,猛鲑级,ship
type,Ferox Navy Issue,猛鲑级海军型,ship
type,Ferrofluid,铁磁流体,
type,Ferrogel,铁磁胶体,
type,Festival Launcher,节日发射器,
type,FFR Enduring Assault Damage Control,FFR持久型突击型损伤控制,
type,Fiend,恶魔级,ship
type,Fierce Dark Filament,猛烈黑暗深渊纤维,
type,Fierce Electrical Filament,猛烈电子深渊纤维,
type,Fierce Exotic Filament,猛烈异种深渊纤维,
type,Fierce Firestorm Filament,猛烈火瀑深渊纤维,
type,Fierce Gamma Filament,猛烈伽玛深渊纤维,
type,Fighter Support Unit I,铁骑舰载机辅助单元 I,
type,Fighter Support Unit II,铁骑舰载机辅助单元 II,
type,Filmir’s Modified Mining Laser Upgrade,菲尔米尔的改良型采矿激光器提升器,
type,Firbolg I,掷矛手 I,
type,Firbolg II,掷矛手 II,
type,Fission Reactor Unit,裂变反应堆处理器,
type,Fission Thruster,裂变推进器,
type,Flames of the Rebellion Firework,自由之焰烟火,
type,Fleeting Compact Stasis Webifier,骤停紧凑型停滞缠绕光束,
type,Fluctuating Entropic Regulator,波动熵能调节器,
type,Fluxed Condensates,熔融冷凝物,
type,Flycatcher,飞燕级,ship
type,Focused Afocal Medium Laser I,聚焦无焦点中型激光器I,
type,Focused Afocal Pulse Laser I,聚焦无焦点脉冲激光器I,
type,Focused Anode Medium Particle Stream I,聚焦阳极中型粒子束 I,
type,Focused Anode Pulse Particle Stream I,聚焦阳极脉冲粒子束 I,
type,Focused Medium Beam Laser I,聚焦中型集束激光器 I,
type,Focused Medium Beam Laser II,聚焦中型集束激光器 II,
type,Focused Medium Pulse Laser I,聚焦中型脉冲激光器 I,
type,Focused Medium Pulse Laser II,聚焦中型脉冲激光器 II,
type,Focused Modal Medium Laser I,聚焦增强模式中型激光器 I,
type,Focused Modal Pulse Laser I,聚焦增强模式脉冲激光器 I,
type,Focused Modulated Medium Energy Beam I,聚焦调制型中型能量光束 I,
type,Focused Modulated Pulse Energy Beam I,聚焦调制型脉冲能量光束 I,
type,Focused Void Bomb,聚焦涅槃炸弹,
type,Focused Warp Disruption Script,聚焦跃迁干扰脚本,
type,Focused Warp Scrambling Script,聚焦跃迁扰频脚本,
type,Foiritan Voucher,佛里坦投票券,
type,Force Cable,力场线圈,
type,Forever 4-4 Firework,海四永恒焰火,
type,Fortizar,铁壁,structure
type,Fortizar Upwell Quantum Core,铁壁昇威量子芯,
type,Four Freedoms Firework,四大自由烟火,
type,Fourier Compact Tracking Enhancer,傅立叶紧凑型索敌增强器,
type,Fragmented Observations,零散的观测数据,
type,Freed Slaves,独立劳工,
type,Freedom Fighters,自由战士,
type,Freki,暴狼级,ship
type,Frentix,疯癫,
type,Fried Interface Circuit,烧焦的接口电路,
type,Frigoris Restrained Ice Harvester Upgrade,弗戈斯抑制型冰矿采集能力提升器,
type,Frostline 'Clavicula' Integrated Analyzer,霜线 '锁骨' 集成式分析仪,
type,Frostline 'Omnivore' Harvester Upgrade,霜线 '杂食' 采集能力提升器,
type,Frozen Food,冷藏食品,
type,Frozen Plant Seeds,冷藏植物种子,
type,Fullerene Intercalated Graphite,富勒烯层间石墨,
type,Fullerene Intercalated Sheets,富勒烯夹页,
type,Fullerides,富勒化合物,
type,Fulleroferrocene,富勒二茂铁,
type,Fulleroferrocene Power Conduits,富勒二茂铁能量导管,
type,Fused Nanomechanical Engines,熔合的纳米引擎,
type,Fusion L,聚变弹 L,
type,Fusion M,聚变弹 M,
type,Fusion Reactor Unit,聚变反应堆机组,
type,Fusion S,聚变弹 S,
type,Fusion Thruster,聚变推进器,
type,Fusion XL,聚变弹 XL,
type,FZ-3a Enduring Gravimetric ECM,FZ-3a持久型引力ECM,
type,G-O Trigger Neurolink Conduit,G-O触发式神经链接回路,
type,Gaia,盖亚级,ship
type,Galeptos Medicine,家乐普托斯内用药,
type,Gallente 106 Election Holoreel,盖伦特106选举全息记忆盘,
type,Gallente Alpha Nexus Chip,盖伦特阿尔法关联芯片,
type,Gallente Beta Nexus Chip,盖伦特贝它关联芯片,
type,Gallente Control Tower,盖伦特控制塔,
type,Gallente Control Tower Medium,盖伦特中型控制塔,
type,Gallente Control Tower Small,盖伦特小型控制塔,
type,Gallente Decoder Package,盖伦特解码器包裹,
type,Gallente Encoder Splice,盖伦特编码器接片,
type,Gallente Federation Starbase Charter,盖伦特联邦母星宪章,
type,Gallente Gamma Nexus Chip,盖伦特伽玛关联芯片,
type,Gallente Listening Outpost,盖伦特监听哨站,
type,Gallente Loyalty Token,盖伦特忠诚点凭证,
type,Gallente Mining Laser,盖伦特采矿激光器,
type,Gallente Phenomena Generator,盖伦特现象发生器,
type,Gallente Propaganda Broadcast Structure,盖伦特广播宣传建筑,
type,Gallente Shuttle,盖伦特穿梭机,ship
type,Gallentean Planetary Vehicles,盖伦特大气内穿梭机,
type,Gallium Ample Hexa 2500mm Repeating Cannon,镓金属充裕型六联2500mm频射加农炮,
type,Gallium Ample Quad 3500mm Siege Artillery,镓金属充裕型四联3500mm会战火炮,
type,GalvaSurge Condenser Pack L,加瓦波电容包 L,
type,GalvaSurge Condenser Pack M,加瓦波电容包 M,
type,GalvaSurge Condenser Pack S,加瓦波电容包 S,
type,Gamma L,伽玛晶体 L,
type,Gamma M,伽玛晶体 M,
type,Gamma S,伽玛晶体 S,
type,Gamma XL,伽玛晶体 XL,
type,Gara's Modified 10MN Afterburner,贾拉改良型10MN加力燃烧器,
type,Gara's Modified 50MN Microwarpdrive,贾拉改良型50MN微型跃迁推进器,
type,Gara's Modified Heavy Neutron Blaster,贾拉改良重型中子极速炮,
type,Gara's Modified Medium Armor Repairer,贾拉改良中型装甲维修器,
type,Gara's Modified Medium Remote Armor Repairer,贾拉改良中型远程装甲维修器,
type,Garbage,垃圾,
type,Garde I,卫兵 I,
type,Garde II,卫兵 II,
type,Garmur,加姆级,ship
type,Gas Cloud Harvester I,气云采集器 I,
type,Gas Cloud Harvester II,气云采集器 II,
type,Gas Cloud Scoop I,气云回收装置 I,
type,Gas Cloud Scoop II,气云回收装置 II,
type,Gatling Afocal Laser I,加特林无焦点激光器I,
type,Gatling Anode Particle Stream I,加特林阳极粒子束 I,
type,Gatling Modal Laser I,加特林增强模式激光器 I,
type,Gatling Modulated Energy Beam I,加特林调制型能量光束 I,
type,Gatling Pulse Laser I,加特林脉冲激光器 I,
type,Gatling Pulse Laser II,加特林脉冲激光器 II,
type,Gaze Survey Probe I,凝视测量探针 I,
type,Gecko,壁虎级,
type,Gelidus,加里多斯冰矿,
type,General Storage,通用储藏装置,
type,Genetic Lock Preserver,基因锁储藏装置,
type,Genetic Mutation Inhibitor,基因突变抑制装置,
type,Genetic Safeguard Filter,基因保护过滤装置,
type,Genetic Structure Repairer,基因结构维修装置,
type,Genolution 'Auroral' AU-79,格鲁汀 曙光 AU-79,
type,Genolution Core Augmentation CA-1,格鲁汀 核心加强植入体 CA-1,
type,Genolution Core Augmentation CA-2,格鲁汀 核心加强植入体 CA-2,
type,Genolution Core Augmentation CA-3,格鲁汀 核心加强植入体 CA-3,
type,Genolution Core Augmentation CA-4,格鲁汀 核心加强植入体 CA-4,
type,Genom Tara's Insignia,格隆·塔拉的勋章,
type,Geri,格里级,ship
type,Gila,毒蜥级,ship
type,Gist A-Type 100MN Afterburner,吉斯特100MN加力燃烧器 A型,
type,Gist A-Type 500MN Microwarpdrive,吉斯特500MN微型跃迁推进器 A型,
type,Gist A-Type EM Shield Hardener,吉斯特电磁护盾增强器 A型,
type,Gist A-Type Explosive Shield Hardener,吉斯特爆炸护盾增强器 A型,
type,Gist A-Type Kinetic Shield Hardener,吉斯特动能护盾增强器 A型,
type,Gist A-Type Large Shield Booster,吉斯特大型护盾回充增量器 A型,
type,Gist A-Type Shield Boost Amplifier,吉斯特护盾回充增量增效器 A型,
type,Gist A-Type Thermal Shield Hardener,吉斯特热能护盾增强器 A型,
type,Gist A-Type X-Large Shield Booster,吉斯特超大型护盾回充增量器 A型,
type,Gist B-Type 100MN Afterburner,吉斯特100MN加力燃烧器 B型,
type,Gist B-Type 500MN Microwarpdrive,吉斯特500MN微型跃迁推进器 B型,
type,Gist B-Type EM Shield Hardener,吉斯特电磁护盾增强器 B型,
type,Gist B-Type Explosive Shield Hardener,吉斯特爆炸护盾增强器 B型,
type,Gist B-Type Kinetic Shield Hardener,吉斯特动能护盾增强器 B型,
type,Gist B-Type Large Shield Booster,吉斯特大型护盾回充增量器 B型,
type,Gist B-Type Shield Boost Amplifier,吉斯特护盾回充增量增效器 B型,
type,Gist B-Type Thermal Shield Hardener,吉斯特热能护盾增强器 B型,
type,Gist B-Type X-Large Shield Booster,吉斯特超大型护盾回充增量器 B型,
type,Gist C-Type 100MN Afterburner,吉斯特100MN加力燃烧器 C型,
type,Gist C-Type 500MN Microwarpdrive,吉斯特500MN微型跃迁推进器 C型,
type,Gist C-Type EM Shield Hardener,吉斯特电磁护盾增强器 C型,
type,Gist C-Type Explosive Shield Hardener,吉斯特爆炸护盾增强器 C型,
type,Gist C-Type Kinetic Shield Hardener,吉斯特动能护盾增强器 C型,
type,Gist C-Type Large Shield Booster,吉斯特大型护盾回充增量器 C型,
type,Gist C-Type Shield Boost Amplifier,吉斯特护盾回充增量增效器 C型,
type,Gist C-Type Thermal Shield Hardener,吉斯特热能护盾增强器 C型,
type,Gist C-Type X-Large Shield Booster,吉斯特超大型护盾回充增量器 C型,
type,Gist X-Type 100MN Afterburner,吉斯特100MN加力燃烧器 X型,
type,Gist X-Type 500MN Microwarpdrive,吉斯特500MN微型跃迁推进器 X型,
type,Gist X-Type EM Shield Hardener,吉斯特电磁护盾增强器 X型,
type,Gist X-Type Explosive Shield Hardener,吉斯特爆炸护盾增强器 X型,
type,Gist X-Type Kinetic Shield Hardener,吉斯特动能护盾增强器 X型,
type,Gist X-Type Large Shield Booster,吉斯特大型护盾回充增量器 X型,
type,Gist X-Type Shield Boost Amplifier,吉斯特护盾回充增量增效器 X型,
type,Gist X-Type Thermal Shield Hardener,吉斯特热能护盾增强器 X型,
type,Gist X-Type X-Large Shield Booster,吉斯特超大型护盾回充增量器 X型,
type,Gistii A-Type 1MN Afterburner,吉斯迪伊1MN加力燃烧器 A型,
type,Gistii A-Type 5MN Microwarpdrive,吉斯迪伊5MN微型跃迁推进器 A型,
type,Gistii A-Type Small Remote Shield Booster,吉斯迪伊小型远程护盾回充增量器 A型,
type,Gistii A-Type Small Shield Booster,吉斯迪伊小型护盾回充增量器 A型,
type,Gistii B-Type 1MN Afterburner,吉斯迪伊1MN加力燃烧器 B型,
type,Gistii B-Type 5MN Microwarpdrive,吉斯迪伊5MN微型跃迁推进器 B型,
type,Gistii B-Type Small Remote Shield Booster,吉斯迪伊小型远程护盾回充增量器 B型,
type,Gistii B-Type Small Shield Booster,吉斯迪伊小型护盾回充增量器 B型,
type,Gistii C-Type 1MN Afterburner,吉斯迪伊1MN加力燃烧器 C型,
type,Gistii C-Type 5MN Microwarpdrive,吉斯迪伊5MN微型跃迁推进器 C型,
type,Gistii C-Type Small Remote Shield Booster,吉斯迪伊小型远程护盾回充增量器 C型,
type,Gistii C-Type Small Shield Booster,吉斯迪伊小型护盾回充增量器 C型,
type,Gistum A-Type 10MN Afterburner,吉斯塔姆10MN加力燃烧器 A型,
type,Gistum A-Type 50MN Microwarpdrive,吉斯塔姆50MN微型跃迁推进器 A型,
type,Gistum A-Type EM Shield Amplifier,吉斯塔姆电磁护盾增效器 A型,
type,Gistum A-Type Explosive Shield Amplifier,吉斯塔姆爆炸护盾增效器 A型,
type,Gistum A-Type Kinetic Shield Amplifier,吉斯塔姆动能护盾增效器 A型,
type,Gistum A-Type Medium Remote Shield Booster,吉斯塔姆中型远程护盾回充增量器 A型,
type,Gistum A-Type Medium Shield Booster,吉斯塔姆中型护盾回充增量器 A型,
type,Gistum A-Type Multispectrum Shield Hardener,吉斯塔姆多谱式护盾增强器 A型,
type,Gistum A-Type Thermal Shield Amplifier,吉斯塔姆热能护盾增效器 A型,
type,Gistum B-Type 10MN Afterburner,吉斯塔姆10MN加力燃烧器 B型,
type,Gistum B-Type 50MN Microwarpdrive,吉斯塔姆50MN微型跃迁推进器 B型,
type,Gistum B-Type EM Shield Amplifier,吉斯塔姆电磁护盾增效器 B型,
type,Gistum B-Type Explosive Shield Amplifier,吉斯塔姆爆炸护盾增效器 B型,
type,Gistum B-Type Kinetic Shield Amplifier,吉斯塔姆动能护盾增效器 B型,
type,Gistum B-Type Medium Remote Shield Booster,吉斯塔姆中型远程护盾回充增量器 B型,
type,Gistum B-Type Medium Shield Booster,吉斯塔姆中型护盾回充增量器 B型,
type,Gistum B-Type Multispectrum Shield Hardener,吉斯塔姆多谱式护盾增强器 B型,
type,Gistum B-Type Thermal Shield Amplifier,吉斯塔姆热能护盾增效器 B型,
type,Gistum C-Type 10MN Afterburner,吉斯塔姆10MN加力燃烧器 C型,
type,Gistum C-Type 50MN Microwarpdrive,吉斯塔姆50MN微型跃迁推进器 C型,
type,Gistum C-Type EM Shield Amplifier,吉斯塔姆电磁护盾增效器 C型,
type,Gistum C-Type Explosive Shield Amplifier,吉斯塔姆爆炸护盾增效器 C型,
type,Gistum C-Type Kinetic Shield Amplifier,吉斯塔姆动能护盾增效器 C型,
type,Gistum C-Type Medium Remote Shield Booster,吉斯塔姆中型远程护盾回充增量器 C型,
type,Gistum C-Type Medium Shield Booster,吉斯塔姆中型护盾回充增量器 C型,
type,Gistum C-Type Multispectrum Shield Hardener,吉斯塔姆多谱式护盾增强器 C型,
type,Gistum C-Type Thermal Shield Amplifier,吉斯塔姆热能护盾增效器 C型,
type,Glacial Mass,聚合冰体,
type,Glacial Mass IV-Grade,聚合冰体（4级）,
type,Glare Crust,电冰体,
type,Gleam L,微光 L,
type,Gleam M,微光 M,
type,Gleam S,微光 S,
type,Gleam XL,微光 XL,
type,Gleaming Alloy,闪光合金,
type,Gleaned Correspondence,收集的通信,
type,Gleaned Directive,收集的指令,
type,Gleaned Static,收集的静态数据,
type,Glistening Bitumens,耀沥青,
type,Glistening Coesite,耀柯石英,
type,Glistening Sylvite,耀钾盐,
type,Glistening Zeolites,耀沸石,
type,Gloom Enduring Radar ECM,忧郁持久型雷达ECM,
type,Glorification-1 'Devana' Filament,"荣耀-1""女神""纤维",
type,Glorification-15 'Devana' Filament,"荣耀-15""女神""纤维",
type,Glorification-5 'Devana' Filament,"荣耀-5""女神""纤维",
type,Glorified Decayed 10000MN Afterburner Mutaplasmid,腐朽的荣耀型10000MN加力燃烧器突变质体,
type,Glorified Decayed 100MN Afterburner Mutaplasmid,腐朽的荣耀型100MN加力燃烧器突变质体,
type,Glorified Decayed 10MN Afterburner Mutaplasmid,腐朽的荣耀型10MN加力燃烧器突变质体,
type,Glorified Decayed 1MN Afterburner Mutaplasmid,腐朽的荣耀型1MN加力燃烧器突变质体,
type,Glorified Decayed 50000MN Microwarpdrive Mutaplasmid,腐朽的荣耀型50000MN微型跃迁推进器突变质体,
type,Glorified Decayed 500MN Microwarpdrive Mutaplasmid,腐朽的荣耀型500MN微型跃迁推进器突变质体,
type,Glorified Decayed 50MN Microwarpdrive Mutaplasmid,腐朽的荣耀型50MN微型跃迁推进器突变质体,
type,Glorified Decayed 5MN Microwarpdrive Mutaplasmid,腐朽的荣耀型5MN微型跃迁推进器突变质体,
type,Glorified Decayed Assault Damage Control Mutaplasmid,腐朽的荣耀型突击损伤控制突变质体,
type,Glorified Decayed Ballistic Control System Mutaplasmid,腐朽的荣耀型弹道控制系统突变质体,
type,Glorified Decayed Capital Armor Repairer Mutaplasmid,腐朽的荣耀型旗舰装甲维修器突变质体,
type,Glorified Decayed Capital Energy Neutralizer Mutaplasmid,腐朽的荣耀型旗舰能量中和器突变质体,
type,Glorified Decayed Capital Energy Nosferatu Mutaplasmid,腐朽的荣耀型旗舰掠能器突变质体,
type,Glorified Decayed Capital Shield Booster Mutaplasmid,腐朽的荣耀型旗舰护盾回充增量器突变质体,
type,Glorified Decayed Damage Control Mutaplasmid,腐朽的荣耀型损伤控制突变质体,
type,Glorified Decayed Entropic Radiation Sink Mutaplasmid,腐朽的荣耀型熵辐射槽突变质体,
type,Glorified Decayed Gyrostabilizer Mutaplasmid,腐朽的荣耀型回转稳定器突变质体,
type,Glorified Decayed Heat Sink Mutaplasmid,腐朽的荣耀型散热槽突变质体,
type,Glorified Decayed Heavy Energy Neutralizer Mutaplasmid,腐朽的荣耀重型能量中和器突变质体,
type,Glorified Decayed Heavy Energy Nosferatu Mutaplasmid,腐朽的荣耀重型掠能器突变质体,
type,Glorified Decayed Heavy Warp Disruptor Mutaplasmid,腐朽的荣耀重型跃迁扰断器突变质体,
type,Glorified Decayed Heavy Warp Scrambler Mutaplasmid,腐朽的荣耀重型跃迁扰频器突变质体,
type,Glorified Decayed Large Armor Plate Mutaplasmid,腐朽的荣耀大型装甲附甲板突变质体,
type,Glorified Decayed Large Armor Repairer Mutaplasmid,腐朽的荣耀大型装甲维修器突变质体,
type,Glorified Decayed Large Cap Battery Mutaplasmid,腐朽的荣耀大型电容器电池突变质体,
type,Glorified Decayed Large Shield Booster Mutaplasmid,腐朽的荣耀大型护盾回充增量器突变质体,
type,Glorified Decayed Large Shield Extender Mutaplasmid,腐朽的荣耀大型护盾扩展装置突变质体,
type,Glorified Decayed Magnetic Field Stabilizer Mutaplasmid,腐朽的荣耀型磁性力场稳定器突变质体,
type,Glorified Decayed Medium Armor Plate Mutaplasmid,腐朽的荣耀中型装甲附甲板突变质体,
type,Glorified Decayed Medium Armor Repairer Mutaplasmid,腐朽的荣耀中型装甲维修器突变质体,
type,Glorified Decayed Medium Cap Battery Mutaplasmid,腐朽的荣耀中型电容器电池突变质体,
type,Glorified Decayed Medium Energy Neutralizer Mutaplasmid,腐朽的荣耀中型能量中和器突变质体,
type,Glorified Decayed Medium Energy Nosferatu Mutaplasmid,腐朽的荣耀中型掠能器突变质体,
type,Glorified Decayed Medium Shield Booster Mutaplasmid,腐朽的荣耀中型护盾回充增量器突变质体,
type,Glorified Decayed Medium Shield Extender Mutaplasmid,腐朽的荣耀中型护盾扩展装置突变质体,
type,Glorified Decayed Siege Module Mutaplasmid,腐朽的荣耀型会战装备突变质体,
type,Glorified Decayed Small Armor Plate Mutaplasmid,腐朽的荣耀小型装甲附甲板突变质体,
type,Glorified Decayed Small Armor Repairer Mutaplasmid,腐朽的荣耀小型装甲维修器突变质体,
type,Glorified Decayed Small Cap Battery Mutaplasmid,腐朽的荣耀小型电容器电池突变质体,
type,Glorified Decayed Small Energy Neutralizer Mutaplasmid,腐朽的荣耀小型能量中和器突变质体,
type,Glorified Decayed Small Energy Nosferatu Mutaplasmid,腐朽的荣耀小型掠能器突变质体,
type,Glorified Decayed Small Shield Booster Mutaplasmid,腐朽的荣耀小型护盾回充增量器突变质体,
type,Glorified Decayed Small Shield Extender Mutaplasmid,腐朽的荣耀小型护盾扩展装置突变质体,
type,Glorified Decayed Stasis Webifier Mutaplasmid,腐朽的荣耀型停滞缠绕光束突变质体,
type,Glorified Decayed Vorton Tuning System Mutaplasmid,腐朽的荣耀型电弧弦调谐系统突变质体,
type,Glorified Decayed Warp Disruptor Mutaplasmid,腐朽的荣耀型跃迁扰断器突变质体,
type,Glorified Decayed Warp Scrambler Mutaplasmid,腐朽的荣耀型跃迁扰频器突变质体,
type,Glorified Decayed X-Large Shield Booster Mutaplasmid,腐朽的荣耀超大型护盾回充增量器突变质体,
type,Glorified Exigent Heavy Drone Durability Mutaplasmid,紧急的荣耀重型无人机耐性突变质体,
type,Glorified Exigent Heavy Drone Firepower Mutaplasmid,紧急的荣耀重型无人机火力突变质体,
type,Glorified Exigent Heavy Drone Navigation Mutaplasmid,紧急的荣耀重型无人机导航突变质体,
type,Glorified Exigent Heavy Drone Projection Mutaplasmid,紧急的荣耀重型无人机投射突变质体,
type,Glorified Exigent Light Drone Durability Mutaplasmid,紧急的荣耀轻型无人机耐性突变质体,
type,Glorified Exigent Light Drone Firepower Mutaplasmid,紧急的荣耀轻型无人机火力突变质体,
type,Glorified Exigent Light Drone Navigation Mutaplasmid,紧急的荣耀轻型无人机导航突变质体,
type,Glorified Exigent Light Drone Projection Mutaplasmid,紧急的荣耀轻型无人机投射突变质体,
type,Glorified Exigent Medium Drone Durability Mutaplasmid,紧急的荣耀中型无人机耐性突变质体,
type,Glorified Exigent Medium Drone Firepower Mutaplasmid,紧急的荣耀中型无人机火力突变质体,
type,Glorified Exigent Medium Drone Navigation Mutaplasmid,紧急的荣耀中型无人机导航突变质体,
type,Glorified Exigent Medium Drone Projection Mutaplasmid,紧急的荣耀中型无人机投射突变质体,
type,Glorified Exigent Sentry Drone Durability Mutaplasmid,紧急的荣耀型岗哨无人机耐性突变质体,
type,Glorified Exigent Sentry Drone Firepower Mutaplasmid,紧急的荣耀型岗哨无人机火力突变质体,
type,Glorified Exigent Sentry Drone Precision Mutaplasmid,紧急的荣耀型岗哨无人机精准突变质体,
type,Glorified Exigent Sentry Drone Projection Mutaplasmid,紧急的荣耀型岗哨无人机投射突变质体,
type,Glorified Gravid 10000MN Afterburner Mutaplasmid,怀璧的荣耀型10000MN加力燃烧器突变质体,
type,Glorified Gravid 100MN Afterburner Mutaplasmid,怀璧的荣耀型100MN加力燃烧器突变质体,
type,Glorified Gravid 10MN Afterburner Mutaplasmid,怀璧的荣耀型10MN加力燃烧器突变质体,
type,Glorified Gravid 1MN Afterburner Mutaplasmid,怀璧的荣耀型1MN加力燃烧器突变质体,
type,Glorified Gravid 50000MN Microwarpdrive Mutaplasmid,怀璧的荣耀型50000MN微型跃迁推进器突变质体,
type,Glorified Gravid 500MN Microwarpdrive Mutaplasmid,怀璧的荣耀型500MN微型跃迁推进器突变质体,
type,Glorified Gravid 50MN Microwarpdrive Mutaplasmid,怀璧的荣耀型50MN微型跃迁推进器突变质体,
type,Glorified Gravid 5MN Microwarpdrive Mutaplasmid,怀璧的荣耀型5MN微型跃迁推进器突变质体,
type,Glorified Gravid Assault Damage Control Mutaplasmid,怀璧的荣耀型突击损伤控制突变质体,
type,Glorified Gravid Ballistic Control System Mutaplasmid,怀璧的荣耀型弹道控制系统突变质体,
type,Glorified Gravid Capital Armor Repairer Mutaplasmid,怀璧的荣耀型旗舰装甲维修器突变质体,
type,Glorified Gravid Capital Energy Neutralizer Mutaplasmid,怀璧的荣耀型旗舰能量中和器突变质体,
type,Glorified Gravid Capital Energy Nosferatu Mutaplasmid,怀璧的荣耀型旗舰掠能器突变质体,
type,Glorified Gravid Capital Shield Booster Mutaplasmid,怀璧的荣耀型旗舰护盾回充增量器突变质体,
type,Glorified Gravid Damage Control Mutaplasmid,怀璧的荣耀型损伤控制突变质体,
type,Glorified Gravid Entropic Radiation Sink Mutaplasmid,怀璧的荣耀型熵辐射槽突变质体,
type,Glorified Gravid Gyrostabilizer Mutaplasmid,怀璧的荣耀型回转稳定器突变质体,
type,Glorified Gravid Heat Sink Mutaplasmid,怀璧的荣耀型散热槽突变质体,
type,Glorified Gravid Heavy Energy Neutralizer Mutaplasmid,怀璧的荣耀重型能量中和器突变质体,
type,Glorified Gravid Heavy Energy Nosferatu Mutaplasmid,怀璧的荣耀重型掠能器突变质体,
type,Glorified Gravid Heavy Warp Disruptor Mutaplasmid,怀璧的荣耀重型跃迁扰断器突变质体,
type,Glorified Gravid Heavy Warp Scrambler Mutaplasmid,怀璧的荣耀重型跃迁扰频器突变质体,
type,Glorified Gravid Large Armor Plate Mutaplasmid,怀璧的荣耀大型装甲附甲板突变质体,
type,Glorified Gravid Large Armor Repairer Mutaplasmid,怀璧的荣耀大型装甲维修器突变质体,
type,Glorified Gravid Large Cap Battery Mutaplasmid,怀璧的荣耀大型电容器电池突变质体,
type,Glorified Gravid Large Shield Booster Mutaplasmid,怀璧的荣耀大型护盾回充增量器突变质体,
type,Glorified Gravid Large Shield Extender Mutaplasmid,怀璧的荣耀大型护盾扩展装置突变质体,
type,Glorified Gravid Magnetic Field Stabilizer Mutaplasmid,怀璧的荣耀型磁性力场稳定器突变质体,
type,Glorified Gravid Medium Armor Plate Mutaplasmid,怀璧的荣耀中型装甲附甲板突变质体,
type,Glorified Gravid Medium Armor Repairer Mutaplasmid,怀璧的荣耀中型装甲维修器突变质体,
type,Glorified Gravid Medium Cap Battery Mutaplasmid,怀璧的荣耀中型电容器电池突变质体,
type,Glorified Gravid Medium Energy Neutralizer Mutaplasmid,怀璧的荣耀中型能量中和器突变质体,
type,Glorified Gravid Medium Energy Nosferatu Mutaplasmid,怀璧的荣耀中型掠能器突变质体,
type,Glorified Gravid Medium Shield Booster Mutaplasmid,怀璧的荣耀中型护盾回充增量器突变质体,
type,Glorified Gravid Medium Shield Extender Mutaplasmid,怀璧的荣耀中型护盾扩展装置突变质体,
type,Glorified Gravid Siege Module Mutaplasmid,怀璧的荣耀型会战装备突变质体,
type,Glorified Gravid Small Armor Plate Mutaplasmid,怀璧的荣耀小型装甲附甲板突变质体,
type,Glorified Gravid Small Armor Repairer Mutaplasmid,怀璧的荣耀小型装甲维修器突变质体,
type,Glorified Gravid Small Cap Battery Mutaplasmid,怀璧的荣耀小型电容器电池突变质体,
type,Glorified Gravid Small Energy Neutralizer Mutaplasmid,怀璧的荣耀小型能量中和器突变质体,
type,Glorified Gravid Small Energy Nosferatu Mutaplasmid,怀璧的荣耀小型掠能器突变质体,
type,Glorified Gravid Small Shield Booster Mutaplasmid,怀璧的荣耀小型护盾回充增量器突变质体,
type,Glorified Gravid Small Shield Extender Mutaplasmid,怀璧的荣耀小型护盾扩展装置突变质体,
type,Glorified Gravid Stasis Webifier Mutaplasmid,怀璧的荣耀型停滞缠绕光束突变质体,
type,Glorified Gravid Vorton Tuning System Mutaplasmid,怀璧的荣耀型电弧弦调谐系统突变质体,
type,Glorified Gravid Warp Disruptor Mutaplasmid,怀璧的荣耀型跃迁扰断器突变质体,
type,Glorified Gravid Warp Scrambler Mutaplasmid,怀璧的荣耀型跃迁扰频器突变质体,
type,Glorified Gravid X-Large Shield Booster Mutaplasmid,怀璧的荣耀超大型护盾回充增量器突变质体,
type,Glorified Radical Drone Damage Amplifier Mutaplasmid,激进的荣耀型无人机伤害增效装置突变质体,
type,Glorified Radical Fighter Support Unit Mutaplasmid,激进的荣耀型铁骑舰载机辅助单元突变质体,
type,Glorified Unstable 10000MN Afterburner Mutaplasmid,不稳定的荣耀型10000MN加力燃烧器突变质体,
type,Glorified Unstable 100MN Afterburner Mutaplasmid,不稳定的荣耀型100MN加力燃烧器突变质体,
type,Glorified Unstable 10MN Afterburner Mutaplasmid,不稳定的荣耀型10MN加力燃烧器突变质体,
type,Glorified Unstable 1MN Afterburner Mutaplasmid,不稳定的荣耀型1MN加力燃烧器突变质体,
type,Glorified Unstable 50000MN Microwarpdrive Mutaplasmid,不稳定的荣耀型50000MN微型跃迁推进器突变质体,
type,Glorified Unstable 500MN Microwarpdrive Mutaplasmid,不稳定的荣耀型500MN微型跃迁推进器突变质体,
type,Glorified Unstable 50MN Microwarpdrive Mutaplasmid,不稳定的荣耀型50MN微型跃迁推进器突变质体,
type,Glorified Unstable 5MN Microwarpdrive Mutaplasmid,不稳定的荣耀型5MN微型跃迁推进器突变质体,
type,Glorified Unstable Assault Damage Control Mutaplasmid,不稳定的荣耀型突击损伤控制突变质体,
type,Glorified Unstable Ballistic Control System Mutaplasmid,不稳定的荣耀型弹道控制系统突变质体,
type,Glorified Unstable Capital Ancillary Armor Repairer Mutaplasmid,不稳定的荣耀型旗舰辅助装甲维修器突变质体,
type,Glorified Unstable Capital Ancillary Shield Booster Mutaplasmid,不稳定的荣耀型旗舰辅助护盾回充增量器突变质体,
type,Glorified Unstable Capital Armor Repairer Mutaplasmid,不稳定的荣耀型旗舰装甲维修器突变质体,
type,Glorified Unstable Capital Energy Neutralizer Mutaplasmid,不稳定的荣耀型旗舰能量中和器突变质体,
type,Glorified Unstable Capital Energy Nosferatu Mutaplasmid,不稳定的荣耀型旗舰掠能器突变质体,
type,Glorified Unstable Capital Shield Booster Mutaplasmid,不稳定的荣耀型旗舰护盾回充增量器突变质体,
type,Glorified Unstable Damage Control Mutaplasmid,不稳定的荣耀型损伤控制突变质体,
type,Glorified Unstable Entropic Radiation Sink Mutaplasmid,不稳定的荣耀型熵辐射槽突变质体,
type,Glorified Unstable Gyrostabilizer Mutaplasmid,不稳定的荣耀型回转稳定器突变质体,
type,Glorified Unstable Heat Sink Mutaplasmid,不稳定的荣耀型散热槽突变质体,
type,Glorified Unstable Heavy Energy Neutralizer Mutaplasmid,不稳定的荣耀重型能量中和器突变质体,
type,Glorified Unstable Heavy Energy Nosferatu Mutaplasmid,不稳定的荣耀重型掠能器突变质体,
type,Glorified Unstable Heavy Warp Disruptor Mutaplasmid,不稳定的荣耀重型跃迁扰断器突变质体,
type,Glorified Unstable Heavy Warp Scrambler Mutaplasmid,不稳定的荣耀重型跃迁扰频器突变质体,
type,Glorified Unstable Large Ancillary Armor Repairer Mutaplasmid,不稳定的荣耀大型辅助装甲维修器突变质体,
type,Glorified Unstable Large Ancillary Shield Booster Mutaplasmid,不稳定的荣耀大型辅助护盾回充增量器突变质体,
type,Glorified Unstable Large Armor Plate Mutaplasmid,不稳定的荣耀大型装甲附甲板突变质体,
type,Glorified Unstable Large Armor Repairer Mutaplasmid,不稳定的荣耀大型装甲维修器突变质体,
type,Glorified Unstable Large Cap Battery Mutaplasmid,不稳定的荣耀大型电容器电池突变质体,
type,Glorified Unstable Large Shield Booster Mutaplasmid,不稳定的荣耀大型护盾回充增量器突变质体,
type,Glorified Unstable Large Shield Extender Mutaplasmid,不稳定的荣耀大型护盾扩展装置突变质体,
type,Glorified Unstable Magnetic Field Stabilizer Mutaplasmid,不稳定的荣耀型磁性力场稳定器突变质体,
type,Glorified Unstable Medium Ancillary Armor Repairer Mutaplasmid,不稳定的荣耀中型辅助装甲维修器突变质体,
type,Glorified Unstable Medium Ancillary Shield Booster Mutaplasmid,不稳定的荣耀中型辅助护盾回充增量器突变质体,
type,Glorified Unstable Medium Armor Plate Mutaplasmid,不稳定的荣耀中型装甲附甲板突变质体,
type,Glorified Unstable Medium Armor Repairer Mutaplasmid,不稳定的荣耀中型装甲维修器突变质体,
type,Glorified Unstable Medium Cap Battery Mutaplasmid,不稳定的荣耀中型电容器电池突变质体,
type,Glorified Unstable Medium Energy Neutralizer Mutaplasmid,不稳定的荣耀中型能量中和器突变质体,
type,Glorified Unstable Medium Energy Nosferatu Mutaplasmid,不稳定的荣耀中型掠能器突变质体,
type,Glorified Unstable Medium Shield Booster Mutaplasmid,不稳定的荣耀中型护盾回充增量器突变质体,
type,Glorified Unstable Medium Shield Extender Mutaplasmid,不稳定的荣耀中型护盾扩展装置突变质体,
type,Glorified Unstable Siege Module Mutaplasmid,不稳定的荣耀型会战装备突变质体,
type,Glorified Unstable Small Ancillary Armor Repairer Mutaplasmid,不稳定的荣耀小型辅助装甲维修器突变质体,
type,Glorified Unstable Small Armor Plate Mutaplasmid,不稳定的荣耀小型装甲附甲板突变质体,
type,Glorified Unstable Small Armor Repairer Mutaplasmid,不稳定的荣耀小型装甲维修器突变质体,
type,Glorified Unstable Small Cap Battery Mutaplasmid,不稳定的荣耀小型电容器电池突变质体,
type,Glorified Unstable Small Energy Neutralizer Mutaplasmid,不稳定的荣耀小型能量中和器突变质体,
type,Glorified Unstable Small Energy Nosferatu Mutaplasmid,不稳定的荣耀小型掠能器突变质体,
type,Glorified Unstable Small Shield Booster Mutaplasmid,不稳定的荣耀小型护盾回充增量器突变质体,
type,Glorified Unstable Small Shield Extender Mutaplasmid,不稳定的荣耀小型护盾扩展装置突变质体,
type,Glorified Unstable Stasis Webifier Mutaplasmid,不稳定的荣耀型停滞缠绕光束突变质体,
type,Glorified Unstable Vorton Tuning System Mutaplasmid,不稳定的荣耀型电弧弦调谐系统突变质体,
type,Glorified Unstable Warp Disruptor Mutaplasmid,不稳定的荣耀型跃迁扰断器突变质体,
type,Glorified Unstable Warp Scrambler Mutaplasmid,不稳定的荣耀型跃迁扰频器突变质体,
type,Glorified Unstable X-Large Ancillary Shield Booster Mutaplasmid,不稳定的荣耀超大型辅助护盾回充增量器突变质体,
type,Glorified Unstable X-Large Shield Booster Mutaplasmid,不稳定的荣耀超大型护盾回充增量器突变质体,
type,Glossy Compound,光滑复合物,
type,Glowing Carnotite,灼钒钾铀矿,
type,Glowing Cinnabar,灼朱砂,
type,Glowing Pollucite,灼铯榴石,
type,Glowing Zircon,灼锆石,
type,Gneiss,片麻岩,
type,Gneiss II-Grade,片麻岩（2级）,
type,Gneiss III-Grade,片麻岩（3级）,
type,Gneiss IV-Grade,片麻岩（4级）,
type,Gnosis,灵感级,ship
type,Goal-Orienting Neurolink Stabilizer,目标式神经链接稳定器,
type,Gold Magnate,黄金富豪级,ship
type,Golem,魔像级,ship
type,Goru's Shuttle,高鲁的穿梭机,ship
type,Gotan Kreiss's Tag,戈丹·克瑞斯的铭牌,
type,Gotan's Modified 100MN Afterburner,戈丹氏改良型100MN加力燃烧器,
type,Gotan's Modified 500MN Microwarpdrive,戈丹氏改良型500MN微型跃迁推进器,
type,Gotan's Modified 800mm Repeating Cannon,戈丹氏改良型800mm频射加农炮,
type,Gotan's Modified Ballistic Control System,戈丹氏改良型弹道控制系统,
type,Gotan's Modified Cruise Missile Launcher,戈丹氏改良型巡航导弹发射器,
type,Gotan's Modified Dual 425mm AutoCannon,戈丹氏改良型双联425mm自动加农炮,
type,Gotan's Modified Dual 650mm Repeating Cannon,戈丹氏改良型双联650mm频射加农炮,
type,Gotan's Modified EM Coating,戈丹氏改良型电磁涂层,
type,Gotan's Modified Explosive Coating,戈丹氏改良型爆炸涂层,
type,Gotan's Modified Gyrostabilizer,戈丹氏改良型回转稳定器,
type,Gotan's Modified Heavy Warp Disruptor,戈丹氏改良型重型跃迁扰断器,
type,Gotan's Modified Heavy Warp Scrambler,戈丹氏改良型重型跃迁扰频器,
type,Gotan's Modified Kinetic Coating,戈丹氏改良型动能涂层,
type,Gotan's Modified Large Armor Repairer,戈丹氏改良大型装甲维修器,
type,Gotan's Modified Large Proton Smartbomb,戈丹氏改良大型质子立体炸弹,
type,Gotan's Modified Multispectrum Coating,戈丹氏改良型多谱式涂层,
type,Gotan's Modified Rapid Heavy Missile Launcher,戈丹氏改良型重型快速导弹发射器,
type,Gotan's Modified Stasis Webifier,戈丹氏改良型停滞缠绕光束,
type,Gotan's Modified Thermal Coating,戈丹氏改良型热能涂层,
type,Gotan's Modified Torpedo Launcher,戈丹氏改良型鱼雷发射器,
type,Gotan's Modified Tracking Enhancer,戈丹氏改良型索敌增强器,
type,Gram I,格拉墨 I,
type,Gram II,格拉墨 II,
type,Graphene Nanoribbons,石墨烯纳米带,
type,Gratuity for Warden Connection Harmonic,典狱长连接谐波赏金,
type,Gravid 10000MN Afterburner Mutaplasmid,怀璧的10000MN加力燃烧器突变质体,
type,Gravid 100MN Afterburner Mutaplasmid,怀璧的100MN加力燃烧器突变质体,
type,Gravid 10MN Afterburner Mutaplasmid,怀璧的10MN加力燃烧器突变质体,
type,Gravid 1MN Afterburner Mutaplasmid,怀璧的1MN加力燃烧器突变质体,
type,Gravid 50000MN Microwarpdrive Mutaplasmid,怀璧的50000MN微型跃迁推进器突变质体,
type,Gravid 500MN Microwarpdrive Mutaplasmid,怀璧的500MN微型跃迁推进器突变质体,
type,Gravid 50MN Microwarpdrive Mutaplasmid,怀璧的50MN微型跃迁推进器突变质体,
type,Gravid 5MN Microwarpdrive Mutaplasmid,怀璧的5MN微型跃迁推进器突变质体,
type,Gravid Assault Damage Control Mutaplasmid,怀璧的突击型损伤控制突变质体,
type,Gravid Ballistic Control System Mutaplasmid,怀璧的弹道控制系统突变质体,
type,Gravid Capital Armor Repairer Mutaplasmid,怀璧的旗舰装甲维修器突变质体,
type,Gravid Capital Energy Neutralizer Mutaplasmid,怀璧的旗舰能量中和器突变质体,
type,Gravid Capital Energy Nosferatu Mutaplasmid,怀璧的旗舰掠能器突变质体,
type,Gravid Capital Shield Booster Mutaplasmid,怀璧的旗舰护盾回充增量器突变质体,
type,Gravid Damage Control Mutaplasmid,怀璧的损伤控制突变质体,
type,Gravid Deep Core Mining Laser Mutaplasmid,怀璧的深层地核采矿激光器突变质体,
type,Gravid Deep Core Strip Miner Mutaplasmid,怀璧的深层地核露天采矿器突变质体,
type,Gravid Entropic Radiation Sink Mutaplasmid,怀璧的熵辐射槽突变质体,
type,Gravid Gas Cloud Harvester Mutaplasmid,怀璧的气云采集器突变质体,
type,Gravid Gas Cloud Scoop Mutaplasmid,怀璧的气云回收装置突变质体,
type,Gravid Gyrostabilizer Mutaplasmid,怀璧的回转稳定器突变质体,
type,Gravid Heat Sink Mutaplasmid,怀璧的散热槽突变质体,
type,Gravid Heavy Energy Neutralizer Mutaplasmid,怀璧的重型能量中和器突变质体,
type,Gravid Heavy Energy Nosferatu Mutaplasmid,怀璧的重型掠能器突变质体,
type,Gravid Heavy Warp Disruptor Mutaplasmid,怀璧的重型跃迁扰断器突变质体,
type,Gravid Heavy Warp Scrambler Mutaplasmid,怀璧的重型跃迁扰频器突变质体,
type,Gravid Ice Harvester Mutaplasmid,怀璧的冰矿采集器突变质体,
type,Gravid Ice Mining Laser Mutaplasmid,怀璧的冰矿开采激光器突变质体,
type,Gravid Large Armor Plate Mutaplasmid,怀璧的大型装甲附甲板突变质体,
type,Gravid Large Armor Repairer Mutaplasmid,怀璧的大型装甲维修器突变质体,
type,Gravid Large Cap Battery Mutaplasmid,怀璧的大型电容器电池突变质体,
type,Gravid Large EMP Smartbomb Mutaplasmid,怀璧的大型EMP立体炸弹突变质体,
type,Gravid Large Graviton Smartbomb Mutaplasmid,怀璧的大型引力子立体炸弹突变质体,
type,Gravid Large Plasma Smartbomb Mutaplasmid,怀璧的大型等离子立体炸弹突变质体,
type,Gravid Large Proton Smartbomb Mutaplasmid,怀璧的大型质子立体炸弹突变质体,
type,Gravid Large Shield Booster Mutaplasmid,怀璧的大型护盾回充增量器突变质体,
type,Gravid Large Shield Extender Mutaplasmid,怀璧的大型护盾扩展装置突变质体,
type,Gravid Magnetic Field Stabilizer Mutaplasmid,怀璧的磁性力场稳定器突变质体,
type,Gravid Medium Armor Plate Mutaplasmid,怀璧的中型装甲附甲板突变质体,
type,Gravid Medium Armor Repairer Mutaplasmid,怀璧的中型装甲维修器突变质体,
type,Gravid Medium Cap Battery Mutaplasmid,怀璧的中型电容器电池突变质体,
type,Gravid Medium EMP Smartbomb Mutaplasmid,怀璧的中型EMP立体炸弹突变质体,
type,Gravid Medium Energy Neutralizer Mutaplasmid,怀璧的中型能量中和器突变质体,
type,Gravid Medium Energy Nosferatu Mutaplasmid,怀璧的中型掠能器突变质体,
type,Gravid Medium Graviton Smartbomb Mutaplasmid,怀璧的中型引力子立体炸弹突变质体,
type,Gravid Medium Plasma Smartbomb Mutaplasmid,怀璧的中型等离子立体炸弹突变质体,
type,Gravid Medium Proton Smartbomb Mutaplasmid,怀璧的中型质子立体炸弹突变质体,
type,Gravid Medium Shield Booster Mutaplasmid,怀璧的中型护盾回充增量器突变质体,
type,Gravid Medium Shield Extender Mutaplasmid,怀璧的中型护盾扩展装置突变质体,
type,Gravid Mining Laser Mutaplasmid,怀璧的采矿激光器突变质体,
type,Gravid Modulated Deep Core Miner Mutaplasmid,怀璧的调制型深层地核采矿器突变质体,
type,Gravid Modulated Deep Core Strip Miner Mutaplasmid,怀璧的调制型深层地核露天采矿器突变质体,
type,Gravid Modulated Strip Miner Mutaplasmid,怀璧的调制型露天采矿器突变质体,
type,Gravid Siege Module Mutaplasmid,怀璧的会战装备突变质体,
type,Gravid Small Armor Plate Mutaplasmid,怀璧的小型装甲附甲板突变质体,
type,Gravid Small Armor Repairer Mutaplasmid,怀璧的小型装甲维修器突变质体,
type,Gravid Small Cap Battery Mutaplasmid,怀璧的小型电容器电池突变质体,
type,Gravid Small EMP Smartbomb Mutaplasmid,怀璧的小型EMP立体炸弹突变质体,
type,Gravid Small Energy Neutralizer Mutaplasmid,怀璧的小型能量中和器突变质体,
type,Gravid Small Energy Nosferatu Mutaplasmid,怀璧的小型掠能器突变质体,
type,Gravid Small Graviton Smartbomb Mutaplasmid,怀璧的小型引力子立体炸弹突变质体,
type,Gravid Small Plasma Smartbomb Mutaplasmid,怀璧的小型等离子立体炸弹突变质体,
type,Gravid Small Proton Smartbomb Mutaplasmid,怀璧的小型质子立体炸弹突变质体,
type,Gravid Small Shield Booster Mutaplasmid,怀璧的小型护盾回充增量器突变质体,
type,Gravid Small Shield Extender Mutaplasmid,怀璧的小型护盾扩展装置突变质体,
type,Gravid Stasis Webifier Mutaplasmid,怀璧的停滞缠绕光束突变质体,
type,Gravid Strip Miner Mutaplasmid,怀璧的露天采矿器突变质体,
type,Gravid Vorton Tuning System Mutaplasmid,怀璧的电弧弦调谐系统突变质体,
type,Gravid Warp Disruptor Mutaplasmid,怀璧的跃迁扰断器突变质体,
type,Gravid Warp Scrambler Mutaplasmid,怀璧的跃迁扰频器突变质体,
type,Gravid X-Large Shield Booster Mutaplasmid,怀璧的超大型护盾回充增量器突变质体,
type,Gravimetric ECM I,引力ECM I,
type,Gravimetric ECM II,引力ECM II,
type,Gravimetric Sensor Cluster,引力感应器组,
type,Gravimetric-FTL Interlink Communicator,引力超光速链接通信器,
type,Gravitational Transportation Field Oscillator,引力传输力场振荡器,
type,Graviton Pulse Generator,引力子脉冲发生器,
type,Graviton Reactor Unit,引力子反应器机组,
type,Griemeer,格里米尔,
type,Griemeer II-Grade,格里米尔（2级）,
type,Griemeer III-Grade,格里米尔（3级）,
type,Griemeer IV-Grade,格里米尔（4级）,
type,Griffin,狮鹫级,ship
type,Griffin Navy Issue,狮鹫级海军型,ship
type,Guardian,守卫级,ship
type,Guardian Antimatter Charge L,卫士反物质轨道弹 L,
type,Guardian Antimatter Charge M,卫士反物质轨道弹 M,
type,Guardian Antimatter Charge S,卫士反物质轨道弹 S,
type,Guardian Antimatter Charge XL,卫士反物质轨道弹 XL,
type,Guardian Iridium Charge L,卫士铱质轨道弹 L,
type,Guardian Iridium Charge M,卫士铱质轨道弹 M,
type,Guardian Iridium Charge S,卫士铱质轨道弹 S,
type,Guardian Iridium Charge XL,卫士铱质轨道弹 XL,
type,Guardian Iron Charge L,卫士铁质轨道弹 L,
type,Guardian Iron Charge M,卫士铁质轨道弹 M,
type,Guardian Iron Charge S,卫士铁质轨道弹 S,
type,Guardian Iron Charge XL,卫士铁质轨道弹 XL,
type,Guardian Lead Charge L,卫士铅质轨道弹 L,
type,Guardian Lead Charge M,卫士铅质轨道弹 M,
type,Guardian Lead Charge S,卫士铅质轨道弹 S,
type,Guardian Lead Charge XL,卫士铅质轨道弹 XL,
type,Guardian Plutonium Charge L,卫士钸质轨道弹 L,
type,Guardian Plutonium Charge M,卫士钸质轨道弹 M,
type,Guardian Plutonium Charge S,卫士钸质轨道弹 S,
type,Guardian Plutonium Charge XL,卫士钸质轨道弹 XL,
type,Guardian Thorium Charge L,卫士钍质轨道弹 L,
type,Guardian Thorium Charge M,卫士钍质轨道弹 M,
type,Guardian Thorium Charge S,卫士钍质轨道弹 S,
type,Guardian Thorium Charge XL,卫士钍质轨道弹 XL,
type,Guardian Tungsten Charge L,卫士钨质轨道弹 L,
type,Guardian Tungsten Charge M,卫士钨质轨道弹 M,
type,Guardian Tungsten Charge S,卫士钨质轨道弹 S,
type,Guardian Tungsten Charge XL,卫士钨质轨道弹 XL,
type,Guardian Uranium Charge L,卫士铀质轨道弹 L,
type,Guardian Uranium Charge M,卫士铀质轨道弹 M,
type,Guardian Uranium Charge S,卫士铀质轨道弹 S,
type,Guardian Uranium Charge XL,卫士铀质轨道弹 XL,
type,Guardian-Vexor,狂怒守卫者级,ship
type,Guidance Disruptor I,制导干扰器 I,
type,Guidance Disruptor II,制导干扰器 II,
type,Gungnir I,长枪 I,
type,Gungnir II,长枪 II,
type,Guri Malakim Command Mindlink,古力·摩拉基穆指挥思维网络芯片,
type,Guristas Antimatter Charge L,古斯塔斯反物质轨道弹 L,
type,Guristas Antimatter Charge M,古斯塔斯反物质轨道弹 M,
type,Guristas Antimatter Charge S,古斯塔斯反物质轨道弹 S,
type,Guristas Antimatter Charge XL,古斯塔斯反物质轨道弹 XL,
type,Guristas Brass Tag,古斯塔斯黄铜铭牌,
type,Guristas Bronze Tag,古斯塔斯青铜铭牌,
type,Guristas Caiman Blueprint Armored Cache,古斯塔斯凯门鳄级蓝图装甲缓存,
type,Guristas Cargo Concealment Unit Remains,古斯塔斯货物隐蔽装置残骸,
type,Guristas Control Tower,古斯塔斯控制塔,
type,Guristas Control Tower Medium,古斯塔斯中型控制塔,
type,Guristas Control Tower Small,古斯塔斯小型控制塔,
type,Guristas Copper Tag,古斯塔斯铜质铭牌,
type,Guristas Cruise Missile Battery,古斯塔斯巡航导弹发射台,
type,Guristas Crystal Tag,古斯塔斯水晶铭牌,
type,Guristas Data Sequence,古斯塔斯数据序列,
type,Guristas Diamond Tag,古斯塔斯钻石铭牌,
type,Guristas Electrum Tag,古斯塔斯合金铭牌,
type,Guristas Gold Tag,古斯塔斯黄金铭牌,
type,Guristas Graviton Hardening,古斯塔斯阴离子增强器,
type,Guristas Gravity Focuser,古斯塔斯引力聚放器,
type,Guristas Heavy Weapon Console,古斯塔斯重型武器控制台,
type,Guristas Inferno Cruise Missile,古斯塔斯炼狱巡航导弹,
type,Guristas Inferno Heavy Assault Missile,古斯塔斯炼狱重型攻击导弹,
type,Guristas Inferno Heavy Missile,古斯塔斯炼狱重型导弹,
type,Guristas Inferno Light Missile,古斯塔斯炼狱轻型导弹,
type,Guristas Inferno Rocket,古斯塔斯炼狱火箭,
type,Guristas Inferno Torpedo,古斯塔斯炼狱鱼雷,
type,Guristas Inferno XL Cruise Missile,古斯塔斯炼狱超大型巡航导弹,
type,Guristas Inferno XL Torpedo,古斯塔斯炼狱超大型鱼雷,
type,Guristas Infiltrator Clone Corpse,古斯塔斯特工尸体,
type,Guristas Insurgency Data Sequence,古斯塔斯叛乱数据序列,
type,Guristas Ion Field Projection Battery,古斯塔斯离子力场投射台,
type,Guristas Iridium Charge L,古斯塔斯铱质轨道弹 L,
type,Guristas Iridium Charge M,古斯塔斯铱质轨道弹 M,
type,Guristas Iridium Charge S,古斯塔斯铱质轨道弹 S,
type,Guristas Iridium Charge XL,古斯塔斯铱质轨道弹 XL,
type,Guristas Iron Charge L,古斯塔斯铁质轨道弹 L,
type,Guristas Iron Charge M,古斯塔斯铁质轨道弹 M,
type,Guristas Iron Charge S,古斯塔斯铁质轨道弹 S,
type,Guristas Iron Charge XL,古斯塔斯铁质轨道弹 XL,
type,Guristas Komodo Blueprint Armored Cache,古斯塔斯科莫多级蓝图装甲缓存,
type,Guristas Lead Charge L,古斯塔斯铅质轨道弹 L,
type,Guristas Lead Charge M,古斯塔斯铅质轨道弹 M,
type,Guristas Lead Charge S,古斯塔斯铅质轨道弹 S,
type,Guristas Lead Charge XL,古斯塔斯铅质轨道弹 XL,
type,Guristas Light Weapon Console,古斯塔斯轻型武器控制台,
type,Guristas Loggerhead Blueprint Armored Cache,古斯塔斯赤龟级蓝图装甲缓存,
type,Guristas Medium Weapon Console,古斯塔斯中型武器控制台,
type,Guristas Mjolnir Cruise Missile,古斯塔斯雷神巡航导弹,
type,Guristas Mjolnir Heavy Assault Missile,古斯塔斯雷神重型攻击导弹,
type,Guristas Mjolnir Heavy Missile,古斯塔斯雷神重型导弹,
type,Guristas Mjolnir Light Missile,古斯塔斯雷神轻型导弹,
type,Guristas Mjolnir Rocket,古斯塔斯雷神火箭,
type,Guristas Mjolnir Torpedo,古斯塔斯雷神鱼雷,
type,Guristas Mjolnir XL Cruise Missile,古斯塔斯雷神超大型巡航导弹,
type,Guristas Mjolnir XL Torpedo,古斯塔斯雷神超大型鱼雷,
type,Guristas NET Resonator,古斯塔斯NET共振器,
type,Guristas Nova Cruise Missile,古斯塔斯星爆巡航导弹,
type,Guristas Nova Heavy Assault Missile,古斯塔斯星爆重型攻击导弹,
type,Guristas Nova Heavy Missile,古斯塔斯星爆重型导弹,
type,Guristas Nova Light Missile,古斯塔斯星爆轻型导弹,
type,Guristas Nova Rocket,古斯塔斯星爆火箭,
type,Guristas Nova Torpedo,古斯塔斯星爆鱼雷,
type,Guristas Nova XL Cruise Missile,古斯塔斯星爆超大型巡航导弹,
type,Guristas Nova XL Torpedo,古斯塔斯星爆超大型鱼雷,
type,Guristas Palladium Tag,古斯塔斯钯金铭牌,
type,Guristas Phase Inversion Battery,古斯塔斯相位倒置接收塔,
type,Guristas Platinum Tag,古斯塔斯白金铭牌,
type,Guristas Plutonium Charge L,古斯塔斯钸质轨道弹 L,
type,Guristas Plutonium Charge M,古斯塔斯钸质轨道弹 M,
type,Guristas Plutonium Charge S,古斯塔斯钸质轨道弹 S,
type,Guristas Plutonium Charge XL,古斯塔斯钸质轨道弹 XL,
type,Guristas Production Strong Box,古斯塔斯制造保险柜,
type,Guristas Scourge Cruise Missile,古斯塔斯鞭挞巡航导弹,
type,Guristas Scourge Heavy Assault Missile,古斯塔斯鞭挞重型攻击导弹,
type,Guristas Scourge Heavy Missile,古斯塔斯鞭挞重型导弹,
type,Guristas Scourge Light Missile,古斯塔斯鞭挞轻型导弹,
type,Guristas Scourge Rocket,古斯塔斯鞭挞火箭,
type,Guristas Scourge Torpedo,古斯塔斯鞭挞鱼雷,
type,Guristas Scourge XL Cruise Missile,古斯塔斯鞭挞超大型巡航导弹,
type,Guristas Scourge XL Torpedo,古斯塔斯鞭挞超大型鱼雷,
type,Guristas Shuttle,古斯塔斯穿梭机,ship
type,Guristas Silver Tag,古斯塔斯银质铭牌,
type,Guristas Spatial Destabilization Battery,古斯塔斯空间扰乱发射器,
type,Guristas Standup Module Blueprint Armored Cache,古斯塔斯屹立装备蓝图装甲缓存,
type,Guristas Thorium Charge L,古斯塔斯钍质轨道弹 L,
type,Guristas Thorium Charge M,古斯塔斯钍质轨道弹 M,
type,Guristas Thorium Charge S,古斯塔斯钍质轨道弹 S,
type,Guristas Thorium Charge XL,古斯塔斯钍质轨道弹 XL,
type,Guristas Torpedo Battery,古斯塔斯鱼雷发射台,
type,Guristas Tungsten Charge L,古斯塔斯钨质轨道弹 L,
type,Guristas Tungsten Charge M,古斯塔斯钨质轨道弹 M,
type,Guristas Tungsten Charge S,古斯塔斯钨质轨道弹 S,
type,Guristas Tungsten Charge XL,古斯塔斯钨质轨道弹 XL,
type,Guristas Uranium Charge L,古斯塔斯铀质轨道弹 L,
type,Guristas Uranium Charge M,古斯塔斯铀质轨道弹 M,
type,Guristas Uranium Charge S,古斯塔斯铀质轨道弹 S,
type,Guristas Uranium Charge XL,古斯塔斯铀质轨道弹 XL,
type,Guristas White Noise Generation Battery,古斯塔斯白噪发生器台站,
type,Guristas XL Torpedo Battery,古斯塔斯超大型鱼雷发射台,
type,Gyrostabilizer I,回转稳定器 I,
type,Gyrostabilizer II,回转稳定器 II,
type,Hafnium,铪,
type,Hail L,冰雹 L,
type,Hail M,冰雹 M,
type,Hail S,冰雹 S,
type,Hail XL,冰雹 XL,
type,Hakim Stormare's Tag,哈科姆·斯塔迈的铭牌,
type,Hakim's Modified 100MN Afterburner,哈科姆氏改良型100MN加力燃烧器,
type,Hakim's Modified 1200mm Artillery Cannon,哈科姆氏改良型1200mm加农炮,
type,Hakim's Modified 1400mm Howitzer Artillery,哈科姆氏改良型1400mm榴弹炮,
type,Hakim's Modified 500MN Microwarpdrive,哈科姆氏改良型500MN微型跃迁推进器,
type,Hakim's Modified Ballistic Control System,哈科姆氏改良型弹道控制系统,
type,Hakim's Modified Cruise Missile Launcher,哈科姆氏改良型巡航导弹发射器,
type,Hakim's Modified EM Shield Amplifier,哈科姆氏改良型电磁护盾增效器,
type,Hakim's Modified Explosive Shield Amplifier,哈科姆氏改良型爆炸护盾增效器,
type,Hakim's Modified Gyrostabilizer,哈科姆氏改良型回转稳定器,
type,Hakim's Modified Heavy Warp Disruptor,哈科姆氏改良型重型跃迁扰断器,
type,Hakim's Modified Heavy Warp Scrambler,哈科姆氏改良型重型跃迁扰频器,
type,Hakim's Modified Kinetic Shield Amplifier,哈科姆氏改良型动能护盾增效器,
type,Hakim's Modified Large Proton Smartbomb,哈科姆氏改良大型质子立体炸弹,
type,Hakim's Modified Large Shield Booster,哈科姆氏改良大型护盾回充增量器,
type,Hakim's Modified Rapid Heavy Missile Launcher,哈科姆氏改良型重型快速导弹发射器,
type,Hakim's Modified Shield Boost Amplifier,哈科姆氏改良型护盾回充增量增效器,
type,Hakim's Modified Stasis Webifier,哈科姆氏改良型停滞缠绕光束,
type,Hakim's Modified Thermal Shield Amplifier,哈科姆氏改良型热能护盾增效器,
type,Hakim's Modified Torpedo Launcher,哈科姆氏改良型鱼雷发射器,
type,Hakim's Modified Tracking Enhancer,哈科姆氏改良型索敌增强器,
type,Hakim's Modified X-Large Shield Booster,哈科姆氏改良超大型护盾回充增量器,
type,Hakuzosu's Modified Signature Radius Suppressor,哈库藏改良型信号半径抑制装置,
type,Halloween Horrors Firework,万圣节惊怖焰火,
type,Halting Compact Ladar ECM,终端紧凑型光雷达ECM,
type,Hammerhead I,战锤 I,
type,Hammerhead II,战锤 II,
type,Hammerhead SD-600,战锤SD-600,
type,Hanaruwa's Modified Heavy Assault Missile Launcher,阿娜鲁瓦改良重型突击导弹发射器,
type,Hanaruwa's Modified Medium Remote Shield Booster,阿娜鲁瓦改良中型远程护盾回充增量器,
type,Hanaruwa's Modified Medium Shield Booster,阿娜鲁瓦改良中型护盾回充增量器,
type,Hanaruwa's Modified Signal Distortion Amplifier,阿娜鲁瓦改良型信号畸变放大器,
type,Harbinger,先驱者级,ship
type,Harbinger Navy Issue,先驱者级海军型,ship
type,Harpy,女妖级,ship
type,Harvester Mining Drone,收割者采矿无人机,
type,Hawk,战鹰级,ship
type,Hazardous Chemical Silo,有害化学制剂储藏库,
type,Heat Depressor,隔热剂,
type,Heat Dissipation Array,热消散阵列,
type,Heat Sink I,散热槽 I,
type,Heat Sink II,散热槽 II,
type,Heavy 'Brave' Capacitor Booster,勇敢者重型电容注电器,
type,Heavy 'Moat' Energy Neutralizer,重型城壕能量中和器,
type,Heavy 'Vrykolakas' Energy Nosferatu,重型食灵者掠能器,
type,Heavy Afocal Laser I,重型无焦点激光器I,
type,Heavy Afocal Pulse Laser I,重型无焦点脉冲激光器I,
type,Heavy Anode Particle Stream I,重型阳极粒子束 I,
type,Heavy Anode Pulse Particle Stream I,重型阳极脉冲粒子束 I,
type,Heavy Armor Maintenance Bot I,重型装甲维护机器人 I,
type,Heavy Armor Maintenance Bot II,重型装甲维护机器人 II,
type,Heavy Assault Missile Launcher I,重型攻击导弹发射器 I,
type,Heavy Assault Missile Launcher II,重型攻击导弹发射器 II,
type,Heavy Beam Laser I,重型集束激光器 I,
type,Heavy Beam Laser II,重型集束激光器 II,
type,Heavy Capacitor Booster I,重型电容注电器 I,
type,Heavy Capacitor Booster II,重型电容注电器 II,
type,Heavy Compact Entropic Disintegrator,重型紧凑型熵能分解者,
type,Heavy Electron Blaster I,重型电子疾速炮 I,
type,Heavy Electron Blaster II,重型电子疾速炮 II,
type,Heavy Energy Neutralizer I,重型能量中和器 I,
type,Heavy Energy Neutralizer II,重型能量中和器 II,
type,Heavy Energy Nosferatu I,重型掠能器 I,
type,Heavy Energy Nosferatu II,重型掠能器 II,
type,Heavy Entropic Disintegrator I,重型熵能分解者 I,
type,Heavy Entropic Disintegrator II,重型熵能分解者 II,
type,Heavy F-RX Compact Capacitor Booster,重型F-RX紧凑型电容注电器,
type,Heavy Faint Epsilon Scoped Warp Scrambler,重型伊普西隆眩晕视野型跃迁扰频器,
type,Heavy Faint Scoped Warp Disruptor,重型眩晕视野型跃迁扰断器,
type,Heavy Fleeting Compact Warp Disruptor,重型骤停紧凑型跃迁扰断器,
type,Heavy Ghoul Compact Energy Nosferatu,重型盗墓者紧凑型掠能器,
type,Heavy Gremlin Compact Energy Neutralizer,重型小鬼紧凑型能量中和器,
type,Heavy Gunnar Compact Stasis Grappler,贡纳尔紧凑型重型停滞捕捉光束,
type,Heavy Hull Maintenance Bot I,重型船体维护机器人 I,
type,Heavy Hull Maintenance Bot II,重型船体维护机器人 II,
type,Heavy Infectious Scoped Energy Neutralizer,重型传染视野型能量中和器,
type,Heavy Initiated Compact Warp Scrambler,重型初始紧凑型跃迁扰频器,
type,Heavy Ion Blaster I,重型离子疾速炮 I,
type,Heavy Ion Blaster II,重型离子疾速炮 II,
type,Heavy J5 Enduring Warp Disruptor,重型J5持久型跃迁扰断器,
type,Heavy J5b Enduring Warp Scrambler,重型J5b持久型跃迁扰频器,
type,Heavy Jigoro Enduring Stasis Grappler,贾格罗持久型重型停滞捕捉光束,
type,Heavy Karelin Scoped Stasis Grappler,卡列林视野型重型停滞捕捉光束,
type,Heavy Knave Scoped Energy Nosferatu,重型流氓视野型掠能器,
type,Heavy Missile Launcher I,重型导弹发射器 I,
type,Heavy Missile Launcher II,重型导弹发射器 II,
type,Heavy Modal Laser I,重型增强模式激光器 I,
type,Heavy Modal Pulse Laser I,重型增强模式脉冲激光器 I,
type,Heavy Modulated Energy Beam I,重型调制型能量光束 I,
type,Heavy Modulated Pulse Energy Beam I,重型调制型脉冲能量光束 I,
type,Heavy Mutadaptive Compact Remote Armor Repairer,重型突变适应紧凑型远程装甲维修器,
type,Heavy Mutadaptive Remote Armor Repairer I,重型突变适应远程装甲维修器 I,
type,Heavy Mutadaptive Remote Armor Repairer II,重型突变适应远程装甲维修器 II,
type,Heavy Mutadaptive Scoped Remote Armor Repairer,重型突变适应视野型远程装甲维修器,
type,Heavy Neutron Blaster I,重型中子疾速炮 I,
type,Heavy Neutron Blaster II,重型中子疾速炮 II,
type,Heavy Pulse Laser I,重型脉冲激光器 I,
type,Heavy Pulse Laser II,重型脉冲激光器 II,
type,Heavy Scoped Entropic Disintegrator,重型视野型熵能分解者,
type,Heavy Shield Maintenance Bot I,重型护盾维护机器人 I,
type,Heavy Shield Maintenance Bot II,重型护盾维护机器人 II,
type,Heavy Stasis Grappler I,重型停滞捕捉光束 I,
type,Heavy Stasis Grappler II,重型停滞捕捉光束 II,
type,Heavy Warp Disruptor I,重型跃迁扰断器 I,
type,Heavy Warp Disruptor II,重型跃迁扰断器 II,
type,Heavy Warp Scrambler I,重型跃迁扰频器 I,
type,Heavy Warp Scrambler II,重型跃迁扰频器 II,
type,Heavy Water,重水,
type,Hecate,赫卡特级,ship
type,Hedbergite,同位原矿,
type,Hedbergite II-Grade,同位原矿（2级）,
type,Hedbergite III-Grade,同位原矿（3级）,
type,Hedbergite IV-Grade,同位原矿（4级）,
type,Hel,冥府级,ship
type,Helios,太阳神级,ship
type,Helium Fuel Block,氦燃料块,
type,Helium Isotopes,氦同位素,
type,Hematos,未来人类级,ship
type,Hemorphite,希莫非特,
type,Hemorphite II-Grade,希莫非特（2级）,
type,Hemorphite III-Grade,希莫非特（3级）,
type,Hemorphite IV-Grade,希莫非特（4级）,
type,Heretic,异端级,ship
type,Hermes Compact Fighter Support Unit,赫尔墨斯紧凑型铁骑舰载机辅助单元,
type,Heron,苍鹭级,ship
type,Heron Navy Issue,苍鹭级海军型,ship
type,Heuristic Selfassemblers,试探式自我组装机器人,
type,Hexa 2500mm Repeating Cannon I,六联2500mm频射加农炮 I,
type,Hexa 2500mm Repeating Cannon II,六联2500mm频射加农炮 II,
type,Hexite,六元复合物,
type,Hezorime,赫佐利姆,
type,Hezorime II-Grade,赫佐利姆（2级）,
type,Hezorime III-Grade,赫佐利姆（3级）,
type,Hezorime IV-Grade,赫佐利姆（4级）,
type,High-grade Amulet Alpha,高级辟邪 - 阿尔法型,
type,High-grade Amulet Beta,高级辟邪 - 贝它型,
type,High-grade Amulet Delta,高级辟邪 - 德尔塔型,
type,High-grade Amulet Epsilon,高级辟邪 - 伊普西隆型,
type,High-grade Amulet Gamma,高级辟邪 - 伽玛型,
type,High-grade Amulet Omega,高级辟邪 - 欧米伽型,
type,High-grade Ascendancy Alpha,高级统御—阿尔法型,
type,High-grade Ascendancy Beta,高级统御—贝它型,
type,High-grade Ascendancy Delta,高级统御—德尔塔型,
type,High-grade Ascendancy Epsilon,高级统御—伊普西隆型,
type,High-grade Ascendancy Gamma,高级统御—伽玛型,
type,High-grade Ascendancy Omega,高级统御—欧米伽型,
type,High-grade Asklepian Alpha,高级阿斯克雷—阿尔法型,
type,High-grade Asklepian Beta,高级阿斯克雷—贝它型,
type,High-grade Asklepian Delta,高级阿斯克雷—德尔塔型,
type,High-grade Asklepian Epsilon,高级阿斯克雷—伊普西隆型,
type,High-grade Asklepian Gamma,高级阿斯克雷—伽玛型,
type,High-grade Asklepian Omega,高级阿斯克雷—欧米伽型,
type,High-grade Crystal Alpha,高级水晶—阿尔法型,
type,High-grade Crystal Beta,高级水晶—贝它型,
type,High-grade Crystal Delta,高级水晶—德尔塔型,
type,High-grade Crystal Epsilon,高级水晶—伊普西隆型,
type,High-grade Crystal Gamma,高级水晶—伽玛型,
type,High-grade Crystal Omega,高级水晶—欧米伽型,
type,High-grade Grail Alpha,高级圣杯—阿尔法型,
type,High-grade Grail Beta,高级圣杯—贝它型,
type,High-grade Grail Delta,高级圣杯—德尔塔型,
type,High-grade Grail Epsilon,高级圣杯—伊普西隆型,
type,High-grade Grail Gamma,高级圣杯—伽玛型,
type,High-grade Grail Omega,高级圣杯—欧米伽型,
type,High-grade Halo Alpha,高级圣光—阿尔法型,
type,High-grade Halo Beta,高级圣光—贝它型,
type,High-grade Halo Delta,高级圣光—德尔塔型,
type,High-grade Halo Epsilon,高级圣光—伊普西隆型,
type,High-grade Halo Gamma,高级圣光—伽玛型,
type,High-grade Halo Omega,高级圣光—欧米伽型,
type,High-grade Hydra Alpha,高级九头蛇 - 阿尔法型,
type,High-grade Hydra Beta,高级九头蛇 - 贝它型,
type,High-grade Hydra Delta,高级九头蛇 - 德尔塔型,
type,High-grade Hydra Epsilon,高级九头蛇 - 伊普西隆型,
type,High-grade Hydra Gamma,高级九头蛇 - 伽玛型,
type,High-grade Hydra Omega,高级九头蛇 - 欧米伽型,
type,High-grade Jackal Alpha,高级豺狼—阿尔法型,
type,High-grade Jackal Beta,高级豺狼—贝它型,
type,High-grade Jackal Delta,高级豺狼—德尔塔型,
type,High-grade Jackal Epsilon,高级豺狼—伊普西隆型,
type,High-grade Jackal Gamma,高级豺狼—伽玛型,
type,High-grade Jackal Omega,高级豺狼—欧米伽型,
type,High-grade Mimesis Alpha,高级仿生- 阿尔法型,
type,High-grade Mimesis Beta,高级仿生- 贝它型,
type,High-grade Mimesis Delta,高级仿生- 德尔塔型,
type,High-grade Mimesis Epsilon,高级仿生- 伊普西隆型,
type,High-grade Mimesis Gamma,高级仿生 - 伽玛型,
type,High-grade Mimesis Omega,高级仿生 - 欧米伽型,
type,High-grade Nirvana Alpha,高级极乐 - 阿尔法型,
type,High-grade Nirvana Beta,高级极乐 - 贝它型,
type,High-grade Nirvana Delta,高级极乐 - 德尔塔型,
type,High-grade Nirvana Epsilon,高级极乐 - 伊普西隆型,
type,High-grade Nirvana Gamma,高级极乐 - 伽玛型,
type,High-grade Nirvana Omega,高级极乐 - 欧米伽型,
type,High-grade Rapture Alpha,高级销魂 - 阿尔法型,
type,High-grade Rapture Beta,高级销魂 - 贝它型,
type,High-grade Rapture Delta,高级销魂 - 德尔塔型,
type,High-grade Rapture Epsilon,高级销魂 - 伊普西隆型,
type,High-grade Rapture Gamma,高级销魂 - 伽玛型,
type,High-grade Rapture Omega,高级销魂 - 欧米伽型,
type,High-grade Savior Alpha,高级救世 - 阿尔法型,
type,High-grade Savior Beta,高级救世 - 贝它型,
type,High-grade Savior Delta,高级救世 - 德尔塔型,
type,High-grade Savior Epsilon,高级救世 - 伊普西隆型,
type,High-grade Savior Gamma,高级救世 - 伽玛型,
type,High-grade Savior Omega,高级救世 - 欧米伽型,
type,High-grade Snake Alpha,高级蝰蛇—阿尔法型,
type,High-grade Snake Beta,高级蝰蛇—贝它型,
type,High-grade Snake Delta,高级蝰蛇—德尔塔型,
type,High-grade Snake Epsilon,高级蝰蛇—伊普西隆型,
type,High-grade Snake Gamma,高级蝰蛇—伽玛型,
type,High-grade Snake Omega,高级蝰蛇—欧米伽型,
type,High-grade Spur Alpha,高级马刺—阿尔法型,
type,High-grade Spur Beta,高级马刺—贝它型,
type,High-grade Spur Delta,高级马刺—德尔塔型,
type,High-grade Spur Epsilon,高级马刺—伊普西隆型,
type,High-grade Spur Gamma,高级马刺—伽玛型,
type,High-grade Spur Omega,高级马刺—欧米伽型,
type,High-grade Talisman Alpha,高级护符—阿尔法型,
type,High-grade Talisman Beta,高级护符—贝它型,
type,High-grade Talisman Delta,高级护符—德尔塔型,
type,High-grade Talisman Epsilon,高级护符—伊普西隆型,
type,High-grade Talisman Gamma,高级护符—伽玛型,
type,High-grade Talisman Omega,高级护符—欧米伽型,
type,High-grade Talon Alpha,高级魔爪—阿尔法型,
type,High-grade Talon Beta,高级魔爪—贝它型,
type,High-grade Talon Delta,高级魔爪—德尔塔型,
type,High-grade Talon Epsilon,高级魔爪—伊普西隆型,
type,High-grade Talon Gamma,高级魔爪—伽玛型,
type,High-grade Talon Omega,高级魔爪—欧米伽型,
type,High-Tech Data Chip,高科技数据芯片,
type,High-Tech Manufacturing Tools,高科技生产工具,
type,High-Tech Scanner,高科技扫描器,
type,High-Tech Small Arms,高科技小型枪械,
type,Highstroke Scoped Guidance Disruptor,高冲程视野型制导干扰器,
type,Hoarder,囤积者级,ship
type,Hobgoblin I,地精灵 I,
type,Hobgoblin II,地精灵 II,
type,Hobgoblin SD-300,地精灵SD-300,
type,Holistic Neurosynaptic Template,完整的神经突触模板,
type,Holoreels,全息记忆盘,
type,Home-15 'Pochven' Filament,家园-15'波赫文'纤维,
type,Home-5 'Pochven' Filament,家园-5'波赫文'纤维,
type,Homeless,无家可归者,
type,Hornet EC-300,大黄蜂EC-300,
type,Hornet I,大黄蜂 I,
type,Hornet II,大黄蜂 II,
type,Hostile Target Acquisition I,敌对目标锁定器 I,
type,Hound,猎犬级,ship
type,Hubris,狂徒,ship
type,Huginn,休津级,ship
type,Hulk,霍克级,ship
type,Hurricane,暴风级,ship
type,Hurricane Fleet Issue,暴风级舰队型,ship
type,Hyasyoda Research Lab Technical Data Chip,三岛研究实验室技术数据芯片,
type,Hyasyoda Research Laboratory,三岛集团研究实验室,
type,Hybrid Polymer Silo,混合聚合物储藏库,
type,Hydra,九头蛇级,ship
type,Hydrocarbons,烃类,
type,Hydrochloric Acid,盐酸,
type,Hydrogen Batteries,氢电池,
type,Hydrogen Fuel Block,氢燃料块,
type,Hydrogen Isotopes,氢同位素,
type,Hyena,土狼级,ship
type,Hyper-Vigilance Core,超警戒核心,
type,Hyperbolic Metatransistor Array,双曲晶体管阵列,
type,Hypercatabolic Clone Tissue,高分解代谢克隆体的组织,
type,Hyperconductive Gravimetric Sensor Cluster,超导引力传感器集群,
type,HyperCore,超核,
type,Hyperflurite,超氟化物,
type,Hyperion,亥伯龙神级,ship
type,Hypersynaptic Fibers,超级突触纤维,
type,Hypnagogic Neurolink Enhancer,致幻神经链接增强器,
type,Hypnos Compact Signal Distortion Amplifier I,许普诺斯紧凑型信号畸变放大器 I,
type,Hypnos Scoped Magnetometric ECM,许普诺斯视野型磁力ECM,
type,HZO Refinery Strong Box,HZO精炼集团保险柜,
type,Ibis,伊毕斯号,ship
type,Ice Harvester I,冰矿采集器 I,
type,Ice Harvester II,冰矿采集器 II,
type,Ice Harvester Upgrade I,冰矿采集能力提升器 I,
type,Ice Harvester Upgrade II,冰矿采集能力提升器 II,
type,Ice Harvesting Drone I,冰矿采集无人机 I,
type,Ice Harvesting Drone II,冰矿采集无人机 II,
type,Ice Mining Laser I,冰矿开采激光器 I,
type,Ice Mining Laser II,冰矿开采激光器 II,
type,IFFA Compact Damage Control,IFFA紧凑型损伤控制,
type,Ikitursa,伊基图萨级,ship
type,Imai Kenon's Tag,伊麦·克农的铭牌,
type,Imicus,伊米卡斯级,ship
type,Imicus Navy Issue,伊米卡斯级海军型,ship
type,Immolator,献祭者级,ship
type,Imp,小鬼级,ship
type,Impairor,帝国号,ship
type,Impel,激进级,ship
type,Imperial Defense Booster I,帝国防御增效剂I,
type,Imperial Defense Booster II,帝国防御增效剂II,
type,Imperial Defense Booster III,帝国防御增效剂III,
type,Imperial Electronics Booster I,帝国电子系统增效剂I,
type,Imperial Electronics Booster II,帝国电子系统增效剂II,
type,Imperial Electronics Booster III,帝国电子系统增效剂III,
type,Imperial Exploit Log,帝国开发日志,
type,Imperial Hardpoint Booster I,帝国挂载点增效剂I,
type,Imperial Hardpoint Booster II,帝国挂载点增效剂II,
type,Imperial Hardpoint Booster III,帝国挂载点增效剂III,
type,Imperial Mobility Booster I,帝国机动性增效剂I,
type,Imperial Mobility Booster II,帝国机动性增效剂II,
type,Imperial Mobility Booster III,帝国机动性增效剂III,
type,Imperial Navy 'Atonement' Tracking Enhancer,帝国海军“救赎”索敌增强器,
type,Imperial Navy 'Disciple' Heat Sink,帝国海军“门徒”散热槽,
type,Imperial Navy 'Neophyte' Heat Sink,帝国海军“新手”散热槽,
type,Imperial Navy 100mm Steel Plates,帝国海军100mm钢附甲板,
type,Imperial Navy 1600mm Steel Plates,帝国海军1600mm钢附甲板,
type,Imperial Navy 200mm Steel Plates,帝国海军200mm钢附甲板,
type,Imperial Navy 400mm Steel Plates,帝国海军400mm钢附甲板,
type,Imperial Navy 800mm Steel Plates,帝国海军800mm钢附甲板,
type,Imperial Navy Acolyte,帝国海军侍僧,
type,Imperial Navy Bastion Module,帝国海军堡垒装备,
type,Imperial Navy Cap Recharger,帝国海军电容回充器,
type,Imperial Navy Capacitor Power Relay,帝国海军电容能源继电器,
type,Imperial Navy Captain Insignia I,帝国海军舰长勋章I,
type,Imperial Navy Cenobite,帝国海军修道士,
type,Imperial Navy Colonel Insignia I,帝国海军上校勋章I,
type,Imperial Navy Command Mindlink,帝国海军指挥思维网络芯片,
type,Imperial Navy Curator,帝国海军监护官,
type,Imperial Navy Drone Damage Amplifier,帝国海军无人机伤害增效装置,
type,Imperial Navy Dual Heavy Beam Laser,帝国海军双联重型集束激光器,
type,Imperial Navy Dual Heavy Pulse Laser,帝国海军双联重型脉冲激光器,
type,Imperial Navy Dual Light Beam Laser,帝国海军双联轻型集束激光器,
type,Imperial Navy Dual Light Pulse Laser,帝国海军双联轻型脉冲激光器,
type,Imperial Navy EM Armor Hardener,帝国海军电磁装甲增强器,
type,Imperial Navy EM Coating,帝国海军电磁涂层,
type,Imperial Navy EM Energized Membrane,帝国海军电磁电压薄膜,
type,Imperial Navy Equite,帝国海军骑士,
type,Imperial Navy Explosive Armor Hardener,帝国海军爆炸装甲增强器,
type,Imperial Navy Explosive Coating,帝国海军爆炸涂层,
type,Imperial Navy Explosive Energized Membrane,帝国海军爆炸电压薄膜,
type,Imperial Navy Fleet Commander Insignia,帝国海军舰队指挥官勋章,
type,Imperial Navy Fleet Rear-Admiral Insignia,帝国海军舰队少将勋章,
type,Imperial Navy Focused Medium Beam Laser,帝国海军聚焦中型集束激光器,
type,Imperial Navy Focused Medium Pulse Laser,帝国海军聚焦中型脉冲激光器,
type,Imperial Navy Gamma L,帝国海军伽玛晶体 L,
type,Imperial Navy Gamma M,帝国海军伽玛晶体 M,
type,Imperial Navy Gamma S,帝国海军伽玛晶体 S,
type,Imperial Navy Gatling Pulse Laser,帝国海军加特林脉冲激光器,
type,Imperial Navy General Insignia I,帝国海军将军勋章I,
type,Imperial Navy General Insignia II,帝国海军将军勋章II,
type,Imperial Navy Heat Sink,帝国海军散热槽,
type,Imperial Navy Heavy Beam Laser,帝国海军重型集束激光器,
type,Imperial Navy Heavy Capacitor Booster,帝国海军重型电容注电器,
type,Imperial Navy Heavy Energy Neutralizer,帝国海军重型能量中和器,
type,Imperial Navy Heavy Energy Nosferatu,帝国海军重型掠能器,
type,Imperial Navy Heavy Pulse Laser,帝国海军重型脉冲激光器,
type,Imperial Navy Infiltrator,帝国海军渗透者,
type,Imperial Navy Infrared L,帝国海军红外晶体 L,
type,Imperial Navy Infrared M,帝国海军红外晶体 M,
type,Imperial Navy Infrared S,帝国海军红外晶体 S,
type,Imperial Navy Kinetic Armor Hardener,帝国海军动能装甲增强器,
type,Imperial Navy Kinetic Coating,帝国海军动能涂层,
type,Imperial Navy Kinetic Energized Membrane,帝国海军动能电压薄膜,
type,Imperial Navy Large Armor Repairer,帝国海军大型装甲维修器,
type,Imperial Navy Large EMP Smartbomb,帝国海军大型EMP立体炸弹,
type,Imperial Navy Large Remote Armor Repairer,帝国海军 大型远程装甲维修器,
type,Imperial Navy Large Remote Capacitor Transmitter,帝国海军大型远程电容传输装置,
type,Imperial Navy Major Insignia I,帝国海军少校勋章I,
type,Imperial Navy Medium Armor Repairer,帝国海军中型装甲维修器,
type,Imperial Navy Medium Capacitor Booster,帝国海军中型电容注电器,
type,Imperial Navy Medium EMP Smartbomb,帝国海军中型EMP立体炸弹,
type,Imperial Navy Medium Energy Neutralizer,帝国海军中型能量中和器,
type,Imperial Navy Medium Energy Nosferatu,帝国海军中型掠能器,
type,Imperial Navy Medium Remote Capacitor Transmitter,帝国海军中型远程电容传输装置,
type,Imperial Navy Mega Beam Laser,帝国海军超级集束激光器,
type,Imperial Navy Mega Pulse Laser,帝国海军超级脉冲激光器,
type,Imperial Navy Micro EMP Smartbomb,帝国海军微型EMP立体炸弹,
type,Imperial Navy Microwave L,帝国海军微波晶体 L,
type,Imperial Navy Microwave M,帝国海军微波晶体 M,
type,Imperial Navy Microwave S,帝国海军微波晶体 S,
type,Imperial Navy Midshipman Insignia I,帝国海军预备军官勋章I,
type,Imperial Navy Midshipman Insignia II,帝国海军预备军官勋章II,
type,Imperial Navy Midshipman Insignia III,帝国海军预备军官勋章III,
type,Imperial Navy Modified 'Noble' Implant,帝国海军改进型诺贝尔植入体,
type,Imperial Navy Multifrequency L,帝国海军多频晶体 L,
type,Imperial Navy Multifrequency M,帝国海军多频晶体 M,
type,Imperial Navy Multifrequency S,帝国海军多频晶体 S,
type,Imperial Navy Multispectrum Coating,帝国海军多谱式涂层,
type,Imperial Navy Multispectrum Energized Membrane,帝国海军多谱式电压薄膜,
type,Imperial Navy Omnidirectional Tracking Enhancer,帝国海军全方位索敌增强器,
type,Imperial Navy Praetor,帝国海军执政官,
type,Imperial Navy Quad Beam Laser,帝国海军四联集束激光器,
type,Imperial Navy Radio L,帝国海军射频晶体 L,
type,Imperial Navy Radio M,帝国海军射频晶体 M,
type,Imperial Navy Radio S,帝国海军射频晶体 S,
type,Imperial Navy Raid Leader Insignia,帝国海军突击队长勋章,
type,Imperial Navy Sergeant Elite Insignia,帝国海军中士精英勋章,
type,Imperial Navy Sergeant Insignia I,帝国海军中士勋章I,
type,Imperial Navy Sergeant Insignia II,帝国海军中士勋章II,
type,Imperial Navy Sergeant Insignia III,帝国海军中士勋章III,
type,Imperial Navy Sergeant Major Insignia I,帝国海军军士长勋章I,
type,Imperial Navy Slicer,帝国海军切割机级,ship
type,Imperial Navy Small Armor Repairer,帝国海军小型装甲维修器,
type,Imperial Navy Small Capacitor Booster,帝国海军小型电容注电器,
type,Imperial Navy Small EMP Smartbomb,帝国海军小型EMP立体炸弹,
type,Imperial Navy Small Energy Neutralizer,帝国海军小型能量中和器,
type,Imperial Navy Small Energy Nosferatu,帝国海军小型掠能器,
type,Imperial Navy Small Focused Beam Laser,帝国海军小型聚焦集束激光器,
type,Imperial Navy Small Focused Pulse Laser,帝国海军小型聚焦脉冲激光器,
type,Imperial Navy Small Remote Capacitor Transmitter,帝国海军小型远程电容传输装置,
type,Imperial Navy Squad Leader Insignia,帝国海军小队长勋章,
type,Imperial Navy Standard L,帝国海军标准晶体 L,
type,Imperial Navy Standard M,帝国海军标准晶体 M,
type,Imperial Navy Standard S,帝国海军标准晶体 S,
type,Imperial Navy Tachyon Beam Laser,帝国海军超光速粒子集束激光器,
type,Imperial Navy Templar,圣殿骑士级帝国海军,
type,Imperial Navy Thermal Armor Hardener,帝国海军热能装甲增强器,
type,Imperial Navy Thermal Coating,帝国海军热能涂层,
type,Imperial Navy Thermal Energized Membrane,帝国海军热能电压薄膜,
type,Imperial Navy Ultraviolet L,帝国海军紫外晶体 L,
type,Imperial Navy Ultraviolet M,帝国海军紫外晶体 M,
type,Imperial Navy Ultraviolet S,帝国海军紫外晶体 S,
type,Imperial Navy Xray L,帝国海军X射线晶体 L,
type,Imperial Navy Xray M,帝国海军X射线晶体 M,
type,Imperial Navy Xray S,帝国海军X射线晶体 S,
type,Imperial Special Ops Field Enhancer - Standard,帝国别动队战场增效体—标准型,
type,Imperial War Reserves Supply Package,帝国战争后备处补给包,
type,Impetus Console,推进器控制台,
type,Improved 'Guise' Cloaking Device II,伪装加强型隐形装置 II,
type,Improved Blue Pill Booster,加强型蓝色药丸增效体,
type,Improved Cloaking Device II,加强型隐形装置 II,
type,Improved Crash Booster,加强型撞击感增效体,
type,Improved Drop Booster,加强型坠落感增效体,
type,Improved Exile Booster,加强型游离感增效体,
type,Improved Frentix Booster,加强型疯癫增效体,
type,Improved Mindflood Booster,加强型思维冲击增效体,
type,Improved Sooth Sayer Booster,加强型梦呓增效体,
type,Improved X-Instinct Booster,加强型X—本能增效体,
type,Incursus,因卡萨斯级,ship
type,Indirect Target Acquisition I,间接式目标锁定器 I,
type,Induced Compact Multispectral ECM,感应紧凑型多谱式ECM,
type,Industrial Cynosural Field Generator,工业诱导力场发生器,
type,Industrial Jump Portal Generator I,工业舰跳跃通道发生器 I,
type,Industrialist - Cruiser Blueprint Crate,工业家 - 巡洋舰蓝图箱,
type,Industrialist - Destroyer Blueprint Crate,工业家 - 驱逐舰蓝图箱,
type,Industrialist - Frigate Blueprint Crate,工业家 - 护卫舰蓝图箱,
type,Industrialist - Hauler Blueprint Crate,工业家 - 运载舰蓝图箱,
type,Industrialist - Hauler Skill Crate,工业家 - 运载舰技能箱,
type,Industrialist - Light Combat Drones Crate,执法者 - 护卫舰技能箱,
type,Inertial Stabilizers I,惯性稳定器 I,
type,Inertial Stabilizers II,惯性稳定器 II,
type,Inferno Auto-Targeting Cruise Missile I,炼狱自动锁定巡航导弹 I,
type,Inferno Auto-Targeting Heavy Missile I,炼狱自动锁定重型导弹 I,
type,Inferno Auto-Targeting Light Missile I,炼狱自动锁定轻型导弹 I,
type,Inferno Cruise Missile,炼狱巡航导弹,
type,Inferno Fury Cruise Missile,炼狱愤怒巡航导弹,
type,Inferno Fury Heavy Missile,炼狱愤怒重型导弹,
type,Inferno Fury Light Missile,炼狱愤怒轻型导弹,
type,Inferno Fury XL Cruise Missile,炼狱愤怒超大型巡航导弹,
type,Inferno Heavy Assault Missile,炼狱重型攻击导弹,
type,Inferno Heavy Missile,炼狱重型导弹,
type,Inferno Javelin Heavy Assault Missile,炼狱标枪重型攻击导弹,
type,Inferno Javelin Rocket,炼狱标枪火箭,
type,Inferno Javelin Torpedo,炼狱标枪鱼雷,
type,Inferno Javelin XL Torpedo,炼狱标枪超大型鱼雷,
type,Inferno Light Missile,炼狱轻型导弹,
type,Inferno Precision Cruise Missile,炼狱精准巡航导弹,
type,Inferno Precision Heavy Missile,炼狱精准重型导弹,
type,Inferno Precision Light Missile,炼狱精准轻型导弹,
type,Inferno Precision XL Cruise Missile,炼狱精准超大型巡航导弹,
type,Inferno Rage Heavy Assault Missile,炼狱狂乱重型攻击导弹,
type,Inferno Rage Rocket,炼狱狂乱火箭,
type,Inferno Rage Torpedo,炼狱狂乱鱼雷,
type,Inferno Rage XL Torpedo,炼狱狂乱超大型鱼雷,
type,Inferno Rocket,炼狱火箭,
type,Inferno Torpedo,炼狱鱼雷,
type,Inferno XL Cruise Missile,炼狱超大型巡航导弹,
type,Inferno XL Torpedo,炼狱超大型鱼雷,
type,Infiltrator EV-600,渗透者EV-600,
type,Infiltrator I,渗透者 I,
type,Infiltrator II,渗透者 II,
type,Infiltrator TD-600,渗透者TD-600,
type,Infinite Celebrations Firework,无限庆典焰火,
type,Infomorph Decryption Key,电子意识解密密钥,
type,Information Command Burst I,信息战指挥脉冲波 I,
type,Information Command Burst II,信息战指挥脉冲波 II,
type,Information Command Mindlink,信息战指挥思维网络芯片,
type,Infrared L,红外晶体 L,
type,Infrared M,红外晶体 M,
type,Infrared S,红外晶体 S,
type,Infrared XL,红外晶体 XL,
type,Inherent Implants 'Highwall' Mining MX-1001,天赋植体 矿脉 采矿 MX-1001,
type,Inherent Implants 'Highwall' Mining MX-1003,天赋植体 矿脉 采矿 MX-1003,
type,Inherent Implants 'Highwall' Mining MX-1005,天赋植体 矿脉 采矿 MX-1005,
type,Inherent Implants 'Highwall' Mining Upgrades MU-1001,天赋植体 矿脉 矿冶提升 MU-1001,
type,Inherent Implants 'Highwall' Mining Upgrades MU-1003,天赋植体 矿脉 矿冶提升 MU-1003,
type,Inherent Implants 'Highwall' Mining Upgrades MU-1005,天赋植体 矿脉 矿冶提升 MU-1005,
type,Inherent Implants 'Lancer' Controlled Bursts CB-701,天赋植体 枪骑兵 受控点射 CB-701,
type,Inherent Implants 'Lancer' Controlled Bursts CB-702,天赋植体 枪骑兵 受控点射 CB-702,
type,Inherent Implants 'Lancer' Controlled Bursts CB-703,天赋植体 枪骑兵 受控点射 CB-703,
type,Inherent Implants 'Lancer' Controlled Bursts CB-704,天赋植体 枪骑兵 受控点射 CB-704,
type,Inherent Implants 'Lancer' Controlled Bursts CB-705,天赋植体 枪骑兵 受控点射 CB-705,
type,Inherent Implants 'Lancer' Controlled Bursts CB-706,天赋植体 枪骑兵 受控点射 CB-706,
type,Inherent Implants 'Lancer' Gunnery RF-901,天赋植体 枪骑兵 射击学 RF-901,
type,Inherent Implants 'Lancer' Gunnery RF-902,天赋植体 枪骑兵 射击学 RF-902,
type,Inherent Implants 'Lancer' Gunnery RF-903,天赋植体 枪骑兵 射击学 RF-903,
type,Inherent Implants 'Lancer' Gunnery RF-904,天赋植体 枪骑兵 射击学 RF-904,
type,Inherent Implants 'Lancer' Gunnery RF-905,天赋植体 枪骑兵 射击学 RF-905,
type,Inherent Implants 'Lancer' Gunnery RF-906,天赋植体 枪骑兵 射击学 RF-906,
type,Inherent Implants 'Lancer' Large Energy Turret LE-1001,天赋植体 枪骑兵 大型能量炮台 LE-1001,
type,Inherent Implants 'Lancer' Large Energy Turret LE-1002,天赋植体 枪骑兵 大型能量炮台 LE-1002,
type,Inherent Implants 'Lancer' Large Energy Turret LE-1003,天赋植体 枪骑兵 大型能量炮台 LE-1003,
type,Inherent Implants 'Lancer' Large Energy Turret LE-1004,天赋植体 枪骑兵 大型能量炮台 LE-1004,
type,Inherent Implants 'Lancer' Large Energy Turret LE-1005,天赋植体 枪骑兵 大型能量炮台 LE-1005,
type,Inherent Implants 'Lancer' Large Energy Turret LE-1006,天赋植体 枪骑兵 大型能量炮台 LE-1006,
type,Inherent Implants 'Lancer' Medium Energy Turret ME-801,天赋植体 枪骑兵 中型能量炮台 ME-801,
type,Inherent Implants 'Lancer' Medium Energy Turret ME-802,天赋植体 枪骑兵 中型能量炮台 ME-802,
type,Inherent Implants 'Lancer' Medium Energy Turret ME-803,天赋植体 枪骑兵 中型能量炮台 ME-803,
type,Inherent Implants 'Lancer' Medium Energy Turret ME-804,天赋植体 枪骑兵 中型能量炮台 ME-804,
type,Inherent Implants 'Lancer' Medium Energy Turret ME-805,天赋植体 枪骑兵 中型能量炮台 ME-805,
type,Inherent Implants 'Lancer' Medium Energy Turret ME-806,天赋植体 枪骑兵 中型能量炮台 ME-806,
type,Inherent Implants 'Lancer' Small Energy Turret SE-601,天赋植体 枪骑兵 小型能量炮台 SE-601,
type,Inherent Implants 'Lancer' Small Energy Turret SE-602,天赋植体 枪骑兵 小型能量炮台 SE-602,
type,Inherent Implants 'Lancer' Small Energy Turret SE-603,天赋植体 枪骑兵 小型能量炮台 SE-603,
type,Inherent Implants 'Lancer' Small Energy Turret SE-604,天赋植体 枪骑兵 小型能量炮台 SE-604,
type,Inherent Implants 'Lancer' Small Energy Turret SE-605,天赋植体 枪骑兵 小型能量炮台 SE-605,
type,Inherent Implants 'Lancer' Small Energy Turret SE-606,天赋植体 枪骑兵 小型能量炮台 SE-606,
type,Inherent Implants 'Noble' Hull Upgrades HG-1001,天赋植体 诺贝尔 船体升级 HG-1001,
type,Inherent Implants 'Noble' Hull Upgrades HG-1002,天赋植体 诺贝尔 船体升级 HG-1002,
type,Inherent Implants 'Noble' Hull Upgrades HG-1003,天赋植体 诺贝尔 船体升级 HG-1003,
type,Inherent Implants 'Noble' Hull Upgrades HG-1004,天赋植体 诺贝尔 船体升级 HG-1004,
type,Inherent Implants 'Noble' Hull Upgrades HG-1005,天赋植体 诺贝尔 船体升级 HG-1005,
type,Inherent Implants 'Noble' Hull Upgrades HG-1006,天赋植体 诺贝尔 船体升级 HG-1006,
type,Inherent Implants 'Noble' Hull Upgrades HG-1008,天赋植体 诺贝尔 船体升级 HG-1008,
type,Inherent Implants 'Noble' Mechanic MC-801,天赋植体 诺贝尔 机械学 MC-801,
type,Inherent Implants 'Noble' Mechanic MC-802,天赋植体 诺贝尔 机械学 MC-802,
type,Inherent Implants 'Noble' Mechanic MC-803,天赋植体 诺贝尔 机械学 MC-803,
type,Inherent Implants 'Noble' Mechanic MC-804,天赋植体 诺贝尔 机械学 MC-804,
type,Inherent Implants 'Noble' Mechanic MC-805,天赋植体 诺贝尔 机械学 MC-805,
type,Inherent Implants 'Noble' Mechanic MC-806,天赋植体 诺贝尔 机械学 MC-806,
type,Inherent Implants 'Noble' Remote Armor Repair Systems RA-701,天赋植体 诺贝尔 远距装甲维修系统 RA-701,
type,Inherent Implants 'Noble' Remote Armor Repair Systems RA-702,天赋植体 诺贝尔 远距装甲维修系统 RA-702,
type,Inherent Implants 'Noble' Remote Armor Repair Systems RA-703,天赋植体 诺贝尔 远距装甲维修系统 RA-703,
type,Inherent Implants 'Noble' Remote Armor Repair Systems RA-704,天赋植体 诺贝尔 远距装甲维修系统 RA-704,
type,Inherent Implants 'Noble' Remote Armor Repair Systems RA-705,天赋植体 诺贝尔 远距装甲维修系统 RA-705,
type,Inherent Implants 'Noble' Remote Armor Repair Systems RA-706,天赋植体 诺贝尔 远距装甲维修系统 RA-706,
type,Inherent Implants 'Noble' Repair Proficiency RP-901,天赋植体 诺贝尔 维修效率 RP-901,
type,Inherent Implants 'Noble' Repair Proficiency RP-902,天赋植体 诺贝尔 维修效率 RP-902,
type,Inherent Implants 'Noble' Repair Proficiency RP-903,天赋植体 诺贝尔 维修效率 RP-903,
type,Inherent Implants 'Noble' Repair Proficiency RP-904,天赋植体 诺贝尔 维修效率 RP-904,
type,Inherent Implants 'Noble' Repair Proficiency RP-905,天赋植体 诺贝尔 维修效率 RP-905,
type,Inherent Implants 'Noble' Repair Proficiency RP-906,天赋植体 诺贝尔 维修效率 RP-906,
type,Inherent Implants 'Noble' Repair Systems RS-601,天赋植体 诺贝尔 维修系统 RS-601,
type,Inherent Implants 'Noble' Repair Systems RS-602,天赋植体 诺贝尔 维修系统 RS-602,
type,Inherent Implants 'Noble' Repair Systems RS-603,天赋植体 诺贝尔 维修系统 RS-603,
type,Inherent Implants 'Noble' Repair Systems RS-604,天赋植体 诺贝尔 维修系统 RS-604,
type,Inherent Implants 'Noble' Repair Systems RS-605,天赋植体 诺贝尔 维修系统 RS-605,
type,Inherent Implants 'Noble' Repair Systems RS-606,天赋植体 诺贝尔 维修系统 RS-606,
type,Inherent Implants 'Squire' Capacitor Emission Systems ES-701,天赋植体 随从 电容散发系统 ES-701,
type,Inherent Implants 'Squire' Capacitor Emission Systems ES-702,天赋植体 随从 电容散发系统 ES-702,
type,Inherent Implants 'Squire' Capacitor Emission Systems ES-703,天赋植体 随从 电容散发系统 ES-703,
type,Inherent Implants 'Squire' Capacitor Emission Systems ES-704,天赋植体 随从 电容散发系统 ES-704,
type,Inherent Implants 'Squire' Capacitor Emission Systems ES-705,天赋植体 随从 电容散发系统 ES-705,
type,Inherent Implants 'Squire' Capacitor Emission Systems ES-706,天赋植体 随从 电容散发系统 ES-706,
type,Inherent Implants 'Squire' Capacitor Management EM-801,天赋植体 随从 电容管理 EM-801,
type,Inherent Implants 'Squire' Capacitor Management EM-802,天赋植体 随从 电容管理 EM-802,
type,Inherent Implants 'Squire' Capacitor Management EM-803,天赋植体 随从 电容管理 EM-803,
type,Inherent Implants 'Squire' Capacitor Management EM-804,天赋植体 随从 电容管理 EM-804,
type,Inherent Implants 'Squire' Capacitor Management EM-805,天赋植体 随从 电容管理 EM-805,
type,Inherent Implants 'Squire' Capacitor Management EM-806,天赋植体 随从 电容管理 EM-806,
type,Inherent Implants 'Squire' Capacitor Systems Operation EO-601,天赋植体 随从 电容系统操作 EO-601,
type,Inherent Implants 'Squire' Capacitor Systems Operation EO-602,天赋植体 随从 电容系统操作 EO-602,
type,Inherent Implants 'Squire' Capacitor Systems Operation EO-603,天赋植体 随从 电容系统操作 EO-603,
type,Inherent Implants 'Squire' Capacitor Systems Operation EO-604,天赋植体 随从 电容系统操作 EO-604,
type,Inherent Implants 'Squire' Capacitor Systems Operation EO-605,天赋植体 随从 电容系统操作 EO-605,
type,Inherent Implants 'Squire' Capacitor Systems Operation EO-606,天赋植体 随从 电容系统操作 EO-606,
type,Inherent Implants 'Squire' Energy Grid Upgrades EU-701,天赋植体 随从 能量栅格提升 EU-701,
type,Inherent Implants 'Squire' Energy Grid Upgrades EU-702,天赋植体 随从 能量栅格提升 EU-702,
type,Inherent Implants 'Squire' Energy Grid Upgrades EU-703,天赋植体 随从 能量栅格提升 EU-703,
type,Inherent Implants 'Squire' Energy Grid Upgrades EU-704,天赋植体 随从 能量栅格提升 EU-704,
type,Inherent Implants 'Squire' Energy Grid Upgrades EU-705,天赋植体 随从 能量栅格提升 EU-705,
type,Inherent Implants 'Squire' Energy Grid Upgrades EU-706,天赋植体 随从 能量栅格提升 EU-706,
type,Inherent Implants 'Squire' Energy Pulse Weapons EP-701,天赋植体 随从 能量脉冲武器 EP-701,
type,Inherent Implants 'Squire' Energy Pulse Weapons EP-702,天赋植体 随从 能量脉冲武器 EP-702,
type,Inherent Implants 'Squire' Energy Pulse Weapons EP-703,天赋植体 随从 能量脉冲武器 EP-703,
type,Inherent Implants 'Squire' Energy Pulse Weapons EP-704,天赋植体 随从 能量脉冲武器 EP-704,
type,Inherent Implants 'Squire' Energy Pulse Weapons EP-705,天赋植体 随从 能量脉冲武器 EP-705,
type,Inherent Implants 'Squire' Energy Pulse Weapons EP-706,天赋植体 随从 能量脉冲武器 EP-706,
type,Inherent Implants 'Squire' Power Grid Management EG-601,天赋植体 随从 能量栅格管理 EG-601,
type,Inherent Implants 'Squire' Power Grid Management EG-602,天赋植体 随从 能量栅格管理 EG-602,
type,Inherent Implants 'Squire' Power Grid Management EG-603,天赋植体 随从 能量栅格管理 EG-603,
type,Inherent Implants 'Squire' Power Grid Management EG-604,天赋植体 随从 能量栅格管理 EG-604,
type,Inherent Implants 'Squire' Power Grid Management EG-605,天赋植体 随从 能量栅格管理 EG-605,
type,Inherent Implants 'Squire' Power Grid Management EG-606,天赋植体 随从 能量栅格管理 EG-606,
type,Inherent Implants 'Yeti' Ice Harvesting IH-1001,天赋植体 雪人 冰矿采集 IH-1001,
type,Inherent Implants 'Yeti' Ice Harvesting IH-1003,天赋植体 雪人 冰矿采集 IH-1003,
type,Inherent Implants 'Yeti' Ice Harvesting IH-1005,天赋植体 雪人 冰矿采集 IH-1005,
type,Initiated Compact Warp Disruptor,初始紧凑型跃迁扰断器,
type,Initiated Compact Warp Scrambler,初始紧凑型跃迁扰频器,
type,Initiated Enduring Multispectral ECM,初始持久型多谱式ECM,
type,Inquest 'Eros' Stasis Webifier MR-803,审查'爱神'停滞缠绕光束MR-803,
type,Inquest 'Eros' Stasis Webifier MR-805,审查'爱神'停滞缠绕光束MR-805,
type,Inquest 'Eros' Stasis Webifier MR-807,审查'爱神'停滞缠绕光束MR-807,
type,Inquest 'Hedone' Entanglement Optimizer WS-802,审查'享乐'缠绕优化器WS-802,
type,Inquest 'Hedone' Entanglement Optimizer WS-803,审查'享乐'缠绕优化器WS-803,
type,Inquest 'Hedone' Entanglement Optimizer WS-804,审查'享乐'缠绕优化器WS-804,
type,Inquisitor,检察官级,ship
type,Insurgent Trojan Fragments,义军木马病毒片段,
type,Intact Armor Plates,完好的装甲附甲,
type,Intact Neurosynaptic Profile,完整的神经突触资料,
type,Intact Shield Emitter,完好的护盾发生器,
type,Integrated Moon Drill Armature,集成式卫星钻探电枢,
type,Integrated Sensor Array,集成传感器阵列,
type,Intensive Reprocessing Array,高强度提炼阵列,
type,InterBus Shuttle,星际捷运穿梭机,ship
type,Interdiction Maneuvers Charge,拦截机动弹药,
type,Interdiction Nullifier I,拦截失效装置 I,
type,Interdiction Nullifier II,拦截失效装置 II,
type,Interdiction Sphere Launcher I,拦截泡发射器 I,
type,Interface Circuit,接口电路,
type,Intermediate Medal,中级奖章,
type,Internal Bulkhead,内部隔层,
type,Internal-15 'Pochven' Filament,内部-15'波赫文'纤维,
type,Internal-5 'Pochven' Filament,内部-5'波赫文'纤维,
type,Interstellar Navigation Logs,星际导航日志,
type,Ion Blaster Cannon I,离子疾速加农炮 I,
type,Ion Blaster Cannon II,离子疾速加农炮 II,
type,Ion Field Projection Battery,离子力场投射台,
type,Ion Siege Blaster I,离子会战疾速炮 I,
type,Ion Siege Blaster II,离子会战疾速炮 II,
type,Ion Thruster,离子推进器,
type,Iridium Charge L,铱质轨道弹 L,
type,Iridium Charge M,铱质轨道弹 M,
type,Iridium Charge S,铱质轨道弹 S,
type,Iridium Charge XL,铱质轨道弹 XL,
type,Iron Charge L,铁质轨道弹 L,
type,Iron Charge M,铁质轨道弹 M,
type,Iron Charge S,铁质轨道弹 S,
type,Iron Charge XL,铁质轨道弹 XL,
type,Ishkur,伊什库尔级,ship
type,Ishtar,伊什塔级,ship
type,Isogen,同位聚合体,
type,Isolated Dimensional Thread,孤立空间线程,
type,Isotropic Deposition Guide,等向性沉积指南,
type,Isotropic Neofullerene Alpha-3,等向性新富勒烯阿尔法-3,
type,Isotropic Neofullerene Beta-6,等向性新富勒烯贝它-6,
type,Isotropic Neofullerene Gamma-9,等向性新富勒烯伽玛-9,
type,Iteron Mark V,伊特龙级MKV,ship
type,J5 Enduring Warp Disruptor,J5持久型跃迁扰断器,
type,J5b Enduring Warp Scrambler,J5b持久型跃迁扰频器,
type,Jackdaw,寒鸦级,ship
type,Jaguar,美洲虎级,ship
type,Jailer Datacore,典狱长数据核心,
type,Janitor,看门人,
type,Jarkon Puman's Tag,加贡·彪曼的铭牌,
type,Jaspet,杰斯贝矿,
type,Jaspet II-Grade,杰斯贝矿（2级）,
type,Jaspet III-Grade,杰斯贝矿（3级）,
type,Jaspet IV-Grade,杰斯贝矿（4级）,
type,Javelin L,标枪 L,
type,Javelin M,标枪 M,
type,Javelin S,标枪 S,
type,Javelin XL,标枪 XL,
type,Jenmei's Tag,梅京的铭牌,
type,Jerek Zuomi's Insignia,杰里科·兹欧米的勋章,
type,Joint Harvesting Strong Box,联合收割保险柜,
type,Jump Bridge,跳跃桥接,
type,Jump Drive Control Nexus,跳跃引擎控制节点,
type,Jump Portal Generator I,跳跃通道发生器 I,
type,Kaatara's Custom Ballistic Control System,卡塔拉氏海关弹道控制系统,
type,Kaatara's Custom Magnetic Field Stabilizer,卡塔拉的定制磁性力场稳定器,
type,Kaikka Peunato's Tag,卡尔卡·蓓纳托的铭牌,
type,Kaikka's Modified 350mm Railgun,卡尔卡氏改良型350mm磁轨炮,
type,Kaikka's Modified 425mm Railgun,卡尔卡氏改良型425mm磁轨炮,
type,Kaikka's Modified Ballistic Control System,卡尔卡氏改良型弹道控制系统,
type,Kaikka's Modified Cloaking Device,卡尔卡氏改良型隐形装置,
type,Kaikka's Modified Co-Processor,卡尔卡氏改良型协处理器,
type,Kaikka's Modified Cruise Missile Launcher,卡尔卡氏改良型巡航导弹发射器,
type,Kaikka's Modified Dual 250mm Railgun,卡尔卡氏改良型双联250mm磁轨炮,
type,Kaikka's Modified EM Shield Amplifier,卡尔卡氏改良型电磁护盾增效器,
type,Kaikka's Modified EM Shield Hardener,卡尔卡氏改良型电磁护盾增强器,
type,Kaikka's Modified Explosive Shield Amplifier,卡尔卡氏改良型爆炸护盾增效器,
type,Kaikka's Modified Explosive Shield Hardener,卡尔卡氏改良型爆炸护盾增强器,
type,Kaikka's Modified Kinetic Shield Amplifier,卡尔卡氏改良型动能护盾增效器,
type,Kaikka's Modified Kinetic Shield Hardener,卡尔卡氏改良型动能护盾增强器,
type,Kaikka's Modified Large Graviton Smartbomb,卡尔卡氏改良大型引力子立体炸弹,
type,Kaikka's Modified Large Shield Booster,卡尔卡氏改良大型护盾回充增量器,
type,Kaikka's Modified Multispectral ECM,卡尔卡氏改良型多谱式ECM,
type,Kaikka's Modified Multispectrum Shield Hardener,卡尔卡氏改良型多谱式护盾增强器,
type,Kaikka's Modified Rapid Heavy Missile Launcher,卡尔卡氏改良型重型快速导弹发射器,
type,Kaikka's Modified Shield Boost Amplifier,卡尔卡氏改良型护盾回充增量增效器,
type,Kaikka's Modified Thermal Shield Amplifier,卡尔卡氏改良型热能护盾增效器,
type,Kaikka's Modified Thermal Shield Hardener,卡尔卡氏改良型热能护盾增强器,
type,Kaikka's Modified Torpedo Launcher,卡尔卡氏改良型鱼雷发射器,
type,Kaikka's Modified X-Large Shield Booster,卡尔卡氏改良超大型护盾回充增量器,
type,Kali Midez's Insignia,卡里·米德茨的勋章,
type,Kameiras,卡莫兵,
type,Kangite X-Grade,X级钪原矿,
type,Kapteyn Compact Sensor Dampener,卡普坦紧凑型感应抑阻器,
type,Karura,迦楼罗,ship
type,Karzo Sarum's Insignia,卡尔佐·萨拉姆的勋章,
type,Kasiha's Modified Vorton Tuning System,卡斯哈改良型电弧弦调谐系统,
type,Keepstar,星城,structure
type,Keepstar Upwell Quantum Core,星城昇威量子芯,
type,Keres,克勒斯级,ship
type,Kernite,水硼砂,
type,Kernite II-Grade,水硼砂（2级）,
type,Kernite III-Grade,水硼砂（3级）,
type,Kernite IV-Grade,水硼砂（4级）,
type,Kestrel,茶隼级,ship
type,Khanid Eagle Insignia,卡尼迪飞鹰勋章,
type,Khanid Elite Fighter Insignia,卡尼迪精英战士勋章,
type,Khanid Fighter Insignia,卡尼迪战士勋章,
type,Khanid Hawk Insignia,卡尼迪猎鹰勋章,
type,Khanid High Commander Insignia,卡尼迪高级指挥官勋章,
type,Khanid Kingdom Starbase Charter,卡尼迪王国母星宪章,
type,Khanid Navy Ballistic Control System,卡尼迪海军弹道控制系统,
type,Khanid Navy Cap Recharger,卡尼迪海军电容回充器,
type,Khanid Navy Capacitor Power Relay,卡尼迪海军电容能源继电器,
type,Khanid Navy Co-Processor,卡尼迪海军协处理器,
type,Khanid Navy EM Armor Hardener,卡尼迪海军电磁装甲增强器,
type,Khanid Navy EM Coating,卡尼迪海军电磁涂层,
type,Khanid Navy EM Energized Membrane,卡尼迪海军电磁电压薄膜,
type,Khanid Navy Explosive Armor Hardener,卡尼迪海军爆炸装甲增强器,
type,Khanid Navy Explosive Coating,卡尼迪海军爆炸涂层,
type,Khanid Navy Explosive Energized Membrane,卡尼迪海军爆炸电压薄膜,
type,Khanid Navy Heavy Assault Missile Launcher,卡尼迪海军重型攻击导弹发射器,
type,Khanid Navy Kinetic Armor Hardener,卡尼迪海军动能装甲增强器,
type,Khanid Navy Kinetic Coating,卡尼迪海军动能涂层,
type,Khanid Navy Kinetic Energized Membrane,卡尼迪海军动能电压薄膜,
type,Khanid Navy Large Armor Repairer,卡尼迪海军大型装甲维修器,
type,Khanid Navy Large EMP Smartbomb,卡尼迪海军大型EMP立体炸弹,
type,Khanid Navy Medium Armor Repairer,卡尼迪海军中型装甲维修器,
type,Khanid Navy Medium EMP Smartbomb,卡尼迪海军中型EMP立体炸弹,
type,Khanid Navy Multispectrum Coating,卡尼迪海军多谱式涂层,
type,Khanid Navy Multispectrum Energized Membrane,卡尼迪海军多谱式电压薄膜,
type,Khanid Navy Rocket Launcher,卡尼迪海军火箭发射器,
type,Khanid Navy Small Armor Repairer,卡尼迪海军小型装甲维修器,
type,Khanid Navy Small EMP Smartbomb,卡尼迪海军小型EMP立体炸弹,
type,Khanid Navy Stasis Webifier,卡尼迪海军停滞缠绕光束,
type,Khanid Navy Thermal Armor Hardener,卡尼迪海军热能装甲增强器,
type,Khanid Navy Thermal Coating,卡尼迪海军热能涂层,
type,Khanid Navy Thermal Energized Membrane,卡尼迪海军热能电压薄膜,
type,Khanid Navy Warp Disruptor,卡尼迪海军跃迁扰断器,
type,Khanid Navy Warp Scrambler,卡尼迪海军跃迁扰频器,
type,Khanid Officer Insignia,卡尼迪军官勋章,
type,Khanid Rookie Insignia,卡尼迪新手勋章,
type,Khanid Royal Insignia,卡尼迪皇家勋章,
type,Khanid Scout Insignia,卡尼迪斥候勋章,
type,Khanid Slave Trader Insignia,卡尼迪劳工中介人铭牌,
type,Khanid Sparrow Insignia,卡尼迪禾雀勋章,
type,Khanid Warbird Insignia,卡尼迪战鸟勋章,
type,Khizriel,希兹里尔级,ship
type,Khumaak,库马克,
type,Kidnapped ORE Researcher,被绑架的联合矿业研究人员,
type,Kikimora,奇奇莫拉级,ship
type,Kinetic Armor Hardener I,动能装甲增强器 I,
type,Kinetic Armor Hardener II,动能装甲增强器 II,
type,Kinetic Coating I,动能涂层 I,
type,Kinetic Coating II,动能涂层 II,
type,Kinetic Energized Membrane I,动能电压薄膜 I,
type,Kinetic Energized Membrane II,动能电压薄膜 II,
type,Kinetic Shield Amplifier I,动能护盾增效器 I,
type,Kinetic Shield Amplifier II,动能护盾增效器 II,
type,Kinetic Shield Hardener I,动能护盾增强器 I,
type,Kinetic Shield Hardener II,动能护盾增强器 II,
type,Kirin,麒麟级,ship
type,Kitsune,狐妖级,ship
type,Komodo,科莫多级,ship
type,Korako's Modified Drone Control Unit,克拉克氏改良型无人机控制单元,
type,Korrani's DNA,克拉尼的DNA,
type,Kronos,克洛诺斯级,ship
type,Kruul's DNA,克鲁乌尔的DNA,
type,Kryos,克琉斯级,ship
type,Krystallos,冰晶矿,
type,Kylixium,克里石,
type,Kylixium II-Grade,克里石（2级）,
type,Kylixium III-Grade,克里石（3级）,
type,Kylixium IV-Grade,克里石（4级）,
type,Lachesis,拉克希斯级,ship
type,Ladar ECM I,光雷达ECM I,
type,Ladar ECM II,光雷达ECM II,
type,Ladar Sensor Cluster,光雷达感应器组,
type,Ladar-FTL Interlink Communicator,光雷达超光速链接通信器,
type,Laelaps,猎獒级,ship
type,Languid Enduring Ladar ECM,倦怠持久型光雷达ECM,
type,Lanthanum Metallofullerene,金属富勒烯镧,
type,Large 'Fortizar' Citadel BPC Token,大型铁壁堡垒蓝图拷贝凭证,
type,Large 'Hope' Hull Reconstructor I,曙光大型结构再造装置 I,
type,Large 'Integrative' Hull Repair Unit,一体化大型结构维修组件,
type,Large 'Outlaw' Shield Booster,放逐大型护盾回充增量器,
type,Large 'Sheriff' Shield Extender,警长大型护盾扩展装置,
type,Large ACM Compact Armor Repairer,大型ACM紧凑型装甲维修器,
type,Large Algid Energy Administrations Unit I,大型冷凝能量管理单元 I,
type,Large Algid Energy Administrations Unit II,大型冷凝能量管理单元 II,
type,Large Algid Hybrid Administrations Unit I,大型冷凝混合管理单元 I,
type,Large Algid Hybrid Administrations Unit II,大型冷凝混合管理单元 II,
type,Large Ancillary Armor Repairer,大型辅助装甲维修器,
type,Large Ancillary Current Router I,大型辅助电源路由器 I,
type,Large Ancillary Current Router II,大型辅助电源路由器 II,
type,Large Ancillary Remote Armor Repairer,大型辅助远程装甲维修器,
type,Large Ancillary Remote Shield Booster,大型辅助护盾远程回充增量器,
type,Large Ancillary Shield Booster,大型辅助护盾回充增量器,
type,Large Armor Repairer I,大型装甲维修器 I,
type,Large Armor Repairer II,大型装甲维修器 II,
type,Large Artillery Battery,大型火炮塔台,
type,Large Asteroid Ore Compressor I,大型小行星矿石压缩装置 I,
type,Large Asymmetric Enduring Remote Shield Booster,大型不对称持久型远程护盾回充增量器,
type,Large AutoCannon Battery,大型自动加农炮塔台,
type,Large Automated Structural Restoration,大型自动结构复位装置,
type,Large Auxiliary Nano Pump I,大型辅助纳米聚合器 I,
type,Large Auxiliary Nano Pump II,大型辅助纳米聚合器 II,
type,Large Auxiliary Thrusters I,大型辅助推进器 I,
type,Large Auxiliary Thrusters II,大型辅助推进器 II,
type,Large Azeotropic Restrained Shield Extender,大型恒沸点抑制型护盾扩展装置,
type,Large Bay Loading Accelerator I,大型装卸加速装置 I,
type,Large Bay Loading Accelerator II,大型装卸加速装置 II,
type,Large Beam Laser Battery,大型集束激光炮台,
type,Large Blaster Battery,大型疾速炮台,
type,Large C5-L Compact Shield Booster,大型C5-L紧凑型护盾回充增量器,
type,Large Cap Battery I,大型电容器电池 I,
type,Large Cap Battery II,大型电容器电池 II,
type,Large Capacitor Control Circuit I,大型电容器控制电路 I,
type,Large Capacitor Control Circuit II,大型电容器控制电路 II,
type,Large Cargohold Optimization I,大型货柜舱优化改造 I,
type,Large Cargohold Optimization II,大型货柜舱优化改造 II,
type,Large Clarity Ward Enduring Shield Booster,大型清澈防御持久型护盾回充增量器,
type,Large Coaxial Compact Remote Armor Repairer,大型共轴紧凑型远程装甲维修器,
type,Large Command Processor I,大型指挥处理器 I,
type,Large Compact Pb-Acid Cap Battery,大型紧凑型铅酸电容器电池,
type,Large Compact Vorton Projector,大型紧凑型电弧弦投射器,
type,Large Consortium Vorton Projector,大型财团电弧弦投射器,
type,Large Core Defense Capacitor Safeguard I,大型核心防御电容器安全管理装置 I,
type,Large Core Defense Capacitor Safeguard II,大型核心防御电容器安全管理装置 II,
type,Large Core Defense Charge Economizer I,大型核心防御节能装置 I,
type,Large Core Defense Charge Economizer II,大型核心防御节能装置 II,
type,Large Core Defense Field Extender I,大型核心防御力场扩张装置 I,
type,Large Core Defense Field Extender II,大型核心防御力场扩张装置 II,
type,Large Core Defense Field Purger I,大型核心防御力场稳固装置 I,
type,Large Core Defense Field Purger II,大型核心防御力场稳固装置 II,
type,Large Core Defense Operational Solidifier I,大型核心防御操控稳定装置 I,
type,Large Core Defense Operational Solidifier II,大型核心防御操控稳定装置 II,
type,Large Drone Control Range Augmentor I,大型无人机控制范围扩大装置 I,
type,Large Drone Control Range Augmentor II,大型无人机控制范围扩大装置 II,
type,Large Drone Durability Enhancer I,大型无人机耐用性增强装置 I,
type,Large Drone Durability Enhancer II,大型无人机耐用性增强装置 II,
type,Large Drone Mining Augmentor I,大型无人机采矿增量器 I,
type,Large Drone Mining Augmentor II,大型无人机采矿增量器 II,
type,Large Drone Repair Augmentor I,大型无人机维修加速器 I,
type,Large Drone Repair Augmentor II,大型无人机维修加速器 II,
type,Large Drone Scope Chip I,大型无人机射距芯片 I,
type,Large Drone Scope Chip II,大型无人机射距芯片 II,
type,Large Drone Speed Augmentor I,大型无人机增速装置 I,
type,Large Drone Speed Augmentor II,大型无人机增速装置 II,
type,Large Dynamic Fuel Valve I,大型动态燃料控制阀 I,
type,Large Dynamic Fuel Valve II,大型动态燃料控制阀 II,
type,Large Egress Port Maximizer I,大型出口端口放大器 I,
type,Large Egress Port Maximizer II,大型出口端口放大器 II,
type,Large EM Armor Reinforcer I,大型电磁装甲强化装置 I,
type,Large EM Armor Reinforcer II,大型电磁装甲强化装置 II,
type,Large EM Shield Reinforcer I,大型电磁护盾强化装置 I,
type,Large EM Shield Reinforcer II,大型电磁护盾强化装置 II,
type,Large Emission Scope Sharpener I,大型放射范围约束装置 I,
type,Large Emission Scope Sharpener II,大型放射范围约束装置 II,
type,Large EMP Smartbomb I,大型EMP立体炸弹 I,
type,Large EMP Smartbomb II,大型EMP立体炸弹 II,
type,Large Energy Ambit Extension I,大型能量武器范围扩大设备 I,
type,Large Energy Ambit Extension II,大型能量武器范围扩大设备 II,
type,Large Energy Burst Aerator I,大型能量武器发散调节装置 I,
type,Large Energy Burst Aerator II,大型能量武器发散调节装置 II,
type,Large Energy Collision Accelerator I,大型能量武器冲击加速器 I,
type,Large Energy Collision Accelerator II,大型能量武器冲击加速器 II,
type,Large Energy Discharge Elutriation I,大型能量武器释放过滤器 I,
type,Large Energy Discharge Elutriation II,大型能量武器释放过滤器 II,
type,Large Energy Locus Coordinator I,大型能量武器轨迹校准设备 I,
type,Large Energy Locus Coordinator II,大型能量武器轨迹校准设备 II,
type,Large Energy Metastasis Adjuster I,大型能量武器急转控制器 I,
type,Large Energy Metastasis Adjuster II,大型能量武器急转控制器 II,
type,Large Engine Thermal Shielding I,大型引擎热能防护装置 I,
type,Large Engine Thermal Shielding II,大型引擎热能防护装置 II,
type,Large Explosive Armor Reinforcer I,大型爆炸装甲强化装置 I,
type,Large Explosive Armor Reinforcer II,大型爆炸装甲强化装置 II,
type,Large Explosive Shield Reinforcer I,大型爆炸护盾强化装置 I,
type,Large Explosive Shield Reinforcer II,大型爆炸护盾强化装置 II,
type,Large F-S9 Regolith Compact Shield Extender,大型F-S9覆盖式紧凑型护盾扩展装置,
type,Large Gas Compressor I,大型气云压缩装置 I,
type,Large Graviton Smartbomb I,大型引力子立体炸弹 I,
type,Large Graviton Smartbomb II,大型引力子立体炸弹 II,
type,Large Gravity Capacitor Upgrade I,大型引力电容器升级 I,
type,Large Gravity Capacitor Upgrade II,大型引力电容器升级 II,
type,Large Higgs Anchor I,大型希格斯粒子锚 I,
type,Large Hull Repairer I,大型结构维修器 I,
type,Large Hull Repairer II,大型结构维修器 II,
type,Large Hybrid Ambit Extension I,大型混合武器范围扩大装置 I,
type,Large Hybrid Ambit Extension II,大型混合武器范围扩大装置 II,
type,Large Hybrid Burst Aerator I,大型混合武器射速调节装置 I,
type,Large Hybrid Burst Aerator II,大型混合武器射速调节装置 II,
type,Large Hybrid Collision Accelerator I,大型混合武器冲击加速器 I,
type,Large Hybrid Collision Accelerator II,大型混合武器冲击加速器 II,
type,Large Hybrid Discharge Elutriation I,大型混合武器节能设备 I,
type,Large Hybrid Discharge Elutriation II,大型混合武器节能设备 II,
type,Large Hybrid Locus Coordinator I,大型混合武器轨迹校准设备 I,
type,Large Hybrid Locus Coordinator II,大型混合武器轨迹校准设备 II,
type,Large Hybrid Metastasis Adjuster I,大型混合武器急转控制器 I,
type,Large Hybrid Metastasis Adjuster II,大型混合武器急转控制器 II,
type,Large Hydraulic Bay Thrusters I,大型液压舱推进器 I,
type,Large Hydraulic Bay Thrusters II,大型液压舱推进器 II,
type,Large Hyperspatial Velocity Optimizer I,大型超空间速度调节器 I,
type,Large Hyperspatial Velocity Optimizer II,大型超空间速度调节器 II,
type,Large I-a Enduring Armor Repairer,大型I-a持久型装甲维修器,
type,Large I-ax Enduring Remote Armor Repairer,大型I-ax持久型远程装甲维修器,
type,Large I-b Polarized Structural Regenerator,大型I-b偏振式结构再生器,
type,Large Ice Compressor I,大型冰矿压缩装置 I,
type,Large Inductive Compact Remote Capacitor Transmitter,大型感应紧凑型远程电容传输装置,
type,Large Industrial Core I,大型工业核心 I,
type,Large Industrial Core II,大型工业核心 II,
type,Large Inefficient Hull Repair Unit,大型基础结构维修组件,
type,Large Inverted Signal Field Projector I,大型反信号区域投射器 I,
type,Large Inverted Signal Field Projector II,大型反信号区域投射器 II,
type,Large Ionic Field Projector I,大型离子力场投射器 I,
type,Large Ionic Field Projector II,大型离子力场投射器 II,
type,Large Kinetic Armor Reinforcer I,大型动能装甲强化装置 I,
type,Large Kinetic Armor Reinforcer II,大型动能装甲强化装置 II,
type,Large Kinetic Shield Reinforcer I,大型动能护盾强化装置 I,
type,Large Kinetic Shield Reinforcer II,大型动能护盾强化装置 II,
type,Large Liquid Cooled Electronics I,大型水冷电子设备 I,
type,Large Liquid Cooled Electronics II,大型水冷电子设备 II,
type,Large Low Friction Nozzle Joints I,大型低摩擦喷嘴接口 I,
type,Large Low Friction Nozzle Joints II,大型低摩擦喷嘴接口 II,
type,Large Memetic Algorithm Bank I,大型弥集进化演算法数据库 I,
type,Large Memetic Algorithm Bank II,大型弥集进化演算法数据库 II,
type,Large Mercoxit Compressor I,大型基腹断岩压缩装置 I,
type,Large Micro Jump Drive,大型微型跳跃引擎,
type,Large Moon Ore Compressor I,大型卫星矿石压缩装置 I,
type,Large Murky Compact Remote Shield Booster,大型昏暗紧凑型远程护盾回充增量器,
type,Large Mutaplasmid Residue,大型突变质体残渣,
type,Large Nanobot Accelerator I,大型纳米机器人加速器 I,
type,Large Nanobot Accelerator II,大型纳米机器人加速器 II,
type,Large Particle Dispersion Augmentor I,大型粒子散布放大器 I,
type,Large Particle Dispersion Augmentor II,大型粒子散布放大器 II,
type,Large Particle Dispersion Projector I,大型粒子散布投放器 I,
type,Large Particle Dispersion Projector II,大型粒子散布投放器 II,
type,Large Plasma Smartbomb I,大型等离子立体炸弹 I,
type,Large Plasma Smartbomb II,大型等离子立体炸弹 II,
type,Large Polycarbon Engine Housing I,大型复合碳素引擎舱 I,
type,Large Polycarbon Engine Housing II,大型复合碳素引擎舱 II,
type,Large Powergrid Subroutine Maximizer I,大型能量栅格子程序优化器 I,
type,Large Powergrid Subroutine Maximizer II,大型能量栅格子程序优化器 II,
type,Large Processor Overclocking Unit I,大型处理器超频组件 I,
type,Large Processor Overclocking Unit II,大型处理器超频组件 II,
type,Large Projectile Ambit Extension I,大型射弹武器范围扩大装置 I,
type,Large Projectile Ambit Extension II,大型射弹武器范围扩大装置 II,
type,Large Projectile Burst Aerator I,大型射弹武器射速调节装置 I,
type,Large Projectile Burst Aerator II,大型射弹武器射速调节装置 II,
type,Large Projectile Collision Accelerator I,大型射弹武器冲击加速器 I,
type,Large Projectile Collision Accelerator II,大型射弹武器冲击加速器 II,
type,Large Projectile Locus Coordinator I,大型射弹武器轨迹校准设备 I,
type,Large Projectile Locus Coordinator II,大型射弹武器轨迹校准设备 II,
type,Large Projectile Metastasis Adjuster I,大型射弹武器急转控制器 I,
type,Large Projectile Metastasis Adjuster II,大型射弹武器急转控制器 II,
type,Large Proton Smartbomb I,大型质子立体炸弹 I,
type,Large Proton Smartbomb II,大型质子立体炸弹 II,
type,Large Pulse Laser Battery,大型脉冲激光炮台,
type,Large Radiative Scoped Remote Capacitor Transmitter,大型辐射视野型远程电容传输装置,
type,Large Railgun Battery,大型磁轨炮台,
type,Large Remote Armor Repairer I,大型远程装甲维修器 I,
type,Large Remote Armor Repairer II,大型远程装甲维修器 II,
type,Large Remote Capacitor Transmitter I,大型远程电容传输装置 I,
type,Large Remote Capacitor Transmitter II,大型远程电容传输装置 II,
type,Large Remote Hull Repairer I,大型远程结构维修器 I,
type,Large Remote Hull Repairer II,大型远程结构维修器 II,
type,Large Remote Repair Augmentor I,大型远程维修增效器 I,
type,Large Remote Repair Augmentor II,大型远程维修增效器 II,
type,Large Remote Shield Booster I,大型远程护盾回充增量器 I,
type,Large Remote Shield Booster II,大型远程护盾回充增量器 II,
type,Large Rocket Fuel Cache Partition I,大型火箭燃料缓冲隔离装置 I,
type,Large Rocket Fuel Cache Partition II,大型火箭燃料缓冲隔离装置 II,
type,Large S95a Scoped Remote Shield Booster,大型S95a视野型远程护盾回充增量器,
type,Large Salvage Tackle I,大型打捞回收工具 I,
type,Large Salvage Tackle II,大型打捞回收工具 II,
type,Large Scoped Vorton Projector,大型视野型电弧弦投射器,
type,Large Semiconductor Memory Cell I,大型半导体记忆电池 I,
type,Large Semiconductor Memory Cell II,大型半导体记忆电池 II,
type,Large Sentry Damage Augmentor I,大型岗哨炮伤害增强设备 I,
type,Large Sentry Damage Augmentor II,大型岗哨炮伤害增强设备 II,
type,Large Shield Booster I,大型护盾回充增量器 I,
type,Large Shield Booster II,大型护盾回充增量器 II,
type,Large Shield Extender I,大型护盾扩充器I,
type,Large Shield Extender II,大型护盾扩展装置 II,
type,Large Ship Assembly Array,大型舰船组装阵列,
type,Large Signal Disruption Amplifier I,大型信号干扰增效装置 I,
type,Large Signal Disruption Amplifier II,大型信号干扰增效装置 II,
type,Large Signal Focusing Kit I,大型信号集中设备 I,
type,Large Signal Focusing Kit II,大型信号集中设备 II,
type,Large Solace Scoped Remote Armor Repairer,大型抚慰视野型远程装甲维修器,
type,Large Stasis Drone Augmentor I,大型停滞无人机增强设备 I,
type,Large Stasis Drone Augmentor II,大型停滞无人机增强设备 II,
type,Large Targeting System Subcontroller I,大型锁定系统辅助控制器 I,
type,Large Targeting System Subcontroller II,大型锁定系统辅助控制器 II,
type,Large Targeting Systems Stabilizer I,大型锁定系统稳定器 I,
type,Large Targeting Systems Stabilizer II,大型锁定系统稳定器 II,
type,Large Thermal Armor Reinforcer I,大型热能装甲强化装置 I,
type,Large Thermal Armor Reinforcer II,大型热能装甲强化装置 II,
type,Large Thermal Shield Reinforcer I,大型热能护盾强化装置 I,
type,Large Thermal Shield Reinforcer II,大型热能护盾强化装置 II,
type,Large Tracking Diagnostic Subroutines I,大型跟踪诊断子程序 I,
type,Large Tracking Diagnostic Subroutines II,大型跟踪诊断子程序 II,
type,Large Transverse Bulkhead I,大型横贯舱壁 I,
type,Large Transverse Bulkhead II,大型横贯舱壁 II,
type,Large Trimark Armor Pump I,大型三角装甲聚合器 I,
type,Large Trimark Armor Pump II,大型三角装甲聚合器 II,
type,Large Vorton Projector I,大型电弧弦投射器 I,
type,Large Vorton Projector II,大型电弧弦投射器 II,
type,Large Warhead Calefaction Catalyst I,大型弹头加热辅助系统 I,
type,Large Warhead Calefaction Catalyst II,大型弹头加热辅助系统 II,
type,Large Warhead Flare Catalyst I,大型弹头爆燃辅助系统 I,
type,Large Warhead Flare Catalyst II,大型弹头爆燃辅助系统 II,
type,Large Warhead Rigor Catalyst I,大型弹头强化辅助系统 I,
type,Large Warhead Rigor Catalyst II,大型弹头强化辅助系统 II,
type,Large Warp Core Optimizer I,大型跃迁核心优化系统 I,
type,Large Warp Core Optimizer II,大型跃迁核心优化系统 II,
type,Laser Focusing Crystals,激光器定焦水晶,
type,Lattice Locked Dekaisogen,晶格锁定同位聚合体,
type,Lavish Chromite,丰铬铁矿,
type,Lavish Otavite,丰菱镉矿,
type,Lavish Sperrylite,丰砷铂矿,
type,Lavish Vanadinite,丰钒铅矿,
type,Layered Coating I,覆层式涂层 I,
type,Layered Coating II,覆层式涂层 II,
type,Layered Energized Membrane I,覆层电压薄膜 I,
type,Layered Energized Membrane II,覆层电压薄膜 II,
type,Lazarus's Tag,拉扎鲁斯的铭牌,
type,Lead Charge L,铅质轨道弹 L,
type,Lead Charge M,铅质轨道弹 M,
type,Lead Charge S,铅质轨道弹 S,
type,Lead Charge XL,铅质轨道弹 XL,
type,Legends Medal,光荣舰长奖章,
type,Legion,圣卒级,ship
type,Legion Core - Augmented Antimatter Reactor,圣卒核心 - 增强反物质反应堆,
type,Legion Core - Dissolution Sequencer,圣卒核心 - 散解程控装置,
type,Legion Core - Energy Parasitic Complex,圣卒核心 - 能量寄取集成体,
type,Legion Defensive - Augmented Plating,圣卒防御 - 增强装甲板,
type,Legion Defensive - Covert Reconfiguration,圣卒防御 - 隐形优化器,
type,Legion Defensive - Nanobot Injector,圣卒防御 - 纳米机器人喷注器,
type,Legion Gravimetric ECM,莫德团引力ECM,
type,Legion Inferno Auto-Targeting Cruise Missile,莫德团炼狱自动锁定巡航导弹,
type,Legion Inferno Auto-Targeting Heavy Missile,莫德团炼狱自动锁定重型导弹,
type,Legion Inferno Auto-Targeting Light Missile,莫德团炼狱自动锁定轻型导弹,
type,Legion Ladar ECM,莫德团光雷达ECM,
type,Legion Magnetometric ECM,莫德团磁力ECM,
type,Legion Mjolnir Auto-Targeting Cruise Missile,莫德团雷神自动锁定巡航导弹,
type,Legion Mjolnir Auto-Targeting Heavy Missile,莫德团雷神自动锁定重型导弹,
type,Legion Mjolnir Auto-Targeting Light Missile,莫德团雷神自动锁定轻型导弹,
type,Legion Multispectral ECM,莫德团多谱式ECM,
type,Legion Nova Auto-Targeting Cruise Missile,莫德团星爆自动锁定巡航导弹,
type,Legion Nova Auto-Targeting Heavy Missile,莫德团星爆自动锁定重型导弹,
type,Legion Nova Auto-Targeting Light Missile,莫德团星爆自动锁定轻型导弹,
type,Legion Offensive - Assault Optimization,圣卒攻击 - 攻击导弹优化器,
type,Legion Offensive - Liquid Crystal Magnifiers,圣卒攻击 - 液晶放大器,
type,Legion Offensive - Support Processor,圣卒攻击 - 后勤处理器,
type,Legion Propulsion - Intercalated Nanofibers,圣卒推进 - 间层纳米纤维,
type,Legion Propulsion - Interdiction Nullifier,圣卒推进 - 拦截湮灭者,
type,Legion Propulsion - Wake Limiter,圣卒推进 - 尾迹抑制器,
type,Legion Radar ECM,莫德团雷达ECM,
type,Legion Scourge Auto-Targeting Cruise Missile,莫德团鞭挞自动锁定巡航导弹,
type,Legion Scourge Auto-Targeting Heavy Missile,莫德团鞭挞自动锁定重型导弹,
type,Legion Scourge Auto-Targeting Light Missile,莫德团鞭挞自动锁定轻型导弹,
type,Leopard,美洲豹级,ship
type,Leshak,勒沙克级,ship
type,Leviathan,勒维亚坦级,ship
type,LFT Enduring Sensor Dampener,LFT持久型感应抑阻器,
type,Liberation Games Reward Token,独立日竞赛奖励凭证,
type,Lif,利夫级,ship
type,Life Support Backup Unit,生命保障备份装置,
type,Ligature Integrated Analyzer,绷带集成式分析仪,
type,Light Armor Maintenance Bot I,轻型装甲维护机器人 I,
type,Light Armor Maintenance Bot II,轻型装甲维护机器人 II,
type,Light Compact Entropic Disintegrator,轻型紧凑型熵能分解者,
type,Light Electron Blaster I,轻型电子疾速炮 I,
type,Light Electron Blaster II,轻型电子疾速炮 II,
type,Light Entropic Disintegrator I,轻型熵能分解者 I,
type,Light Entropic Disintegrator II,轻型熵能分解者 II,
type,Light Hull Maintenance Bot I,轻型船体维护机器人 I,
type,Light Hull Maintenance Bot II,轻型船体维护机器人 II,
type,Light Ion Blaster I,轻型离子疾速炮 I,
type,Light Ion Blaster II,轻型离子疾速炮 II,
type,Light Missile Launcher I,轻型导弹发射器 I,
type,Light Missile Launcher II,轻型导弹发射器 II,
type,Light Neutron Blaster I,轻型中子疾速炮 I,
type,Light Neutron Blaster II,轻型中子疾速炮 II,
type,Light Scoped Entropic Disintegrator,轻型视野型熵能分解者,
type,Light Shield Maintenance Bot I,轻型护盾维护机器人 I,
type,Light Shield Maintenance Bot II,轻型护盾维护机器人 II,
type,Limited 'Limos' Heavy Assault Missile Launcher I,限量型房车重型攻击导弹发射器 I,
type,Limited 'Limos' Rapid Light Missile Launcher,限量型房车轻型快速导弹发射器,
type,Limited 'Limos' Torpedo Launcher,限量型房车鱼雷发射器,
type,Limited Cybernetic Subprocessor,初级脑控次处理器,
type,Limited Cybernetic Subprocessor - Beta,初级脑控次处理器—加强版,
type,Limited Electron Blaster Cannon I,有限电子疾速加农炮 I,
type,Limited Electron Blaster I,有限电子疾速炮 I,
type,Limited Expanded 'Archiver' Cargo,档案员有限扩充货柜,
type,Limited Hyperspatial Accelerator,限量型空间加速装置,
type,Limited Ion Blaster I,有限离子疾速炮 I,
type,Limited Jump Drive Economizer,限量型跳跃引擎节能装置,
type,Limited Light Electron Blaster I,有限轻型电子疾速炮 I,
type,Limited Light Ion Blaster I,有限轻型离子疾速炮 I,
type,Limited Light Neutron Blaster I,有限轻型中子疾速炮 I,
type,Limited Mega Ion Blaster I,有限超级离子疾速炮 I,
type,Limited Mega Neutron Blaster I,有限超级中子疾速炮 I,
type,Limited Memory Augmentation,初级记忆增强体,
type,Limited Memory Augmentation - Beta,初级记忆增强体—加强版,
type,Limited Neural Boost,初级神经增效体,
type,Limited Neural Boost - Beta,初级神经增效体—加强版,
type,Limited Neutron Blaster I,有限中子疾速炮 I,
type,Limited Ocular Filter,初级视觉滤镜,
type,Limited Ocular Filter - Beta,初级视觉滤镜—加强版,
type,Limited Precise Ion Siege Blaster,限量型精准离子会战疾速炮,
type,Limited Precise Triple Neutron Blaster Cannon,限量型精准三中子疾速加农炮,
type,Limited Social Adaptation Chip,初级社交适应芯片,
type,Limited Social Adaptation Chip - Beta,初级社交适应芯片—加强版,
type,Linear Shield Emitter,线性护盾能量发射器,
type,Linked Enduring Remote Sensor Booster,连接式持久型远程感应增强器,
type,Liquid Ozone,液化臭氧,
type,LM-Composite Molecular Condenser,LM复合分子冷凝器,
type,Lockbreaker Bomb,锁断者炸弹,
type,Locust I,蚱蜢 I,
type,Locust II,蚱蜢 II,
type,Loggerhead,赤龟级,ship
type,Logic Circuit,逻辑电路,
type,Loki,洛基级,ship
type,Loki Core - Augmented Nuclear Reactor,洛基核心 - 增强核反应堆,
type,Loki Core - Dissolution Sequencer,洛基核心 - 散解程控装置,
type,Loki Core - Immobility Drivers,洛基核心 - 停滞光束驱动器,
type,Loki Defensive - Adaptive Defense Node,洛基防御 - 自适应防御节点,
type,Loki Defensive - Augmented Durability,洛基防御 - 增强耐用装置,
type,Loki Defensive - Covert Reconfiguration,洛基防御 - 隐形优化器,
type,Loki Offensive - Launcher Efficiency Configuration,洛基攻击 - 发射器增效装置,
type,Loki Offensive - Projectile Scoping Array,洛基攻击 - 弹道描迹阵列,
type,Loki Offensive - Support Processor,洛基攻击 - 后勤处理器,
type,Loki Propulsion - Intercalated Nanofibers,洛基推进 - 间层纳米纤维,
type,Loki Propulsion - Interdiction Nullifier,洛基推进 - 拦截湮灭者,
type,Loki Propulsion - Wake Limiter,洛基推进 - 尾迹抑制器,
type,Long-limb Roes,长肢龙鹿的卵,
type,Loparite,铈铌钙钛矿,
type,Lorentz Fluid,洛伦兹流体,
type,Lorharyth’s Modified Inertial Stabilizer,洛哈里斯改进型惯性稳定器,
type,Low-grade Amulet Alpha,低级辟邪 - 阿尔法型,
type,Low-grade Amulet Beta,低级辟邪 - 贝它型,
type,Low-grade Amulet Delta,低级辟邪 - 德尔塔型,
type,Low-grade Amulet Epsilon,低级辟邪 - 伊普西隆型,
type,Low-grade Amulet Gamma,低级辟邪 - 伽玛型,
type,Low-grade Amulet Omega,低级辟邪 - 欧米伽型,
type,Low-grade Asklepian Alpha,低级阿斯克雷—阿尔法型,
type,Low-grade Asklepian Beta,低级阿斯克雷—贝它型,
type,Low-grade Asklepian Delta,低级阿斯克雷—德尔塔型,
type,Low-grade Asklepian Epsilon,低级阿斯克雷—伊普西隆型,
type,Low-grade Asklepian Gamma,低级阿斯克雷—伽玛型,
type,Low-grade Asklepian Omega,低级阿斯克雷—欧米伽型,
type,Low-grade Centurion Alpha,低级百夫长—阿尔法型,
type,Low-grade Centurion Beta,低级百夫长—贝它型,
type,Low-grade Centurion Delta,低级百夫长—德尔塔型,
type,Low-grade Centurion Epsilon,低级百夫长—伊普西隆型,
type,Low-grade Centurion Gamma,低级百夫长—伽玛型,
type,Low-grade Centurion Omega,低级百夫长—欧米伽型,
type,Low-grade Crystal Alpha,低级水晶—阿尔法型,
type,Low-grade Crystal Beta,低级水晶—贝它型,
type,Low-grade Crystal Delta,低级水晶—德尔塔型,
type,Low-grade Crystal Epsilon,低级水晶—伊普西隆型,
type,Low-grade Crystal Gamma,低级水晶—伽玛型,
type,Low-grade Crystal Omega,低级水晶—欧米伽型,
type,Low-grade Edge Alpha,低级强势–阿尔法型,
type,Low-grade Edge Beta,低级强势–贝它型,
type,Low-grade Edge Delta,低级强势–德尔塔型,
type,Low-grade Edge Epsilon,低级强势–伊普西隆型,
type,Low-grade Edge Gamma,低级强势–伽玛型,
type,Low-grade Edge Omega,低级强势– 欧米伽型,
type,Low-grade Grail Alpha,低级圣杯-阿尔法型,
type,Low-grade Grail Beta,低级圣杯-贝它型,
type,Low-grade Grail Delta,低级圣杯-德尔塔型,
type,Low-grade Grail Epsilon,低级圣杯-伊普西隆型,
type,Low-grade Grail Gamma,低级圣杯-伽玛型,
type,Low-grade Grail Omega,低级圣杯-欧米伽型,
type,Low-grade Halo Alpha,低级圣光—阿尔法型,
type,Low-grade Halo Beta,低级圣光—贝它型,
type,Low-grade Halo Delta,低级圣光—德尔塔型,
type,Low-grade Halo Epsilon,低级圣光—伊普西隆型,
type,Low-grade Halo Gamma,低级圣光—伽玛型,
type,Low-grade Halo Omega,低级圣光—欧米伽型,
type,Low-grade Harvest Alpha,低级采集—阿尔法型,
type,Low-grade Harvest Beta,低级采集—贝它型,
type,Low-grade Harvest Delta,低级采集—德尔塔型,
type,Low-grade Harvest Epsilon,低级采集—伊普西隆型,
type,Low-grade Harvest Gamma,低级采集—伽玛型,
type,Low-grade Harvest Omega,低级采集—欧米伽型,
type,Low-grade Hydra Alpha,低级九头蛇 - 阿尔法型,
type,Low-grade Hydra Beta,低级九头蛇 - 贝它型,
type,Low-grade Hydra Delta,低级九头蛇 - 德尔塔型,
type,Low-grade Hydra Epsilon,低级九头蛇 - 伊普西隆型,
type,Low-grade Hydra Gamma,低级九头蛇 - 伽玛型,
type,Low-grade Hydra Omega,低级九头蛇 - 欧米伽型,
type,Low-grade Jackal Alpha,低级豺狼-阿尔法型,
type,Low-grade Jackal Beta,低级豺狼-贝它型,
type,Low-grade Jackal Delta,低级豺狼-德尔塔型,
type,Low-grade Jackal Epsilon,低级豺狼-伊普西隆型,
type,Low-grade Jackal Gamma,低级豺狼-伽玛型,
type,Low-grade Jackal Omega,低级豺狼-欧米伽型,
type,Low-grade Mimesis Alpha,低级仿生- 阿尔法型,
type,Low-grade Mimesis Beta,低级仿生- 贝它型,
type,Low-grade Mimesis Delta,低级仿生- 德尔塔型,
type,Low-grade Mimesis Epsilon,低级仿生- 伊普西隆型,
type,Low-grade Mimesis Gamma,低级仿生 - 伽玛型,
type,Low-grade Mimesis Omega,低级仿生 - 欧米伽型,
type,Low-grade Nirvana Alpha,低级极乐 - 阿尔法型,
type,Low-grade Nirvana Beta,低级极乐 - 贝它型,
type,Low-grade Nirvana Delta,低级极乐 - 德尔塔型,
type,Low-grade Nirvana Epsilon,低级极乐—伊普西隆型,
type,Low-grade Nirvana Gamma,低级极乐 - 伽玛型,
type,Low-grade Nirvana Omega,低级极乐 - 欧米伽型,
type,Low-grade Nomad Alpha,低级游牧者—阿尔法型,
type,Low-grade Nomad Beta,低级游牧者—贝它型,
type,Low-grade Nomad Delta,低级游牧者—德尔塔型,
type,Low-grade Nomad Epsilon,低级游牧者—伊普西隆型,
type,Low-grade Nomad Gamma,低级游牧者—伽玛型,
type,Low-grade Nomad Omega,低级游牧者—欧米伽型,
type,Low-grade Rapture Alpha,低级销魂 - 阿尔法型,
type,Low-grade Rapture Beta,低级销魂 - 贝它型,
type,Low-grade Rapture Delta,低级销魂 - 德尔塔型,
type,Low-grade Rapture Epsilon,低级销魂 - 伊普西隆型,
type,Low-grade Rapture Gamma,低级销魂 - 伽玛型,
type,Low-grade Rapture Omega,低级销魂 - 欧米伽型,
type,Low-grade Savior Alpha,低级救世 - 阿尔法型,
type,Low-grade Savior Beta,低级救世 - 贝它型,
type,Low-grade Savior Delta,低级救世 - 德尔塔型,
type,Low-grade Savior Epsilon,低级救世 - 伊普西隆型,
type,Low-grade Savior Gamma,低级救世 - 伽玛型,
type,Low-grade Savior Omega,低级救世 - 欧米伽型,
type,Low-grade Snake Alpha,低级蝰蛇—阿尔法型,
type,Low-grade Snake Beta,低级蝰蛇—贝它型,
type,Low-grade Snake Delta,低级蝰蛇—德尔塔型,
type,Low-grade Snake Epsilon,低级蝰蛇—伊普西隆型,
type,Low-grade Snake Gamma,低级蝰蛇—伽玛型,
type,Low-grade Snake Omega,低级蝰蛇—欧米伽型,
type,Low-grade Spur Alpha,低级马刺-阿尔法型,
type,Low-grade Spur Beta,低级马刺-贝它型,
type,Low-grade Spur Delta,低级马刺-德尔塔型,
type,Low-grade Spur Epsilon,低级马刺-伊普西隆型,
type,Low-grade Spur Gamma,低级马刺-伽玛型,
type,Low-grade Spur Omega,低级马刺-欧米伽型,
type,Low-grade Talisman Alpha,低级护符—阿尔法型,
type,Low-grade Talisman Beta,低级护符—贝它型,
type,Low-grade Talisman Delta,低级护符—德尔塔型,
type,Low-grade Talisman Epsilon,低级护符—伊普西隆型,
type,Low-grade Talisman Gamma,低级护符—伽玛型,
type,Low-grade Talisman Omega,低级护符—欧米伽型,
type,Low-grade Talon Alpha,低级魔爪-阿尔法型,
type,Low-grade Talon Beta,低级魔爪-贝它型,
type,Low-grade Talon Delta,低级魔爪-德尔塔型,
type,Low-grade Talon Epsilon,低级魔爪-伊普西隆型,
type,Low-grade Talon Gamma,低级魔爪-伽玛型,
type,Low-grade Talon Omega,低级魔爪-欧米伽型,
type,Low-grade Virtue Alpha,低级美德—阿尔法型,
type,Low-grade Virtue Beta,低级美德—贝它型,
type,Low-grade Virtue Delta,低级美德—德尔塔型,
type,Low-grade Virtue Epsilon,低级美德—伊普西隆型,
type,Low-grade Virtue Gamma,低级美德—伽玛型,
type,Low-grade Virtue Omega,低级美德—欧米伽型,
type,Low-grade Wedge Alpha,低级分裂阿尔法型,
type,Low-grade Wedge Beta,低级分裂贝它型,
type,Low-grade Wedge Delta,低级分裂德尔塔型,
type,Low-grade Wedge Epsilon,低级分裂伊普西隆型,
type,Low-grade Wedge Gamma,低级分裂伽玛型,
type,Low-grade Wedge Omega,低级分裂欧米伽型,
type,Lucent Compound,透光复合物,
type,Lustering Alloy,光泽合金,
type,M-36 Enduring Warp Disruption Field Generator,M-36持久型跃迁扰断力场发生器,
type,M51 Benefactor Compact Shield Recharger,M51感恩紧凑型护盾回充器,
type,Machariel,马克瑞级,ship
type,Mackinaw,麦基诺级,ship
type,Maelstrom,死亡漩涡级,ship
type,Magnate,富豪级,ship
type,Magnate Navy Issue,富豪级海军型,ship
type,Magnetic Field Stabilizer I,磁性力场稳定器 I,
type,Magnetic Field Stabilizer II,磁性力场稳定器 II,
type,Magnetometric ECM I,磁力ECM I,
type,Magnetometric ECM II,磁力ECM II,
type,Magnetometric Sensor Cluster,磁力感应器组,
type,Magnetometric-FTL Interlink Communicator,磁力超光速链接通信器,
type,Magpulse Thruster,磁脉冲推进器,
type,Magus,占星级,ship
type,Mainframe Bit,主机控制片,
type,Makra's Modified Micro Auxiliary Power Core,马卡拉改良微型辅助能源核心,
type,Makra's Modified Small Armor Repairer,马卡拉改良小型装甲维修器,
type,Makra's Modified Small Energy Neutralizer,马卡拉改良小型能量中和器,
type,Makra's Modified Small Energy Nosferatu,马卡拉改良小型掠能器,
type,Makra's Modified Small Focused Pulse Laser,马卡拉改良小型聚焦脉冲激光器,
type,Makra's Modified Small Remote Armor Repairer,马卡拉改良小型远程装甲维修器,
type,Makur's Modified Capacitor Power Relay,马库尔氏改良型电容能源继电器,
type,Malediction,咒灭级,ship
type,Malfunctioning Shield Emitter,出故障的护盾发射器,
type,Malice,恶意级,ship
type,Maller,暴君级,ship
type,Malleus I,槌骨 I,
type,Malleus II,槌骨 II,
type,Mamba,曼巴级,ship
type,Mammoth,猛犸级,ship
type,Manticore,蝎尾怪级,ship
type,Mantis I,螳螂 I,
type,Mantis II,螳螂 II,
type,Manufacturing Tools,生产工具,
type,Marines,海军陆战队员,
type,Mark I Compact Capacitor Flux Coil,紧凑型电容通量线圈MKI,
type,Mark I Compact Capacitor Power Relay,紧凑型电容能源继电器 MKI,
type,Mark I Compact Power Diagnostic System,紧凑型能源诊断系统 MKI,
type,Mark I Compact Reactor Control Unit,紧凑型反应堆控制元件MKI,
type,Mark I Compact Reinforced Bulkheads,紧凑型强化舱隔壁 MK I,
type,Mark I Compact Shield Flux Coil,紧凑型护盾通量线圈MKI,
type,Mark I Compact Shield Power Relay,紧凑型护盾能源继电器 MKI,
type,Marshal,元帅级,ship
type,Master-at-Arms Cerebral Accelerator,武器大师大脑加速器,
type,Mastodon,巨象级,ship
type,Material Acquisition Strong Box,物资集团保险柜,
type,Maulus,毛鲁斯级,ship
type,Maulus Navy Issue,毛鲁斯级海军型,ship
type,Mechanic Parts,机械部件,
type,Medium 'Astrahus' Citadel BPC Token,中型空堡堡垒蓝图拷贝凭证,
type,Medium 'Canyon' Shield Extender,峡谷中型护盾扩展装置,
type,Medium 'Ditch' Energy Neutralizer,中型沟渠能量中和器,
type,Medium 'Gattotte' Capacitor Booster,加多特中型电容注电器,
type,Medium 'Hope' Hull Reconstructor I,曙光中型结构再造装置 I,
type,Medium 'Integrative' Hull Repair Unit,一体化中型结构维修组件,
type,Medium 'Lone Ranger' Shield Booster,远骑兵中型护盾回充增量器,
type,Medium 'Strigoi' Energy Nosferatu,中型古墓恶灵掠能器,
type,Medium ACM Compact Armor Repairer,中型ACM紧凑型装甲维修器,
type,Medium Algid Energy Administrations Unit I,中型冷凝能量管理单元 I,
type,Medium Algid Energy Administrations Unit II,中型冷凝能量管理单元 II,
type,Medium Algid Hybrid Administrations Unit I,中型冷凝混合管理单元 I,
type,Medium Algid Hybrid Administrations Unit II,中型冷凝混合管理单元 II,
type,Medium Ancillary Armor Repairer,中型辅助装甲维修器,
type,Medium Ancillary Current Router I,中型辅助电源路由器 I,
type,Medium Ancillary Current Router II,中型辅助电源路由器 II,
type,Medium Ancillary Remote Armor Repairer,中型辅助远程装甲维修器,
type,Medium Ancillary Remote Shield Booster,中型辅助远程护盾回充增量器,
type,Medium Ancillary Shield Booster,中型辅助护盾回充增量器,
type,Medium Armor Maintenance Bot I,中型装甲维护机器人 I,
type,Medium Armor Maintenance Bot II,中型装甲维护机器人 II,
type,Medium Armor Repairer I,中型装甲维修器 I,
type,Medium Armor Repairer II,中型装甲维修器 II,
type,Medium Artillery Battery,中型火炮塔台,
type,Medium Asteroid Ore Compressor I,中型小行星矿石压缩装置 I,
type,Medium Asymmetric Enduring Remote Shield Booster,中型不对称持久型远程护盾回充增量器,
type,Medium AutoCannon Battery,中型自动加农炮塔台,
type,Medium Automated Structural Restoration,中型自动结构复位装置,
type,Medium Auxiliary Nano Pump I,中型辅助纳米聚合器 I,
type,Medium Auxiliary Nano Pump II,中型辅助纳米聚合器 II,
type,Medium Auxiliary Thrusters I,中型辅助推进器 I,
type,Medium Auxiliary Thrusters II,中型辅助推进器 II,
type,Medium Azeotropic Restrained Shield Extender,中型恒沸点抑制型护盾扩展装置,
type,Medium Bay Loading Accelerator I,中型装卸加速装置 I,
type,Medium Bay Loading Accelerator II,中型装卸加速装置 II,
type,Medium Beam Laser Battery,中型集束激光炮台,
type,Medium Biochemical Reactor Array,中型生化反应堆阵列,
type,Medium Blaster Battery,中型疾速炮台,
type,Medium Breacher Pod Launcher,中型突破者座舱发射器,
type,Medium C5-L Compact Shield Booster,中型C5-L紧凑型护盾回充增量器,
type,Medium Cap Battery I,中型电容器电池 I,
type,Medium Cap Battery II,中型电容器电池 II,
type,Medium Capacitor Booster I,中型电容注电器 I,
type,Medium Capacitor Booster II,中型电容注电器 II,
type,Medium Capacitor Control Circuit I,中型电容器控制电路 I,
type,Medium Capacitor Control Circuit II,中型电容器控制电路 II,
type,Medium Cargohold Optimization I,中型货柜舱优化改造 I,
type,Medium Cargohold Optimization II,中型货柜舱优化改造 II,
type,Medium Clarity Ward Enduring Shield Booster,中型清澈防御持久型护盾回充增量器,
type,Medium Coaxial Compact Remote Armor Repairer,中型共轴紧凑型远程装甲维修器,
type,Medium Command Processor I,中型指挥处理器 I,
type,Medium Compact Pb-Acid Cap Battery,中型紧凑型铅酸电容器电池,
type,Medium Compact Vorton Projector,中型紧凑型电弧弦投射器,
type,Medium Consortium Vorton Projector,中型财团电弧弦投射器,
type,Medium Core Defense Capacitor Safeguard I,中型核心防御电容器安全管理装置 I,
type,Medium Core Defense Capacitor Safeguard II,中型核心防御电容器安全管理装置 II,
type,Medium Core Defense Charge Economizer I,中型核心防御节能装置 I,
type,Medium Core Defense Charge Economizer II,中型核心防御节能装置 II,
type,Medium Core Defense Field Extender I,中型核心防御力场扩张装置 I,
type,Medium Core Defense Field Extender II,中型核心防御力场扩张装置 II,
type,Medium Core Defense Field Purger I,中型核心防御力场稳固装置 I,
type,Medium Core Defense Field Purger II,中型核心防御力场稳固装置 II,
type,Medium Core Defense Operational Solidifier I,中型核心防御操控稳定装置 I,
type,Medium Core Defense Operational Solidifier II,中型核心防御操控稳定装置 II,
type,Medium Deep Core Mining Optimization I,中型深层地核采矿优化I,
type,Medium Drone Control Range Augmentor I,中型无人机控制范围扩大装置 I,
type,Medium Drone Control Range Augmentor II,中型无人机控制范围扩大装置 II,
type,Medium Drone Durability Enhancer I,中型无人机耐用性增强装置 I,
type,Medium Drone Durability Enhancer II,中型无人机耐用性增强装置 II,
type,Medium Drone Mining Augmentor I,中型无人机采矿增量器 I,
type,Medium Drone Mining Augmentor II,中型无人机采矿增量器 II,
type,Medium Drone Repair Augmentor I,中型无人机维修加速器 I,
type,Medium Drone Repair Augmentor II,中型无人机维修加速器 II,
type,Medium Drone Scope Chip I,中型无人机巡航芯片 I,
type,Medium Drone Scope Chip II,中型无人机巡航芯片 II,
type,Medium Drone Speed Augmentor I,中型无人机增速装置 I,
type,Medium Drone Speed Augmentor II,中型无人机增速装置 II,
type,Medium Dynamic Fuel Valve I,中型动态燃料控制阀 I,
type,Medium Dynamic Fuel Valve II,中型动态燃料控制阀 II,
type,Medium Egress Port Maximizer I,中型出口端口放大器 I,
type,Medium Egress Port Maximizer II,中型出口端口放大器 II,
type,Medium EM Armor Reinforcer I,中型电磁装甲强化装置 I,
type,Medium EM Armor Reinforcer II,中型电磁装甲强化装置 II,
type,Medium EM Shield Reinforcer I,中型电磁护盾强化装置 I,
type,Medium EM Shield Reinforcer II,中型电磁护盾强化装置 II,
type,Medium Emission Scope Sharpener I,中型放射范围约束装置 I,
type,Medium Emission Scope Sharpener II,中型放射范围约束装置 II,
type,Medium EMP Smartbomb I,中型EMP立体炸弹 I,
type,Medium EMP Smartbomb II,中型EMP立体炸弹 II,
type,Medium Energy Ambit Extension I,中型能量武器范围扩大设备 I,
type,Medium Energy Ambit Extension II,中型能量武器范围扩大设备 II,
type,Medium Energy Burst Aerator I,中型能量武器发散调节装置 I,
type,Medium Energy Burst Aerator II,中型能量武器发散调节装置 II,
type,Medium Energy Collision Accelerator I,中型能量武器冲击加速器 I,
type,Medium Energy Collision Accelerator II,中型能量武器冲击加速器 II,
type,Medium Energy Discharge Elutriation I,中型能量武器释放过滤器 I,
type,Medium Energy Discharge Elutriation II,中型能量武器释放过滤器 II,
type,Medium Energy Locus Coordinator I,中型能量武器轨迹校准设备 I,
type,Medium Energy Locus Coordinator II,中型能量武器轨迹校准设备 II,
type,Medium Energy Metastasis Adjuster I,中型能量武器急转控制器 I,
type,Medium Energy Metastasis Adjuster II,中型能量武器急转控制器 II,
type,Medium Energy Neutralizer I,中型能量中和器 I,
type,Medium Energy Neutralizer II,中型能量中和器 II,
type,Medium Energy Nosferatu I,中型掠能器 I,
type,Medium Energy Nosferatu II,中型掠能器 II,
type,Medium Engine Thermal Shielding I,中型引擎热能防护装置 I,
type,Medium Engine Thermal Shielding II,中型引擎热能防护装置 II,
type,Medium Explosive Armor Reinforcer I,中型爆炸装甲强化装置 I,
type,Medium Explosive Armor Reinforcer II,中型爆炸装甲强化装置 II,
type,Medium Explosive Shield Reinforcer I,中型爆炸护盾强化装置 I,
type,Medium Explosive Shield Reinforcer II,中型爆炸护盾强化装置 II,
type,Medium F-RX Compact Capacitor Booster,中型F-RX紧凑型电容注电器,
type,Medium F-S9 Regolith Compact Shield Extender,中型F-S9覆盖式紧凑型护盾扩展装置,
type,Medium Gas Compressor I,中型气云压缩装置 I,
type,Medium Ghoul Compact Energy Nosferatu,中型盗墓者紧凑型掠能器,
type,Medium Graviton Smartbomb I,中型引力子立体炸弹 I,
type,Medium Graviton Smartbomb II,中型引力子立体炸弹 II,
type,Medium Gravity Capacitor Upgrade I,中型引力电容器升级 I,
type,Medium Gravity Capacitor Upgrade II,中型引力电容器升级 II,
type,Medium Gremlin Compact Energy Neutralizer,中型小鬼紧凑型能量中和器,
type,Medium Higgs Anchor I,中型希格斯粒子锚 I,
type,Medium Hull Maintenance Bot I,中型船体维护机器人 I,
type,Medium Hull Maintenance Bot II,中型船体维护机器人 II,
type,Medium Hull Repairer I,中型结构维修器 I,
type,Medium Hull Repairer II,中型结构维修器 II,
type,Medium Hybrid Ambit Extension I,中型混合武器范围扩大装置 I,
type,Medium Hybrid Ambit Extension II,中型混合武器范围扩大装置 II,
type,Medium Hybrid Burst Aerator I,中型混合武器射速调节装置 I,
type,Medium Hybrid Burst Aerator II,中型混合武器射速调节装置 II,
type,Medium Hybrid Collision Accelerator I,中型混合武器冲击加速器 I,
type,Medium Hybrid Collision Accelerator II,中型混合武器冲击加速器 II,
type,Medium Hybrid Discharge Elutriation I,中型混合武器节能设备 I,
type,Medium Hybrid Discharge Elutriation II,中型混合武器节能设备 II,
type,Medium Hybrid Locus Coordinator I,中型混合武器轨迹校准设备 I,
type,Medium Hybrid Locus Coordinator II,中型混合武器轨迹校准设备 II,
type,Medium Hybrid Metastasis Adjuster I,中型混合武器急转控制器 I,
type,Medium Hybrid Metastasis Adjuster II,中型混合武器急转控制器 II,
type,Medium Hydraulic Bay Thrusters I,中型液压舱推进器 I,
type,Medium Hydraulic Bay Thrusters II,中型液压舱推进器 II,
type,Medium Hyperspatial Velocity Optimizer I,中型超空间速度调节器 I,
type,Medium Hyperspatial Velocity Optimizer II,中型超空间速度调节器 II,
type,Medium I-a Enduring Armor Repairer,中型I-a持久型装甲维修器,
type,Medium I-ax Enduring Remote Armor Repairer,中型I-ax持久型远程装甲维修器,
type,Medium I-b Polarized Structural Regenerator,中型I-b偏振式结构再生器,
type,Medium Ice Harvester Accelerator I,中型冰矿采集器加速器 I,
type,Medium Inductive Compact Remote Capacitor Transmitter,中型感应紧凑型远程电容传输装置,
type,Medium Industrial Core I,中型工业核心 I,
type,Medium Industrial Core II,中型工业核心 II,
type,Medium Inefficient Hull Repair Unit,中型基础结构维修组件,
type,Medium Infectious Scoped Energy Neutralizer,中型传染视野型能量中和器,
type,Medium Inverted Signal Field Projector I,中型反信号区域投射器 I,
type,Medium Inverted Signal Field Projector II,中型反信号区域投射器 II,
type,Medium Ionic Field Projector I,中型离子力场投射器 I,
type,Medium Ionic Field Projector II,中型离子力场投射器 II,
type,Medium Kinetic Armor Reinforcer I,中型动能装甲强化装置 I,
type,Medium Kinetic Armor Reinforcer II,中型动能装甲强化装置 II,
type,Medium Kinetic Shield Reinforcer I,中型动能护盾强化装置 I,
type,Medium Kinetic Shield Reinforcer II,中型动能护盾强化装置 II,
type,Medium Knave Scoped Energy Nosferatu,中型流氓视野型掠能器,
type,Medium Liquid Cooled Electronics I,中型水冷电子设备 I,
type,Medium Liquid Cooled Electronics II,中型水冷电子设备 II,
type,Medium Low Friction Nozzle Joints I,中型低摩擦喷嘴接口 I,
type,Medium Low Friction Nozzle Joints II,中型低摩擦喷嘴接口 II,
type,Medium Memetic Algorithm Bank I,中型弥集进化演算法数据库 I,
type,Medium Memetic Algorithm Bank II,中型弥集进化演算法数据库 II,
type,Medium Micro Jump Drive,中型微型跳跃引擎,
type,Medium Murky Compact Remote Shield Booster,中型昏暗紧凑型远程护盾回充增量器,
type,Medium Mutaplasmid Residue,中型突变质体残渣,
type,Medium Nanobot Accelerator I,中型纳米机器人加速器 I,
type,Medium Nanobot Accelerator II,中型纳米机器人加速器 II,
type,Medium Particle Dispersion Augmentor I,中型粒子散布放大器 I,
type,Medium Particle Dispersion Augmentor II,中型粒子散布放大器 II,
type,Medium Particle Dispersion Projector I,中型粒子散布投放器 I,
type,Medium Particle Dispersion Projector II,中型粒子散布投放器 II,
type,Medium Plasma Smartbomb I,中型等离子立体炸弹 I,
type,Medium Plasma Smartbomb II,中型等离子立体炸弹 II,
type,Medium Polycarbon Engine Housing I,中型复合碳素引擎舱 I,
type,Medium Polycarbon Engine Housing II,中型复合碳素引擎舱 II,
type,Medium Powergrid Subroutine Maximizer I,中型能量栅格子程序优化器 I,
type,Medium Powergrid Subroutine Maximizer II,中型能量栅格子程序优化器 II,
type,Medium Processor Overclocking Unit I,中型处理器超频组件 I,
type,Medium Processor Overclocking Unit II,中型处理器超频组件 II,
type,Medium Projectile Ambit Extension I,中型射弹武器范围扩大装置 I,
type,Medium Projectile Ambit Extension II,中型射弹武器范围扩大装置 II,
type,Medium Projectile Burst Aerator I,中型射弹武器射速调节装置 I,
type,Medium Projectile Burst Aerator II,中型射弹武器射速调节装置 II,
type,Medium Projectile Collision Accelerator I,中型射弹武器冲击加速器 I,
type,Medium Projectile Collision Accelerator II,中型射弹武器冲击加速器 II,
type,Medium Projectile Locus Coordinator I,中型射弹武器轨迹校准设备 I,
type,Medium Projectile Locus Coordinator II,中型射弹武器轨迹校准设备 II,
type,Medium Projectile Metastasis Adjuster I,中型射弹武器急转控制器 I,
type,Medium Projectile Metastasis Adjuster II,中型射弹武器急转控制器 II,
type,Medium Proton Smartbomb I,中型质子立体炸弹 I,
type,Medium Proton Smartbomb II,中型质子立体炸弹 II,
type,Medium Pulse Laser Battery,中型脉冲激光炮台,
type,Medium Radiative Scoped Remote Capacitor Transmitter,中型辐射视野型远程电容传输装置,
type,Medium Railgun Battery,中型磁轨炮台,
type,Medium Remote Armor Repairer I,中型远程装甲维修器 I,
type,Medium Remote Armor Repairer II,中型远程装甲维修器 II,
type,Medium Remote Capacitor Transmitter I,中型远程电容传输装置 I,
type,Medium Remote Capacitor Transmitter II,中型远程电容传输装置 II,
type,Medium Remote Hull Repairer I,中型远程结构维修器 I,
type,Medium Remote Hull Repairer II,中型远程结构维修器 II,
type,Medium Remote Repair Augmentor I,中型远程维修增效器 I,
type,Medium Remote Repair Augmentor II,中型远程维修增效器 II,
type,Medium Remote Shield Booster I,中型远程护盾回充增量器 I,
type,Medium Remote Shield Booster II,中型远程护盾回充增量器 II,
type,Medium Rocket Fuel Cache Partition I,中型火箭燃料缓冲隔离装置 I,
type,Medium Rocket Fuel Cache Partition II,中型火箭燃料缓冲隔离装置 II,
type,Medium S95a Scoped Remote Shield Booster,中型S95a视野型远程护盾回充增量器,
type,Medium Salvage Tackle I,中型打捞回收工具 I,
type,Medium Salvage Tackle II,中型打捞回收工具 II,
type,Medium Scoped Vorton Projector,中型视野型电弧弦投射器,
type,Medium Semiconductor Memory Cell I,中型半导体记忆电池 I,
type,Medium Semiconductor Memory Cell II,中型半导体记忆电池 II,
type,Medium Sentry Damage Augmentor I,中型岗哨炮伤害增强设备 I,
type,Medium Sentry Damage Augmentor II,中型岗哨炮伤害增强设备 II,
type,Medium Shield Booster I,中型护盾回充增量器 I,
type,Medium Shield Booster II,中型护盾回充增量器 II,
type,Medium Shield Extender I,中型护盾扩展装置 I,
type,Medium Shield Extender II,中型护盾扩展装置 II,
type,Medium Shield Maintenance Bot I,中型护盾维护机器人 I,
type,Medium Shield Maintenance Bot II,中型护盾维护机器人 II,
type,Medium Ship Assembly Array,中型舰船组装阵列,
type,Medium Signal Disruption Amplifier I,中型信号干扰增效装置 I,
type,Medium Signal Disruption Amplifier II,中型信号干扰增效装置 II,
type,Medium Signal Focusing Kit I,中型信号集中设备 I,
type,Medium Signal Focusing Kit II,中型信号集中设备 II,
type,Medium Solace Scoped Remote Armor Repairer,中型抚慰视野型远程装甲维修器,
type,Medium Stasis Drone Augmentor I,中型停滞无人机增强设备 I,
type,Medium Stasis Drone Augmentor II,中型停滞无人机增强设备 II,
type,Medium Targeting System Subcontroller I,中型锁定系统辅助控制器 I,
type,Medium Targeting System Subcontroller II,中型锁定系统辅助控制器 II,
type,Medium Targeting Systems Stabilizer I,中型锁定系统稳定器 I,
type,Medium Targeting Systems Stabilizer II,中型锁定系统稳定器 II,
type,Medium Thermal Armor Reinforcer I,中型热能装甲强化装置 I,
type,Medium Thermal Armor Reinforcer II,中型热能装甲强化装置 II,
type,Medium Thermal Shield Reinforcer I,中型热能护盾强化装置 I,
type,Medium Thermal Shield Reinforcer II,中型热能护盾强化装置 II,
type,Medium Tracking Diagnostic Subroutines I,中型跟踪诊断子程序 I,
type,Medium Tracking Diagnostic Subroutines II,中型跟踪诊断子程序 II,
type,Medium Transverse Bulkhead I,中型横贯舱壁 I,
type,Medium Transverse Bulkhead II,中型横贯舱壁 II,
type,Medium Trimark Armor Pump I,中型三角装甲聚合器 I,
type,Medium Trimark Armor Pump II,中型三角装甲聚合器 II,
type,Medium Vorton Projector I,中型电弧弦投射器 I,
type,Medium Vorton Projector II,中型电弧弦投射器 II,
type,Medium Warhead Calefaction Catalyst I,中型弹头加热辅助系统 I,
type,Medium Warhead Calefaction Catalyst II,中型弹头加热辅助系统 II,
type,Medium Warhead Flare Catalyst I,中型弹头爆燃辅助系统 I,
type,Medium Warhead Flare Catalyst II,中型弹头爆燃辅助系统 II,
type,Medium Warhead Rigor Catalyst I,中型弹头强化辅助系统 I,
type,Medium Warhead Rigor Catalyst II,中型弹头强化辅助系统 II,
type,Medium Warp Core Optimizer I,中型跃迁核心优化系统 I,
type,Medium Warp Core Optimizer II,中型跃迁核心优化系统 II,
type,Mega Afocal Laser I,超级无焦点激光器I,
type,Mega Afocal Pulse Laser I,超级无焦点脉冲激光器I,
type,Mega Anode Particle Stream I,超级阳极粒子束 I,
type,Mega Anode Pulse Particle Stream I,超级阳极脉冲粒子束 I,
type,Mega Beam Laser I,超级集束激光器 I,
type,Mega Beam Laser II,超级集束激光器 II,
type,Mega Modal Laser I,超级增强模式激光器 I,
type,Mega Modal Pulse Laser I,超级增强模式脉冲激光器 I,
type,Mega Modulated Energy Beam I,超级调制型能量光束 I,
type,Mega Modulated Pulse Energy Beam I,超级调制型脉冲能量光束 I,
type,Mega Pulse Laser I,超级脉冲激光器 I,
type,Mega Pulse Laser II,超级脉冲激光器 II,
type,Megacorp Transaction Thread,超级集团交易线程,
type,Megacyte,超噬矿,
type,Megaera's Modified Medium Energy Nosferatu,墨盖拉改良中型掠能器,
type,Megathron,万王宝座级,ship
type,Megathron Federate Issue,万王宝座级联邦型,ship
type,Megathron Navy Issue,万王宝座级海军型,ship
type,Mekubal,梅库巴尔级,ship
type,Melted Capacitor Console,短路的电容器控制台,
type,Melted Nanoribbons,熔化的纳米带,
type,Melted Scraps of Capsule Plating,融化的太空舱附甲板残片,
type,Memory Augmentation - Basic,记忆增强体—基础级,
type,Memory Augmentation - Improved,记忆增强体—强化级,
type,Memory Augmentation - Standard,记忆增强体—标准级,
type,Mercenary Den,雇佣兵巢穴,
type,Mercoxit,基腹断岩,
type,Mercoxit Asteroid Mining Crystal Type A I,基腹断岩小行星采集晶体A型 I,
type,Mercoxit Asteroid Mining Crystal Type A II,基腹断岩小行星采集晶体A型 II,
type,Mercoxit Asteroid Mining Crystal Type B I,基腹断岩小行星采集晶体B型 I,
type,Mercoxit Asteroid Mining Crystal Type B II,基腹断岩小行星采集晶体B型 II,
type,Mercoxit Asteroid Mining Crystal Type C I,基腹断岩小行星采集晶体C型 I,
type,Mercoxit Asteroid Mining Crystal Type C II,基腹断岩小行星采集晶体C型 II,
type,Mercoxit II-Grade,基腹断岩（2级）,
type,Mercoxit III-Grade,基腹断岩（3级）,
type,Mercury,汞,
type,Merlin,小鹰级,ship
type,MesmerFlux Condenser Pack L,梅斯流电容包 L,
type,MesmerFlux Condenser Pack M,梅斯流电容包 M,
type,MesmerFlux Condenser Pack S,梅斯流电容包 S,
type,Meson Exotic Plasma L,介子异种等离子弹 L,
type,Meson Exotic Plasma M,介子异种等离子弹 M,
type,Meson Exotic Plasma S,介子异种等离子弹 S,
type,Meson Exotic Plasma XL,介子异种等离子弹 XL,
type,Meta-Molecular Combiner,分子变换合成器,
type,Meta-Operant Neurolink Enhancer,变换反应神经链接增强器,
type,Metal Scraps,金属碎片,
type,Metallofullerene Plating,金属富勒烯附甲,
type,Metamorphosis,变形级,ship
type,Metaprismatic Armor Plate,多彩装甲附甲板,
type,Metenox Moon Drill,梅特诺克斯卫星钻探,structure
type,Methanofullerene,亚甲基富勒烯,
type,Mexallon,类银超金属,
type,Miasmos,米亚莫斯级,ship
type,Miasmos Amastris Edition,米亚莫斯级阿玛斯翠丝版,ship
type,Miasmos Quafe Ultra Edition,米亚莫斯级酷菲特强版,ship
type,Miasmos Quafe Ultramarine Edition,米亚莫斯级酷菲深蓝版,ship
type,Michi's Excavation Augmentor,米奇氏开采能力增效体,
type,Micro 'Notos' Explosive Charge I,南风微型爆弹 I,
type,Micro 'Vehemence' Shockwave Charge,盛怒微型激波电荷炸弹 I,
type,Micro Auxiliary Power Core I,微型辅助能源核心 I,
type,Micro Auxiliary Power Core II,微型辅助能源核心 II,
type,Micro Circuit,微电路,
type,Micro Degenerative Concussion Bomb I,微型衰震离子炸弹 I,
type,Micro EMP Smartbomb I,微型EMP立体炸弹 I,
type,Micro EMP Smartbomb II,微型EMP立体炸弹 II,
type,Micro Graviton Smartbomb I,微型引力子立体炸弹 I,
type,Micro Graviton Smartbomb II,微型引力子立体炸弹 II,
type,Micro Jump Field Generator,微型跳跃力场发生器,
type,Micro Plasma Smartbomb I,微型等离子立体炸弹 I,
type,Micro Plasma Smartbomb II,微型等离子立体炸弹 II,
type,Micro Proton Smartbomb I,微型质子立体炸弹 I,
type,Micro Proton Smartbomb II,微型质子立体炸弹 II,
type,Micro Rudimentary Concussion Bomb I,微型基础震荡离子炸弹 I,
type,Micro YF-12a Smartbomb,微型YF-12a立体炸弹,
type,Microwave L,微波晶体 L,
type,Microwave M,微波晶体 M,
type,Microwave S,微波晶体 S,
type,Microwave XL,微波晶体 XL,
type,Mid-grade Amulet Alpha,中级辟邪 - 阿尔法型,
type,Mid-grade Amulet Beta,中级辟邪 - 贝它型,
type,Mid-grade Amulet Delta,中级辟邪 - 德尔塔型,
type,Mid-grade Amulet Epsilon,中级辟邪 - 伊普西隆型,
type,Mid-grade Amulet Gamma,中级辟邪 - 伽玛型,
type,Mid-grade Amulet Omega,中级辟邪 - 欧米伽型,
type,Mid-grade Ascendancy Alpha,中级统御—阿尔法型,
type,Mid-grade Ascendancy Beta,中级统御—贝它型,
type,Mid-grade Ascendancy Delta,中级统御—德尔塔型,
type,Mid-grade Ascendancy Epsilon,中级统御—伊普西隆型,
type,Mid-grade Ascendancy Gamma,中级统御—伽玛型,
type,Mid-grade Ascendancy Omega,中级统御—欧米伽型,
type,Mid-grade Asklepian Alpha,中级阿斯克雷—阿尔法型,
type,Mid-grade Asklepian Beta,中级阿斯克雷—贝它型,
type,Mid-grade Asklepian Delta,中级阿斯克雷—德尔塔型,
type,Mid-grade Asklepian Epsilon,中级阿斯克雷—伊普西隆型,
type,Mid-grade Asklepian Gamma,中级阿斯克雷—伽玛型,
type,Mid-grade Asklepian Omega,中级阿斯克雷—欧米伽型,
type,Mid-grade Centurion Alpha,中级百夫长—阿尔法型,
type,Mid-grade Centurion Beta,中级百夫长—贝它型,
type,Mid-grade Centurion Delta,中级百夫长—德尔塔型,
type,Mid-grade Centurion Epsilon,中级百夫长—伊普西隆型,
type,Mid-grade Centurion Gamma,中级百夫长—伽玛型,
type,Mid-grade Centurion Omega,中级百夫长—欧米伽型,
type,Mid-grade Crystal Alpha,中级水晶—阿尔法型,
type,Mid-grade Crystal Beta,中级水晶—贝它型,
type,Mid-grade Crystal Delta,中级水晶—德尔塔型,
type,Mid-grade Crystal Epsilon,中级水晶—伊普西隆型,
type,Mid-grade Crystal Gamma,中级水晶—伽玛型,
type,Mid-grade Crystal Omega,中级水晶—欧米伽型,
type,Mid-grade Edge Alpha,中级强势—阿尔法型,
type,Mid-grade Edge Beta,中级强势—贝它型,
type,Mid-grade Edge Delta,中级强势—德尔塔型,
type,Mid-grade Edge Epsilon,中级强势—伊普西隆型,
type,Mid-grade Edge Gamma,中级强势—伽玛型,
type,Mid-grade Edge Omega,中级强势—欧米伽型,
type,Mid-grade Halo Alpha,中级圣光—阿尔法型,
type,Mid-grade Halo Beta,中级圣光—贝它型,
type,Mid-grade Halo Delta,中级圣光—德尔塔型,
type,Mid-grade Halo Epsilon,中级圣光—伊普西隆型,
type,Mid-grade Halo Gamma,中级圣光—伽玛型,
type,Mid-grade Halo Omega,中级圣光—欧米伽型,
type,Mid-grade Harvest Alpha,中级采集—阿尔法型,
type,Mid-grade Harvest Beta,中级采集—贝它型,
type,Mid-grade Harvest Delta,中级采集—德尔塔型,
type,Mid-grade Harvest Epsilon,中级采集—伊普西隆型,
type,Mid-grade Harvest Gamma,中级采集—伽玛型,
type,Mid-grade Harvest Omega,中级采集—欧米伽型,
type,Mid-grade Hydra Alpha,中级九头蛇 - 阿尔法型,
type,Mid-grade Hydra Beta,中级九头蛇 - 贝它型,
type,Mid-grade Hydra Delta,中级九头蛇 - 德尔塔型,
type,Mid-grade Hydra Epsilon,中级九头蛇 - 伊普西隆型,
type,Mid-grade Hydra Gamma,中级九头蛇 - 伽玛型,
type,Mid-grade Hydra Omega,中级九头蛇 - 欧米伽型,
type,Mid-grade Mimesis Alpha,中级仿生- 阿尔法型,
type,Mid-grade Mimesis Beta,中级仿生- 贝它型,
type,Mid-grade Mimesis Delta,中级仿生- 德尔塔型,
type,Mid-grade Mimesis Epsilon,中级仿生- 伊普西隆型,
type,Mid-grade Mimesis Gamma,中级仿生 - 伽玛型,
type,Mid-grade Mimesis Omega,中级仿生 - 欧米伽型,
type,Mid-grade Nirvana Alpha,中级极乐 - 阿尔法型,
type,Mid-grade Nirvana Beta,中级极乐 - 贝它型,
type,Mid-grade Nirvana Delta,中级极乐 - 德尔塔型,
type,Mid-grade Nirvana Epsilon,中级极乐 - 伊普西隆型,
type,Mid-grade Nirvana Gamma,中级极乐 - 伽玛型,
type,Mid-grade Nirvana Omega,中级极乐 - 欧米伽型,
type,Mid-grade Nomad Alpha,中级游牧者—阿尔法型,
type,Mid-grade Nomad Beta,中级游牧者—贝它型,
type,Mid-grade Nomad Delta,中级游牧者—德尔塔型,
type,Mid-grade Nomad Epsilon,中级游牧者—伊普西隆型,
type,Mid-grade Nomad Gamma,中级游牧者—伽玛型,
type,Mid-grade Nomad Omega,中级游牧者—欧米伽型,
type,Mid-grade Rapture Alpha,中级销魂 - 阿尔法型,
type,Mid-grade Rapture Beta,中级销魂 - 贝它型,
type,Mid-grade Rapture Delta,中级销魂 - 德尔塔型,
type,Mid-grade Rapture Epsilon,中级销魂 - 伊普西隆型,
type,Mid-grade Rapture Gamma,中级销魂 - 伽玛型,
type,Mid-grade Rapture Omega,中级销魂 - 欧米伽型,
type,Mid-grade Savior Alpha,中级救世 - 阿尔法型,
type,Mid-grade Savior Beta,中级救世 - 贝它型,
type,Mid-grade Savior Delta,中级救世 - 德尔塔型,
type,Mid-grade Savior Epsilon,中级救世 - 伊普西隆型,
type,Mid-grade Savior Gamma,中级救世 - 伽玛型,
type,Mid-grade Savior Omega,中级救世 - 欧米伽型,
type,Mid-grade Snake Alpha,中级蝰蛇—阿尔法型,
type,Mid-grade Snake Beta,中级蝰蛇—贝它型,
type,Mid-grade Snake Delta,中级蝰蛇—德尔塔型,
type,Mid-grade Snake Epsilon,中级蝰蛇—伊普西隆型,
type,Mid-grade Snake Gamma,中级蝰蛇—伽玛型,
type,Mid-grade Snake Omega,中级蝰蛇—欧米伽型,
type,Mid-grade Talisman Alpha,中级护符—阿尔法型,
type,Mid-grade Talisman Beta,中级护符—贝它型,
type,Mid-grade Talisman Delta,中级护符—德尔塔型,
type,Mid-grade Talisman Epsilon,中级护符—伊普西隆型,
type,Mid-grade Talisman Gamma,中级护符—伽玛型,
type,Mid-grade Talisman Omega,中级护符—欧米伽型,
type,Mid-grade Virtue Alpha,中级美德—阿尔法型,
type,Mid-grade Virtue Beta,中级美德—贝它型,
type,Mid-grade Virtue Delta,中级美德—德尔塔型,
type,Mid-grade Virtue Epsilon,中级美德—伊普西隆型,
type,Mid-grade Virtue Gamma,中级美德—伽玛型,
type,Mid-grade Virtue Omega,中级美德—欧米伽型,
type,Mid-grade Wedge Alpha,中级分裂阿尔法型,
type,Mid-grade Wedge Beta,中级分裂贝它型,
type,Mid-grade Wedge Delta,中级分裂德尔塔型,
type,Mid-grade Wedge Epsilon,中级分裂伊普西隆型,
type,Mid-grade Wedge Gamma,中级分裂伽玛型,
type,Mid-grade Wedge Omega,中级分裂欧米伽型,
type,Midband Emission Amplifier,中频带发射放大器,
type,Midband Emission Limiter,中频带发射限制器,
type,Military Navigation Telemetry,军用导航遥测数据,
type,Military Stasis Pods,军用停滞舱,
type,Mimir,弥米尔级,ship
type,Mindflood,思维冲击,
type,Minedrill Strong Box,矿钻集团保险柜,
type,Miner I,采矿器 I,
type,Miner II,采矿器 II,
type,Mining Drone I,采矿无人机 I,
type,Mining Drone II,采矿无人机 II,
type,Mining Equipment Preservation Charge,采矿设备保护弹药,
type,Mining Foreman Burst I,开采先锋脉冲波 I,
type,Mining Foreman Burst II,开采先锋脉冲波 II,
type,Mining Foreman Mindlink,开采先锋思维网络芯片,
type,Mining Laser Efficiency Charge,采矿激光器效率弹药,
type,Mining Laser Field Enhancement Charge,采矿激光器力场增强弹药,
type,Mining Laser Optimization Charge,采矿激光器优化弹药,
type,Mining Laser Upgrade I,采矿激光器提升器 I,
type,Mining Laser Upgrade II,采矿激光器提升器 II,
type,Mining Survey Chipset I,采矿调查芯片组 I,
type,Mining Survey Chipset II,采矿调查芯片组 II,
type,Minmatar Control Tower,米玛塔尔控制塔,
type,Minmatar Control Tower Medium,米玛塔尔中型控制塔,
type,Minmatar Control Tower Small,米玛塔尔小型控制塔,
type,Minmatar Decoder Package,米玛塔尔解码器包裹,
type,Minmatar Encoder Splice,米玛塔尔编码器接片,
type,Minmatar Freedom Fighter Insignia I,米玛塔尔自由战士勋章I,
type,Minmatar Listening Outpost,米玛塔尔监听哨站,
type,Minmatar Loyalty Token,米玛塔尔忠诚点凭证,
type,Minmatar Mining Corporation Strong Box,米玛塔尔矿业集团保险柜,
type,Minmatar Phenomena Generator,米玛塔尔现象发生器,
type,Minmatar Propaganda Broadcast Structure,米玛塔尔广播宣传建筑,
type,Minmatar Republic Starbase Charter,米玛塔尔共和国母星宪章,
type,Minmatar Shuttle,米玛塔尔穿梭机,ship
type,Minmatar UUA Nexus Chip,米玛塔尔UUA关联芯片,
type,Minmatar UUB Nexus Chip,米玛塔尔UUB关联芯片,
type,Minmatar UUC Nexus Chip,米玛塔尔UUC关联芯片,
type,Minokawa,龙鸟级,ship
type,Missile Guidance Computer I,导弹制导计算机 I,
type,Missile Guidance Computer II,导弹制导计算机 II,
type,Missile Guidance Enhancer I,导弹制导增强器 I,
type,Missile Guidance Enhancer II,导弹制导增强器 II,
type,Missile Precision Disruption Script,导弹精准度干扰脚本,
type,Missile Precision Script,导弹精确打击脚本,
type,Missile Range Disruption Script,导弹射程干扰脚本,
type,Missile Range Script,导弹射程脚本,
type,Mizuma Gomi's Insignia,米兹玛·戈米的勋章,
type,Mizuro Cybon's Tag,米兹罗·赛博的铭牌,
type,Mizuro's Modified 100MN Afterburner,米兹罗氏改良型100MN加力燃烧器,
type,Mizuro's Modified 500MN Microwarpdrive,米兹罗氏改良型500MN微型跃迁推进器,
type,Mizuro's Modified 800mm Repeating Cannon,米兹罗氏改良型800mm频射加农炮,
type,Mizuro's Modified Ballistic Control System,米兹罗氏改良型弹道控制系统,
type,Mizuro's Modified Cruise Missile Launcher,米兹罗氏改良型巡航导弹发射器,
type,Mizuro's Modified Dual 425mm AutoCannon,米兹罗氏改良型双联425mm自动加农炮,
type,Mizuro's Modified Dual 650mm Repeating Cannon,米兹罗氏改良型双联650mm频射加农炮,
type,Mizuro's Modified EM Coating,米兹罗氏改良型电磁涂层,
type,Mizuro's Modified Explosive Coating,米兹罗氏改良型爆炸涂层,
type,Mizuro's Modified Gyrostabilizer,米兹罗氏改良型回转稳定器,
type,Mizuro's Modified Heavy Warp Disruptor,米兹罗氏改良型重型跃迁扰断器,
type,Mizuro's Modified Heavy Warp Scrambler,米兹罗氏改良型重型跃迁扰频器,
type,Mizuro's Modified Kinetic Coating,米兹罗氏改良型动能涂层,
type,Mizuro's Modified Large Armor Repairer,米兹罗氏改良大型装甲维修器,
type,Mizuro's Modified Large Proton Smartbomb,米兹罗氏改良大型质子立体炸弹,
type,Mizuro's Modified Multispectrum Coating,米兹罗氏改良型多谱式涂层,
type,Mizuro's Modified Rapid Heavy Missile Launcher,米兹罗氏改良型重型快速导弹发射器,
type,Mizuro's Modified Stasis Webifier,米兹罗氏改良型停滞缠绕光束,
type,Mizuro's Modified Thermal Coating,米兹罗氏改良型热能涂层,
type,Mizuro's Modified Torpedo Launcher,米兹罗氏改良型鱼雷发射器,
type,Mizuro's Modified Tracking Enhancer,米兹罗氏改良型索敌增强器,
type,Mjolnir Auto-Targeting Cruise Missile I,雷神自动锁定巡航导弹 I,
type,Mjolnir Auto-Targeting Heavy Missile I,雷神自动锁定重型导弹 I,
type,Mjolnir Auto-Targeting Light Missile I,雷神自动锁定轻型导弹 I,
type,Mjolnir Cruise Missile,雷神巡航导弹,
type,Mjolnir Fury Cruise Missile,雷神愤怒巡航导弹,
type,Mjolnir Fury Heavy Missile,雷神愤怒重型导弹,
type,Mjolnir Fury Light Missile,雷神愤怒轻型导弹,
type,Mjolnir Fury XL Cruise Missile,雷神愤怒超大型巡航导弹,
type,Mjolnir Heavy Assault Missile,雷神重型攻击导弹,
type,Mjolnir Heavy Missile,雷神重型导弹,
type,Mjolnir Javelin Heavy Assault Missile,雷神标枪重型攻击导弹,
type,Mjolnir Javelin Rocket,雷神标枪火箭,
type,Mjolnir Javelin Torpedo,雷神标枪鱼雷,
type,Mjolnir Javelin XL Torpedo,雷神标枪超大型鱼雷,
type,Mjolnir Light Missile,雷神轻型导弹,
type,Mjolnir Precision Cruise Missile,雷神精准巡航导弹,
type,Mjolnir Precision Heavy Missile,雷神精准重型导弹,
type,Mjolnir Precision Light Missile,雷神精准轻型导弹,
type,Mjolnir Precision XL Cruise Missile,雷神精准超大型巡航导弹,
type,Mjolnir Rage Heavy Assault Missile,雷神狂乱重型攻击导弹,
type,Mjolnir Rage Rocket,雷神狂乱火箭,
type,Mjolnir Rage Torpedo,雷神狂乱鱼雷,
type,Mjolnir Rage XL Torpedo,雷神狂乱超大型鱼雷,
type,Mjolnir Rocket,雷神火箭,
type,Mjolnir Torpedo,雷神鱼雷,
type,Mjolnir XL Cruise Missile,雷神超大型巡航导弹,
type,Mjolnir XL Torpedo,雷神超大型鱼雷,
type,ML-3 Compact Mining Survey Chipset,ML-3紧凑型采矿调查芯片组,
type,ML-EKP 'Polybolos' Ballistic Control System,ML-EKP '多重' 弹道控制系统,
type,Moa,巨鸟级,ship
type,Mobile Cynosural Beacon,移动式诱导信标,
type,Mobile Cynosural Inhibitor,移动式诱导抑制装置,
type,Mobile Depot,移动式仓库,
type,Mobile Large Warp Disruptor I,大型机动跃迁扰断器 I,
type,Mobile Large Warp Disruptor II,大型机动跃迁扰断器 II,
type,Mobile Medium Warp Disruptor I,中型机动跃迁扰断器 I,
type,Mobile Medium Warp Disruptor II,中型机动跃迁扰断器 II,
type,Mobile Micro Jump Unit,移动式微型跳跃装置,
type,Mobile Observatory,移动观测站,
type,Mobile Phase Anchor,移动相位锚标,
type,Mobile Sanguine Harvester,移动式生物质收割者,
type,Mobile Scan Inhibitor,移动式扫描抑制装置,
type,Mobile Small Warp Disruptor I,小型机动跃迁扰断器 I,
type,Mobile Small Warp Disruptor II,小型机动跃迁扰断器 II,
type,Mobile Tractor Unit,移动式牵引装置,
type,Modal Electron Particle Accelerator I,增强模式电子加速器 I,
type,Modal Enduring Dual Giga Beam Laser,增强模式持久型双联千兆级集束激光器,
type,Modal Enduring Dual Giga Pulse Laser,增强模式持久型双联千兆级脉冲激光器,
type,Modal Enduring Ion Siege Blaster,增强模式持久型离子会战疾速炮,
type,Modal Enduring Quad Mega Pulse Laser,增强模式持久型四联超级脉冲激光器,
type,Modal Enduring Triple Neutron Blaster Cannon,增强模式持久型三中子疾速加农炮,
type,Modal Ion Particle Accelerator I,增强模式离子加速器 I,
type,Modal Light Electron Particle Accelerator I,增强模式轻型电子加速器 I,
type,Modal Light Ion Particle Accelerator I,增强模式轻型离子加速器 I,
type,Modal Light Neutron Particle Accelerator I,增强模式轻型中子加速器 I,
type,Modal Mega Electron Particle Accelerator I,增强模式超级电子加速器 I,
type,Modal Mega Ion Particle Accelerator I,增强模式超级离子加速器 I,
type,Modal Mega Neutron Particle Accelerator I,增强模式超级中子加速器 I,
type,Modal Neutron Particle Accelerator I,增强模式中子加速器 I,
type,Modified Fluid Router,改进的流体路由器,
type,Modified Sleeper Corpse,改良型冬眠者尸体,
type,Modular Systems Hologram,模块化系统全息影像,
type,Modulated Compact Dual Giga Beam Laser,调制型紧凑型双联千兆级集束激光器,
type,Modulated Compact Dual Giga Pulse Laser,调制型紧凑型双联千兆级脉冲激光器,
type,Modulated Compact Quad Mega Pulse Laser,调制型紧凑型四联超级脉冲激光器,
type,Modulated Deep Core Miner II,调制型深层地核采矿器 II,
type,Modulated Deep Core Strip Miner II,调制型深层地核露天采矿器 II,
type,Modulated Strip Miner II,调制型露天采矿器 II,
type,Moissanite X-Grade,X级碳硅石,
type,Molok,摩洛克级,ship
type,Monazite,独居石,
type,Monitor,监视者级,ship
type,Moon Harvesting Array,卫星开采阵列,
type,Moracha,莫拉查级,ship
type,Mordu NET Resonator,莫德团NET共振器,
type,Mordunium,莫德合金,
type,Mordunium II-Grade,莫德合金（2级）,
type,Mordunium III-Grade,莫德合金（3级）,
type,Mordunium IV-Grade,莫德合金（4级）,
type,Mordur's DNA,摩尔杜的DNA,
type,Moreau YC128 Campaign Bus,YC128年莫罗竞选巴士,ship
type,Moreau’s Modified Expanded Scan Probe Launcher,莫罗的改良延展型扫描探针发射器,
type,Moros,莫洛级,ship
type,Moros Navy Issue,莫洛级海军型,ship
type,Morpheus Enduring Magnetometric ECM,感应持久型磁力ECM,
type,Morphite,莫尔石,
type,Motley Compound,杂色复合物,
type,Multifrequency L,多频晶体 L,
type,Multifrequency M,多频晶体 M,
type,Multifrequency S,多频晶体 S,
type,Multifrequency XL,多频晶体 XL,
type,Multispectral ECM I,多谱式ECM I,
type,Multispectral ECM II,多谱式ECM II,
type,Multispectrum Coating I,多谱式涂层 I,
type,Multispectrum Coating II,多谱式涂层 II,
type,Multispectrum Energized Membrane I,多谱式电压薄膜 I,
type,Multispectrum Energized Membrane II,多谱式电压薄膜 II,
type,Multispectrum Shield Hardener I,多谱式护盾增强器 I,
type,Multispectrum Shield Hardener II,多谱式护盾增强器 II,
type,Muninn,缪宁级,ship
type,Mutadaptive Construction Component,突变适应建造组件,
type,Myrmidon,弥洱米顿级,ship
type,Myrmidon Navy Issue,弥洱米顿级海军型,ship
type,Mystic L,奥秘 L,
type,Mystic M,奥秘 M,
type,Mystic S,奥秘 S,
type,Mystic XL,奥秘XL,
type,N-1 Neon Type Rocket Bay,N-1氖气型火箭发射舱,
type,N-JM Compact Omnidirectional Tracking Enhancer,N-JM紧凑型全方位索敌增强器,
type,Naga,娜迦级,ship
type,Naglfar,纳迦法级,ship
type,Naglfar Fleet Issue,纳迦法级舰队型,ship
type,Naiyon Tai's Insignia,奈庸·泰的勋章,
type,Naiyon's Modified Magnetic Field Stabilizer,奈杨氏改良型磁性力场稳定器,
type,Nanite Compound,纳米聚合体,
type,Nanite Repair Paste,纳米体修复粘合剂,
type,Nano Regulation Gate,纳米校正闸,
type,Nanoelectrical Microprocessor,纳米电子微处理器,
type,Nanofiber Internal Structure I,纳米纤维内部构架 I,
type,Nanofiber Internal Structure II,纳米纤维内部构架 II,
type,Nanoheuristic Clone Mapper,纳米触发式克隆映射装置,
type,Nanomechanical Microprocessor,纳米机械微处理器,
type,Nanoscale Filter Plate,纳米级过滤板,
type,Nanotransistors,纳米晶体管,
type,Nanowire Composites,纳米线复合材料,
type,Narrowband Emission Amplifier,窄带发射放大器,
type,Narrowband Emission Limiter,窄带发射限制器,
type,Nation Stormhive Shard,共和国风暴巢穴碎片,
type,Nation Uplifts Firework,共和国崛起烟火,
type,Naughty People Firework,欢腾人群烟火,
type,Navitas,纳维达斯级,ship
type,Navy Cap Booster 100,海军电容注电器装料 100,
type,Navy Cap Booster 150,海军电容注电器装料 150,
type,Navy Cap Booster 200,海军电容注电器装料 200,
type,Navy Cap Booster 25,海军电容注电器装料 25,
type,Navy Cap Booster 3200,海军电容注电器装料 3200,
type,Navy Cap Booster 400,海军电容注电器装料 400,
type,Navy Cap Booster 50,海军电容注电器装料 50,
type,Navy Cap Booster 75,海军电容注电器装料 75,
type,Navy Cap Booster 800,海军电容注电器装料 800,
type,Navy Micro Auxiliary Power Core,海军型微型辅助能源核心,
type,Navy Scan Acquisition Array,海军扫描精准阵列,
type,Navy Scan Pinpointing Array,海军扫描定位阵列,
type,Navy Scan Rangefinding Array,海军扫描测距阵列,
type,Nemesis,纳美西斯级,ship
type,Neo Mercurite,新汞合金,
type,Neo-Jadarite,岛状贾达尔石,
type,Neodymium,钕,
type,Neophite,新醇岩矿,
type,Nephrite,软玉,
type,Nereus,涅鲁斯级,ship
type,Nergal,涅伽尔级,ship
type,Nerve Sticks,神经冲击,
type,Nesosilicate Rakovene,岛状硅酸盐拉克岩,
type,Nestor,涅斯托级,ship
type,Networked Sensor Array,联网感应器阵列,
type,Neural 'Source' Boost,'起源'神经增效体,
type,Neural Boost - Basic,神经增效体—基础级,
type,Neural Boost - Improved,神经增效体—强化级,
type,Neural Boost - Standard,神经增效体—标准级,
type,Neural Lace 'Blackglass' Net Intrusion 920-40,神经网络'黑镜'网络入侵920-40,
type,Neural Lace 'Bluefire' Net Ablation 960-10,960-10神经网络“蓝焰”级网络烧蚀,
type,Neural Network Analyzer,神经系统分析仪,
type,Neurolink Enhancer Reservoir,神经链接增强器存储装置,
type,Neurolink Protection Cell,神经链接防护单元,
type,Neurovisual Input Matrix,神经可视输入矩阵,
type,Neurovisual Output Analyzer,神经视觉输出分析机,
type,Neutron Blaster Cannon I,中子疾速加农炮 I,
type,Neutron Blaster Cannon II,中子疾速加农炮 II,
type,Nidhoggur,尼铎格尔级,ship
type,Nighthawk,夜鹰级,ship
type,Nightmare,噩梦级,ship
type,Nija's Modified 10MN Afterburner,尼佳改良型10MN加力燃烧器,
type,Nija's Modified Heavy Pulse Laser,尼佳改良重型脉冲激光器,
type,Nija's Modified Medium Capacitor Booster,尼佳改良中型电容注电器,
type,Nija's Modified Medium Remote Capacitor Transmitter,尼佳改良中型远程电容传输装置,
type,Nija's Modified Warp Disruption Field Generator,尼佳改良型跃迁扰断力场发生器,
type,Ninazu,尼纳苏级,ship
type,Nitrogen Fuel Block,氮燃料块,
type,Nitrogen Isotopes,氮同位素,
type,Noctis,黑夜级,ship
type,Nocxite,诺克希特,
type,Nocxite II-Grade,诺克希特（2级）,
type,Nocxite III-Grade,诺克希特（3级）,
type,Nocxite IV-Grade,诺克希特（4级）,
type,Nocxium,超新星诺克石,
type,Noir. Modified Entosis Link,改良型侵噬链接 N型,
type,Noise-15 'Needlejack' Filament,噪声-15“挺针”纤维,
type,Noise-25 'Needlejack' Filament,噪声-25“挺针”纤维,
type,Noise-5 'Needlejack' Filament,噪声-5“挺针”纤维,
type,Nomad,游牧者级,ship
type,Nonlinear Metamaterials,非线性超材料,
type,Nova Auto-Targeting Cruise Missile I,星爆自动锁定巡航导弹 I,
type,Nova Auto-Targeting Heavy Missile I,星爆自动锁定重型导弹 I,
type,Nova Auto-Targeting Light Missile I,星爆自动锁定轻型导弹 I,
type,Nova Cruise Missile,星爆巡航导弹,
type,Nova Fury Cruise Missile,星爆愤怒巡航导弹,
type,Nova Fury Heavy Missile,星爆愤怒重型导弹,
type,Nova Fury Light Missile,星爆愤怒轻型导弹,
type,Nova Fury XL Cruise Missile,星爆愤怒超大型巡航导弹,
type,Nova Heavy Assault Missile,星爆重型攻击导弹,
type,Nova Heavy Missile,星爆重型导弹,
type,Nova Javelin Heavy Assault Missile,星爆标枪重型攻击导弹,
type,Nova Javelin Rocket,星爆标枪火箭,
type,Nova Javelin Torpedo,星爆标枪鱼雷,
type,Nova Javelin XL Torpedo,星爆标枪超大型鱼雷,
type,Nova Light Missile,星爆轻型导弹,
type,Nova Precision Cruise Missile,星爆精准巡航导弹,
type,Nova Precision Heavy Missile,星爆精准重型导弹,
type,Nova Precision Light Missile,星爆精准轻型导弹,
type,Nova Precision XL Cruise Missile,星爆精准超大型巡航导弹,
type,Nova Rage Heavy Assault Missile,星爆狂乱重型攻击导弹,
type,Nova Rage Rocket,星爆狂乱火箭,
type,Nova Rage Torpedo,星爆狂乱鱼雷,
type,Nova Rage XL Torpedo,星爆狂乱超大型鱼雷,
type,Nova Rocket,星爆火箭,
type,Nova Torpedo,星爆鱼雷,
type,Nova XL Cruise Missile,星爆超大型巡航导弹,
type,Nova XL Torpedo,星爆超大型鱼雷,
type,Novice Medal,2012型金翎勋章,
type,Nuclear L,核芯弹 L,
type,Nuclear M,核芯弹 M,
type,Nuclear Pulse Generator,核脉冲发生器,
type,Nuclear Reactor Unit,核反应堆机组,
type,Nuclear S,核芯弹 S,
type,Nuclear XL,核芯弹 XL,
type,Nugoehuvi Synth Blue Pill Booster,纳基维合成型蓝色药丸增效体,
type,Null L,虚空 L,
type,Null M,虚空 M,
type,Null S,虚空 S,
type,Null XL,虚空 XL,
type,Numon Family Heirloom,诺门家族徽记,
type,Nyx,夜神级,ship
type,Obelisk,方尖塔级,ship
type,Observatory Spectrography,观测站光谱分析,
type,Obsolete Observatory Resonance Key,过时的观测级共振密钥,
type,Occator,奥卡托级,ship
type,Occult L,神秘 L,
type,Occult M,神秘 M,
type,Occult S,神秘 S,
type,Occult XL,神秘XL,
type,Ocular Filter - Basic,视觉滤镜—基础级,
type,Ocular Filter - Improved,视觉滤镜—强化级,
type,Ocular Filter - Standard,视觉滤镜—标准级,
type,Odysseus,奥德修斯级,ship
type,OE-5200 Rocket Launcher,OE-5200火箭发射器,
type,Ogdin's Eye Coordination Enhancer,欧丁氏眼球同步协调强化体,
type,Ogre I,蛮妖 I,
type,Ogre II,蛮妖 II,
type,Ogre SD-900,蛮妖SD-900,
type,Olfei Medallion,欧菲大奖章,
type,Olufami's DNA,欧鲁法米的DNA,
type,Omber,奥贝尔石,
type,Omber II-Grade,奥贝尔石（2级）,
type,Omber III-Grade,奥贝尔石（3级）,
type,Omber IV-Grade,奥贝尔石（4级）,
type,Omen,启示级,ship
type,Omen Navy Issue,启示级海军型,ship
type,Omnidirectional Tracking Enhancer I,全方位索敌增强器 I,
type,Omnidirectional Tracking Enhancer II,全方位索敌增强器 II,
type,Omnidirectional Tracking Link I,全方位索敌连接 I,
type,Omnidirectional Tracking Link II,全方位索敌连接 II,
type,Oneiros,奥内罗斯级,ship
type,Onyx,奥尼克斯级,ship
type,OODA Loop Expert System Package,OODA回路专家系统包,
type,Operation Center Reward Token,运营中心奖励凭证,
type,Optical Compact Tracking Computer,光学紧凑型索敌计算机,
type,Optimal Range Disruption Script,最佳射程干扰脚本,
type,Optimal Range Script,最佳射程提升脚本,
type,Optimized Nano-Engines,优化纳米引擎,
type,Opulent Compound,多样复合物,
type,Opux Luxury Yacht,奥普克斯级豪华游轮,ship
type,Oracle,预言级,ship
type,Orca,逆戟鲸级,ship
type,ORE Deep Core Mining Laser,外空联合矿业深层地核采矿激光器,
type,ORE Deep Core Strip Miner,外太空联合矿业集团深层地核露天采矿器,
type,ORE Expanded Cargohold,外空联合矿业扩充货柜舱,
type,ORE Gas Cloud Harvester,联合矿业气云采集器,
type,ORE Ice Harvester,外空联合矿业冰矿采集器,
type,ORE Ice Mining Laser,外空联合矿业冰矿开采激光器,
type,ORE Miner,外空联合矿业采矿器,
type,ORE Mining Director Mindlink,联合矿业开采总监思维网络芯片,
type,ORE Reinforced Bulkheads,外空联合矿业强化舱隔壁,
type,ORE Research Data Fragment,联合矿业研究数据残片,
type,ORE Strip Miner,外空联合矿业露天采矿器,
type,Orthrus,奥苏斯级,ship
type,Oscillator Capacitor Unit,震荡电容器单元,
type,Osprey,鱼鹰级,ship
type,Osprey Navy Issue,鱼鹰级海军型,ship
type,Otavite,菱镉矿,
type,Outrider,先驱级,ship
type,Overdrive Injector System I,超载喷注系统 I,
type,Overdrive Injector System II,超载喷注系统 II,
type,Overmind 'Goliath' Drone Tuner T25-10S,"主宰""巨人""无人机调节器T25-10S",
type,Overmind 'Hawkmoth' Drone Tuner S10-25T,"主宰""天蛾""无人机调节器S10-25T",
type,Overseer Sabik Vial,监察官的萨比克小瓶,
type,Oxy-Organic Solvents,富氧有机溶剂,
type,Oxygen Fuel Block,氧燃料块,
type,Oxygen Isotopes,氧同位素,
type,P-S Compact Remote Tracking Computer,P-S紧凑型远距索敌计算机,
type,Pacifier,安抚者,ship
type,Paladin,帕拉丁级,ship
type,Pandemic SPHERE Modified Entosis Link,改良型侵噬链接 P型,
type,Panola's Modified Gravimetric ECM,帕诺拉改良型引力ECM,
type,Panola's Modified Ladar ECM,帕诺拉改良型光雷达ECM,
type,Panola's Modified Magnetometric ECM,帕诺拉改良型磁力ECM,
type,Panola's Modified Radar ECM,帕诺拉改良型雷达ECM,
type,Panola's Modified Rocket Launcher,帕诺拉改良型火箭发射器,
type,Panola's Modified Small Remote Shield Booster,帕诺拉改良小型远程护盾回充增量器,
type,Panola's Modified Small Shield Booster,帕诺拉改良小型护盾回充增量器,
type,Panther,黑豹级,ship
type,Paradoxical Nebula Firework,异相星云焰火,
type,Parallel Enduring Target Painter,平行持久型目标标记装置,
type,Partial Neurosynaptic Profile,残缺的神经突触资料,
type,Particle Accelerator Unit,粒子加速装置,
type,Particle Bore Compact Mining Laser,紧凑型采矿粒子激光钻,
type,Pashan's Turret Customization Mindlink,帕萨恩炮塔强化思维网络芯片,
type,Pashan's Turret Handling Mindlink,帕萨恩炮塔操控思维网络芯片,
type,Passive Targeter I,被动锁定器 I,
type,Passive Targeter II,被动锁定器 II,
type,Passive Targeting Array I,被动式锁定天线阵列 I,
type,Pax Amarria,《和平艾玛》,
type,PDN Passkey,PDN密钥,
type,Peculiar Data Collection,奇特的数据,
type,Pentachoron Capacitor Unit,五面体电容器处理器,
type,Peregrinus Mutanite,游隼级突变石,
type,Peripheral Compact Target Painter,外围设备紧凑型目标标记装置,
type,Perseverance,坚毅者级,ship
type,Personal Hangar Array,个人机库阵列,
type,Perun Heavy Mutadaptive Remote Armor Repairer,雷电裔重型突变适应远程装甲维修器,
type,Phantasm,幽灵级,ship
type,Pharolux Cyno Beacon,明灯诱导信标,structure
type,Phase Inversion Battery,相位倒置接收塔,
type,Phased Muon Scoped Sensor Dampener,定相介子视野型感应抑阻器,
type,Phased Plasma L,定相等离子弹 L,
type,Phased Plasma M,定相等离子弹 M,
type,Phased Plasma S,定相等离子弹 S,
type,Phased Plasma XL,定相等离子弹 XL,
type,Phased Scoped Target Painter,定相视野型目标标记装置,
type,Phenolic Composites,酚合成物,
type,Phobos,伏波斯级,ship
type,Phoenix,凤凰级,ship
type,Phoenix Navy Issue,凤凰级海军型,ship
type,Photon Microprocessor,光子微处理器,
type,Photon Scattering Array,光子散射阵列,
type,Photonic Metamaterials,光子超材料,
type,Photonic Upgraded Co-Processor,光子改良型协处理器,
type,Pilgrim,朝圣级,ship
type,Pioneer,开拓者级,ship
type,Pioneer Consortium Issue,开拓者级财团型,ship
type,Pioneer Redemption Token,开拓者级兑换凭证,
type,Pitfall Compact Warp Disruption Field Generator,陷阱紧凑型跃迁扰断力场发生器,
type,Pith A-Type EM Shield Hardener,皮特电磁护盾增强器 A型,
type,Pith A-Type Explosive Shield Hardener,皮特爆炸护盾增强器 A型,
type,Pith A-Type Kinetic Shield Hardener,皮特动能护盾增强器 A型,
type,Pith A-Type Large Shield Booster,皮特大型护盾回充增量器 A型,
type,Pith A-Type Shield Boost Amplifier,皮特护盾回充增量增效器 A型,
type,Pith A-Type Thermal Shield Hardener,皮特热能护盾增强器 A型,
type,Pith A-Type X-Large Shield Booster,皮特超大型护盾回充增量器 A型,
type,Pith B-Type EM Shield Hardener,皮特电磁护盾增强器 B型,
type,Pith B-Type Explosive Shield Hardener,皮特爆炸护盾增强器 B型,
type,Pith B-Type Kinetic Shield Hardener,皮特动能护盾增强器 B型,
type,Pith B-Type Large Shield Booster,皮特大型护盾回充增量器 B型,
type,Pith B-Type Shield Boost Amplifier,皮特护盾回充增量增效器 B型,
type,Pith B-Type Thermal Shield Hardener,皮特热能护盾增强器 B型,
type,Pith B-Type X-Large Shield Booster,皮特超大型护盾回充增量器 B型,
type,Pith C-Type EM Shield Hardener,皮特电磁护盾增强器 C型,
type,Pith C-Type Explosive Shield Hardener,皮特爆炸护盾增强器 C型,
type,Pith C-Type Kinetic Shield Hardener,皮特动能护盾增强器 C型,
type,Pith C-Type Large Shield Booster,皮特大型护盾回充增量器 C型,
type,Pith C-Type Shield Boost Amplifier,皮特护盾回充增量增效器 C型,
type,Pith C-Type Thermal Shield Hardener,皮特热能护盾增强器 C型,
type,Pith C-Type X-Large Shield Booster,皮特超大型护盾回充增量器 C型,
type,Pith X-Type EM Shield Hardener,皮特电磁护盾增强器 X型,
type,Pith X-Type Explosive Shield Hardener,皮特爆炸护盾增强器 X型,
type,Pith X-Type Kinetic Shield Hardener,皮特动能护盾增强器 X型,
type,Pith X-Type Large Shield Booster,皮特大型护盾回充增量器 X型,
type,Pith X-Type Shield Boost Amplifier,皮特护盾回充增量增效器 X型,
type,Pith X-Type Thermal Shield Hardener,皮特热能护盾增强器 X型,
type,Pith X-Type X-Large Shield Booster,皮特超大型护盾回充增量器 X型,
type,Pithi A-Type Small Remote Shield Booster,皮希伊小型远程护盾回充增量器 A型,
type,Pithi A-Type Small Shield Booster,皮希伊小型护盾回充增量器 A型,
type,Pithi B-Type Small Remote Shield Booster,皮希伊小型远程护盾回充增量器 B型,
type,Pithi B-Type Small Shield Booster,皮希伊小型护盾回充增量器 B型,
type,Pithi C-Type Small Remote Shield Booster,皮希伊小型远程护盾回充增量器 C型,
type,Pithi C-Type Small Shield Booster,皮希伊小型护盾回充增量器 C型,
type,Pithum A-Type EM Shield Amplifier,皮特姆电磁护盾增效器 A型,
type,Pithum A-Type Explosive Shield Amplifier,皮特姆爆炸护盾增效器 A型,
type,Pithum A-Type Kinetic Shield Amplifier,皮特姆动能护盾增效器 A型,
type,Pithum A-Type Medium Remote Shield Booster,皮特姆中型远程护盾回充增量器 A型,
type,Pithum A-Type Medium Shield Booster,皮特姆中型护盾回充增量器 A型,
type,Pithum A-Type Multispectrum Shield Hardener,皮特姆多谱式护盾增强器 A型,
type,Pithum A-Type Thermal Shield Amplifier,皮特姆热能护盾增效器 A型,
type,Pithum B-Type EM Shield Amplifier,皮特姆电磁护盾增效器 B型,
type,Pithum B-Type Explosive Shield Amplifier,皮特姆爆炸护盾增效器 B型,
type,Pithum B-Type Kinetic Shield Amplifier,皮特姆动能护盾增效器 B型,
type,Pithum B-Type Medium Remote Shield Booster,皮特姆中型远程护盾回充增量器 B型,
type,Pithum B-Type Medium Shield Booster,皮特姆中型护盾回充增量器 B型,
type,Pithum B-Type Multispectrum Shield Hardener,皮特姆多谱式护盾增强器 B型,
type,Pithum B-Type Thermal Shield Amplifier,皮特姆热能护盾增效器 B型,
type,Pithum C-Type EM Shield Amplifier,皮特姆电磁护盾增效器 C型,
type,Pithum C-Type Explosive Shield Amplifier,皮特姆爆炸护盾增效器 C型,
type,Pithum C-Type Kinetic Shield Amplifier,皮特姆动能护盾增效器 C型,
type,Pithum C-Type Medium Remote Shield Booster,皮特姆中型远程护盾回充增量器 C型,
type,Pithum C-Type Medium Shield Booster,皮特姆中型护盾回充增量器 C型,
type,Pithum C-Type Multispectrum Shield Hardener,皮特姆多谱式护盾增强器 C型,
type,Pithum C-Type Thermal Shield Amplifier,皮特姆热能护盾增效器 C型,
type,PL-0 Scoped Cargo Scanner,PL-0视野型货柜扫描器,
type,Plagioclase,斜长岩,
type,Plagioclase II-Grade,斜长岩（2级）,
type,Plagioclase III-Grade,斜长岩（3级）,
type,Plagioclase IV-Grade,斜长岩（4级）,
type,Plasma Pulse Generator,等离子脉冲发生器,
type,Plasma Thruster,等离子推进器,
type,Plasmonic Metamaterials,等离子体超材料,
type,Platinum,铂,
type,Platinum Technite,铂锝合金,
type,Plush Compound,纤维复合物,
type,Plutonium,钸,
type,Plutonium Charge L,钸质轨道弹 L,
type,Plutonium Charge M,钸质轨道弹 M,
type,Plutonium Charge S,钸质轨道弹 S,
type,Plutonium Charge XL,钸质轨道弹 XL,
type,Poksu Mineral Group Strong Box,波斯矿业股份保险柜,
type,Polarized 200mm AutoCannon,偏振式200mm自动加农炮,
type,Polarized 425mm AutoCannon,偏振式425mm自动加农炮,
type,Polarized 800mm Repeating Cannon,偏振式800mm频射加农炮,
type,Polarized Heavy Assault Missile Launcher,偏振式重型攻击导弹发射器,
type,Polarized Heavy Neutron Blaster,偏振式重型中子疾速炮,
type,Polarized Heavy Pulse Laser,偏振式重型脉冲激光器,
type,Polarized Light Neutron Blaster,偏振式轻型中子疾速炮,
type,Polarized Mega Pulse Laser,偏振式超级脉冲激光器,
type,Polarized Neutron Blaster Cannon,偏振式中子疾速加农炮,
type,Polarized Rocket Launcher,偏振式火箭发射器,
type,Polarized Small Focused Pulse Laser,偏振式小型聚焦脉冲激光器,
type,Polarized Torpedo Launcher,偏振式鱼雷发射器,
type,Pollucite,铯榴石,
type,Polycrase X-Grade,X级复稀金矿,
type,Polymer Reactor Array,聚合物反应堆阵列,
type,Pontifex,教皇级,ship
type,Porpoise,海豚级,ship
type,Positron Cord,正电荷圈,
type,Poteque 'Prospector' Archaeology AC-905,波特克 掘金者 考古学 AC-905,
type,Poteque 'Prospector' Astrometric Acquisition AQ-702,波特克 掘金者 天文探测 AQ-702,
type,Poteque 'Prospector' Astrometric Acquisition AQ-706,波特克 掘金者 天文探测 AQ-706,
type,Poteque 'Prospector' Astrometric Acquisition AQ-710,波特克 掘金者 天文探测 AQ-710,
type,Poteque 'Prospector' Astrometric Pinpointing AP-602,波特克 掘金者 定点测量 AP-602,
type,Poteque 'Prospector' Astrometric Pinpointing AP-606,波特克 掘金者 定点测量 AP-606,
type,Poteque 'Prospector' Astrometric Pinpointing AP-610,波特克 掘金者 定点测量 AP-610,
type,Poteque 'Prospector' Astrometric Rangefinding AR-802,波特克 掘金者 天文测距 AR-802,
type,Poteque 'Prospector' Astrometric Rangefinding AR-806,波特克 掘金者 天文测距 AR-806,
type,Poteque 'Prospector' Astrometric Rangefinding AR-810,波特克 掘金者 天文测距 AR-810,
type,Poteque 'Prospector' Environmental Analysis EY-1005,波特克 掘金者 环境分析 EY-1005,
type,Poteque 'Prospector' Hacking HC-905,波特克 掘金者 电脑破译 HC-905,
type,Poteque 'Prospector' Salvaging SV-905,波特克 掘金者 打捞 SV-905,
type,Poteque 'Prospector' Salvaging SV-906,打捞SV-906的波特克“掘金者”,
type,Powdered C-540 Graphite,粉化的C-540石墨,
type,Power Circuit,能源电路,
type,Power Conduit,能源管道,
type,Power Couplings,能源连接器,
type,Power Diagnostic System I,能源诊断系统 I,
type,Power Diagnostic System II,能源诊断系统 II,
type,PPD Fullerene Fibers,PPD富勒烯纤维,
type,Praetor EV-900,执政官EV-900,
type,Praetor I,执政官 I,
type,Praetor II,执政官 II,
type,Praetor TD-900,执政官TD-900,
type,Praxis,实践级,ship
type,Precious Alloy,精密合金,
type,Precise Compounds,精准化合物,
type,Precise Conductors,精准导体,
type,Precise Electronics,精准电子元件,
type,Predictive Light Cone Plotter,预测光锥绘图装置,
type,Presidential Information Command Burst,总统信息战指挥脉冲波,
type,Presidential Mining Foreman Burst,总统开采先锋脉冲波,
type,Presidential Skirmish Command Burst,总统游击战指挥脉冲波,
type,Pressurized Oxidizers,增压氧化剂,
type,Primae,元始级,ship
type,Prismaticite,棱柱石,
type,PRNCR-10H Highsec Ice Storm Filament,PRNCR-10H高安冰风暴纤维,
type,Pro-Nav Compact Missile Guidance Enhancer,专业导航紧凑型导弹制导增强器,
type,Pro-Trade Pamphlets,贸易倡导文,
type,Probe,探索级,ship
type,Probe Fleet Issue,探索级舰队型,ship
type,Procurer,猎获级,ship
type,Programmable Purification Membrane,可编程净化薄膜,
type,Promethium,钷,
type,Promethium Mercurite,钷汞合金,
type,Prometium,稀土钷,
type,Proof of Destruction,摧毁证明,
type,Proof of Transmission,传输证明,
type,Prophecy,先知级,ship
type,Prophecy Navy Issue,先知级海军型,ship
type,Prorator,分裂级,ship
type,Prospect,掘金者级,ship
type,Protective Equipment Patterns,受保护的设备样式,
type,Protein Delicacies,蛋白食物,
type,Proteus,海神级,ship
type,Proteus Core - Augmented Fusion Reactor,海神核心 - 增强聚变反应堆,
type,Proteus Core - Electronic Efficiency Gate,海神核心 - 电子效能组合逻辑元件,
type,Proteus Core - Friction Extension Processor,海神核心 - 分歧缓散处理器,
type,Proteus Defensive - Augmented Plating,海神防御 - 增强无人机装甲板,
type,Proteus Defensive - Covert Reconfiguration,海神防御 - 隐形优化器,
type,Proteus Defensive - Nanobot Injector,海神防御 - 纳米机器人喷注器,
type,Proteus Offensive - Drone Synthesis Projector,海神攻击 - 无人机合成投射装置,
type,Proteus Offensive - Hybrid Encoding Platform,海神攻击 - 混合解码平台,
type,Proteus Offensive - Support Processor,海神攻击 - 后勤处理器,
type,Proteus Propulsion - Hyperspatial Optimization,海神推进 - 超空间优化器,
type,Proteus Propulsion - Interdiction Nullifier,海神推进 - 拦截湮灭者,
type,Proteus Propulsion - Localized Injectors,海神推进 - 分布喷注器,
type,Proton L,质子弹 L,
type,Proton M,质子弹 M,
type,Proton S,质子弹 S,
type,Proton XL,质子弹 XL,
type,Prototype 'Arbalest' Heavy Assault Missile Launcher I,原型“劲弩”重型攻击导弹发射器I,
type,Prototype 'Arbalest' Rapid Light Missile Launcher,尖端型劲弩轻型快速导弹发射器,
type,Prototype 'Arbalest' Torpedo Launcher,尖端型劲弩鱼雷发射器,
type,Prototype 'Pluto' Ice Harvesting Drone,“冥王”原型冰矿采集无人机,
type,Prototype 'Pluto' Mining Drone,“冥王”原型采矿无人机,
type,Prototype 'Poncho' Cloaking Device I,雨布尖端型隐形装置 I,
type,Prototype Cloaking Device I,尖端型隐形装置 I,
type,Prototype Compact EM Armor Hardener I,尖端型紧凑型电磁装甲增强器 I,
type,Prototype Compact Explosive Armor Hardener I,尖端型紧凑型爆炸装甲增强器 I,
type,Prototype Compact Kinetic Armor Hardener I,尖端型紧凑型动能装甲增强器 I,
type,Prototype Compact Thermal Armor Hardener I,尖端型紧凑型热能装甲增强器 I,
type,Prototype Hyperspatial Accelerator,尖端型超空间加速装置,
type,Prototype Jump Drive Economizer,尖端型跳跃引擎节能装置,
type,Prototype Precise Dual 1000mm Railgun,尖端型精准双联1000mm磁轨炮,
type,Prototype Precise Hexa 2500mm Repeating Cannon,尖端型精准六联2500mm频射加农炮,
type,Prototype Precise Quad 3500mm Siege Artillery,尖端型精准四联3500mm会战火炮,
type,Prototype Precise Quad 800mm Repeating Cannon,尖端型精准四联800mm频射加农炮,
type,Providence,普罗维登斯级,ship
type,Prowler,徘徊者级,ship
type,Proximity-15 'Extraction' Filament,"近邻-15""采集""纤维",
type,Proximity-5 'Extraction' Filament,"近邻-5""采集""纤维",
type,Pulsar Flare Firework,脉冲星之辉烟火,
type,Pulse Activated Nexus Invulnerability Core,脉冲激活式关联全能核心,
type,Pulse Shield Emitter,脉冲护盾发射器,
type,Punisher,惩罚者级,ship
type,Pure Improved Blue Pill Booster,纯加强型蓝色药丸增效体,
type,Pure Improved Crash Booster,纯加强型撞击感增效体,
type,Pure Improved Drop Booster,纯加强型坠落感增效体,
type,Pure Improved Exile Booster,纯加强型游离感增效体,
type,Pure Improved Frentix Booster,纯加强型疯癫增效体,
type,Pure Improved Mindflood Booster,纯加强型思维冲击增效体,
type,Pure Improved Sooth Sayer Booster,纯加强型梦呓增效体,
type,Pure Improved X-Instinct Booster,纯加强型X—本能增效体,
type,Pure Standard Blue Pill Booster,纯标准型蓝色药丸增效体,
type,Pure Standard Crash Booster,纯标准型撞击感增效体,
type,Pure Standard Drop Booster,纯标准型坠落感增效体,
type,Pure Standard Exile Booster,纯标准型游离感增效体,
type,Pure Standard Frentix Booster,纯标准型疯癫增效体,
type,Pure Standard Mindflood Booster,纯标准型思维冲击增效体,
type,Pure Standard Sooth Sayer Booster,纯标准型梦呓增效体,
type,Pure Standard X-Instinct Booster,纯标准型X—本能增效体,
type,Pure Strong Blue Pill Booster,纯超强型蓝色药丸增效体,
type,Pure Strong Crash Booster,纯超强型撞击感增效体,
type,Pure Strong Drop Booster,纯超强型坠落感增效体,
type,Pure Strong Exile Booster,纯超强型游离感增效体,
type,Pure Strong Frentix Booster,纯超强型疯癫增效体,
type,Pure Strong Mindflood Booster,纯超强型思维冲击增效体,
type,Pure Strong Sooth Sayer Booster,纯超强型梦呓增效体,
type,Pure Strong X-Instinct Booster,纯超强型X—本能增效体,
type,Pure Synth Blue Pill Booster,纯合成型蓝色药丸增效体,
type,Pure Synth Crash Booster,纯合成型撞击感增效体,
type,Pure Synth Drop Booster,纯合成型坠落感增效体,
type,Pure Synth Exile Booster,纯合成型游离感增效体,
type,Pure Synth Frentix Booster,纯合成型疯癫增效体,
type,Pure Synth Mindflood Booster,纯合成型思维冲击增效体,
type,Pure Synth Sooth Sayer Booster,纯合成型梦呓增效体,
type,Pure Synth X-Instinct Booster,纯合成型X—本能增效体,
type,Purifier,净化级,ship
type,Purloined Sansha Data Analyzer,缴获的萨沙数据分析仪,
type,Pyerite,类晶体胶矿,
type,Pyroxeres,干焦岩,
type,Pyroxeres 0-Grade,干焦岩（0级）,
type,Pyroxeres II-Grade,干焦岩（2级）,
type,Pyroxeres III-Grade,干焦岩（3级）,
type,Pyroxeres IV-Grade,干焦岩（4级）,
type,Python,巨蟒级,ship
type,Quad 3500mm Siege Artillery I,四联3500mm会战型火炮 I,
type,Quad 3500mm Siege Artillery II,四联3500mm会战型火炮 II,
type,Quad 800mm Repeating Cannon I,四联800mm频射加农炮 I,
type,Quad 800mm Repeating Cannon II,四联800mm频射加农炮 II,
type,Quad Afocal Light Laser I,四联无焦点轻型激光器I,
type,Quad Anode Light Particle Stream I,四联阳极轻型粒子束 I,
type,Quad Light Beam Laser I,四联轻型集束激光器 I,
type,Quad Light Beam Laser II,四联轻型集束激光器 II,
type,Quad Mega Pulse Laser I,四联超级脉冲激光器 I,
type,Quad Mega Pulse Laser II,四联超级脉冲激光器 II,
type,Quad Modal Light Laser I,四联增强模式轻型激光器 I,
type,Quad Modulated Light Energy Beam I,四联调制型轻型能量光束 I,
type,Quafe,酷菲,
type,Quafe Hyper,超能酷菲,
type,Quafe Ultra,酷菲特强,
type,Quafe Ultra Special Edition,酷菲特强限定版,
type,Quafe Zero Classic,酷菲零度 经典款,
type,Quafe Zero Green Apple,酷菲零度青苹果味,
type,Quake L,地震 L,
type,Quake M,地震 M,
type,Quake S,地震 S,
type,Quake XL,地震 XL,
type,Quantum Microprocessor,量子微处理器,
type,Quest Survey Probe I,追求者测量探针 I,
type,R-O Trigger Neurolink Conduit,R-O触发式神经链接回路,
type,R.A.M.- Ammunition Tech,R.A.M. - 弹药科技,
type,R.A.M.- Armor/Hull Tech,R.A.M. - 装甲/船体科技,
type,R.A.M.- Cybernetics,R.A.M. - 控制模块,
type,R.A.M.- Electronics,R.A.M. - 电子元件,
type,R.A.M.- Energy Tech,R.A.M. - 能源科技,
type,R.A.M.- Robotics,R.A.M. - 机器人技术,
type,R.A.M.- Shield Tech,R.A.M. - 护盾科技,
type,R.A.M.- Starship Tech,R.A.M. - 星舰科技,
type,R.A.M.- Weapon Tech,R.A.M. - 武器科技,
type,R.Db - Boundless Creations,R.Db 无限创造,
type,R.Db - Carthum Conglomerate,R.Db 天主凝聚会,
type,R.Db - Core Complexion,R.Db 核心局面,
type,R.Db - CreoDron,R.Db 西顿,
type,R.Db - Duvolle Labs,R.Db 度沃勒实验室,
type,R.Db - Ishukone,R.Db 异株湖数据库,
type,R.Db - Kaalakiota,R.Db 卡拉吉塔数据库,
type,R.Db - Khanid Innovation,R.Db 卡尼迪创新,
type,R.Db - Lai Dai,R.Db 莱戴,
type,R.Db - Roden Shipyards,R.Db 莱登船业,
type,R.Db - Thukker Mix,R.Db 图克尔混合企业,
type,R.Db - Viziam,R.Db 维鲜集团,
type,Rabisu,拉比苏级,ship
type,Radar ECM I,雷达ECM I,
type,Radar ECM II,雷达ECM II,
type,Radar Sensor Cluster,雷达感应器组,
type,Radar-FTL Interlink Communicator,雷达超光速链接通信器,
type,Radiation Absorption Thruster,辐射吸收推进器,
type,Radical Drone Damage Amplifier Mutaplasmid,激进的无人机伤害增效装置突变质体,
type,Radical Drone Link Augmentor Mutaplasmid,激进型无人机链接增效器突变质体,
type,Radical Drone Navigation Computer Mutaplasmid,激进型无人机导航计算机突变质体,
type,Radical Fighter Support Unit Mutaplasmid,激进的铁骑舰载机辅助单元突变质体,
type,Radical Omnidirectional Tracking Enhancer Mutaplasmid,激进型全方位索敌增强器突变质体,
type,Radical Omnidirectional Tracking Link Mutaplasmid,激进型全方位索敌连接突变质体,
type,Radio L,射频晶体 L,
type,Radio M,射频晶体 M,
type,Radio S,射频晶体 S,
type,Radio XL,射频晶体 XL,
type,Raelek's Tag,瑞利克的铭牌,
type,Raging Dark Filament,狂怒黑暗深渊纤维,
type,Raging Electrical Filament,狂怒电子深渊纤维,
type,Raging Exotic Filament,狂怒异种深渊纤维,
type,Raging Firestorm Filament,狂怒火瀑深渊纤维,
type,Raging Gamma Filament,狂怒伽玛深渊纤维,
type,Ragnarok,拉格纳洛克级,ship
type,Raiju,雷兽级,ship
type,Raitaru,莱塔卢,structure
type,Raitaru Upwell Quantum Core,莱塔卢昇威量子芯,
type,Rakovene,拉克岩,
type,Rakovene II-Grade,拉克岩（2级）,
type,Rakovene III-Grade,拉克岩（3级）,
type,Ramaku's Modified 1MN Afterburner,拉玛库改良型1MN加力燃烧器,
type,Ramaku's Modified 200mm AutoCannon,拉玛库改良型200mm自动加农炮,
type,Ramaku's Modified 5MN Microwarpdrive,拉玛库改良型5MN微型跃迁推进器,
type,Ramaku's Modified Small Remote Shield Booster,拉玛库改良小型远程护盾回充增量器,
type,Ramaku's Modified Small Shield Booster,拉玛库改良小型护盾回充增量器,
type,Rampancy Data Dump,猖獗数据转储,
type,Rapid Deployment Charge,快速部署弹药,
type,Rapid Equipment Assembly Array,快速装备组装阵列,
type,Rapid Heavy Missile Launcher I,重型快速导弹发射器 I,
type,Rapid Heavy Missile Launcher II,重型快速导弹发射器 II,
type,Rapid Light Missile Launcher I,轻型快速导弹发射器 I,
type,Rapid Light Missile Launcher II,轻型快速导弹发射器 II,
type,Rapid Repair Charge,快速修理弹药,
type,Rapid Torpedo Launcher I,快速鱼雷发射器 I,
type,Rapid Torpedo Launcher II,快速鱼雷发射器 II,
type,Rapier,长剑级,ship
type,Raptor,猛禽级,ship
type,Rare Moon Mining Crystal Type A I,稀有卫星矿石采集晶体A型 I,
type,Rare Moon Mining Crystal Type A II,稀有卫星矿石采集晶体A型 II,
type,Rare Moon Mining Crystal Type B I,稀有卫星矿石采集晶体B型 I,
type,Rare Moon Mining Crystal Type B II,稀有卫星矿石采集晶体B型 II,
type,Rare Moon Mining Crystal Type C I,稀有卫星矿石采集晶体C型 I,
type,Rare Moon Mining Crystal Type C II,稀有卫星矿石采集晶体C型 II,
type,Rash Compact Burst Jammer,鲁莽紧凑型脉冲干扰器,
type,Raspite X-Grade,X级斜钨铅矿,
type,Rattlesnake,响尾蛇级,ship
type,Raven,乌鸦级,ship
type,Raven Navy Issue,乌鸦级海军型,ship
type,Raven State Issue,乌鸦级政府型,ship
type,Raysere Giant's Tag,莱塞勒·捷安特的铭牌,
type,Raysere's Modified Cap Recharger,莱塞勒氏改良型电容回充器,
type,Raysere's Modified Capacitor Power Relay,莱塞勒氏改良型电容能源继电器,
type,Raysere's Modified Dual Heavy Beam Laser,莱塞勒氏改良型双联重型集束激光器,
type,Raysere's Modified EM Armor Hardener,莱塞勒氏改良型电磁装甲增强器,
type,Raysere's Modified EM Coating,莱塞勒氏改良型电磁涂层,
type,Raysere's Modified EM Energized Membrane,莱塞勒氏改良型电磁电压薄膜,
type,Raysere's Modified Explosive Armor Hardener,莱塞勒氏改良型爆炸装甲增强器,
type,Raysere's Modified Explosive Coating,莱塞勒氏改良型爆炸涂层,
type,Raysere's Modified Explosive Energized Membrane,莱塞勒氏改良型爆炸电压薄膜,
type,Raysere's Modified Heat Sink,莱塞勒氏改良型散热槽,
type,Raysere's Modified Heavy Capacitor Booster,莱塞勒氏改良型重型电容注电器,
type,Raysere's Modified Heavy Energy Neutralizer,莱塞勒氏改良型重型能量中和器,
type,Raysere's Modified Heavy Energy Nosferatu,莱塞勒氏改良型重型掠能器,
type,Raysere's Modified Kinetic Armor Hardener,莱塞勒氏改良型爆炸装甲增强器,
type,Raysere's Modified Kinetic Coating,莱塞勒氏改良型动能涂层,
type,Raysere's Modified Kinetic Energized Membrane,莱塞勒氏改良型动能电压薄膜,
type,Raysere's Modified Large Armor Repairer,莱塞勒氏改良大型装甲维修器,
type,Raysere's Modified Large EMP Smartbomb,莱塞勒氏改良大型EMP立体炸弹,
type,Raysere's Modified Mega Beam Laser,莱塞勒氏改良型超级集束激光器,
type,Raysere's Modified Multispectrum Coating,莱塞勒氏改良型多谱式涂层,
type,Raysere's Modified Multispectrum Energized Membrane,莱塞勒氏改良型多谱式电压薄膜,
type,Raysere's Modified Power Diagnostic System,莱塞勒氏改良型能源诊断系统,
type,Raysere's Modified Reactor Control Unit,莱塞勒氏改良型反应堆控制元件,
type,Raysere's Modified Tachyon Beam Laser,莱塞勒氏改良型超光速粒子集束激光器,
type,Raysere's Modified Thermal Armor Hardener,莱塞勒氏改良型热能装甲增强器,
type,Raysere's Modified Thermal Coating,莱塞勒氏改良型热能涂层,
type,Raysere's Modified Thermal Energized Membrane,莱塞勒氏改良型热能电压薄膜,
type,RDLF-10L Lowsec Ice Storm Filament,RDLF-10L低安冰风暴纤维,
type,Reaction-Orienting Neurolink Stabilizer,反应式神经链接稳定器,
type,Reactive Armor Hardener,反应式装甲增强器,
type,Reactor Control Unit I,反应堆控制元件 I,
type,Reactor Control Unit II,反应堆控制元件 II,
type,Reaper,死神号,ship
type,Reconfigured Subspace Calibrator,重配置的亚空间校准器,
type,Reconstructed Spectral Vision Amarr,重建的光谱视觉艾玛,
type,Reconstructed Spectral Vision Annihilation,重建的光谱视觉歼灭战,
type,Reconstructed Spectral Vision Gallente Prime,重建的光谱视觉盖伦特首星,
type,Reconstructed Spectral Vision Jita,重建的光谱视觉吉他,
type,Reconstructed Spectral Vision Matar,重建的光谱视觉玛塔尔,
type,Reconstructed Spectral Vision Torment,重建的光谱视觉苦战,
type,Redeemer,救世级,ship
type,Redoubt Element,堡垒元素,
type,Redoubt Index,堡垒索引,
type,Redoubt Sequence 0,堡垒序列0,
type,Redoubt Sequence 1,堡垒序列1,
type,Refugees,难民们,
type,Regulated Compact Ion Siege Blaster,校准型紧凑型离子会战疾速炮,
type,Regulated Compact Triple Neutron Blaster Cannon,校准型紧凑型三中子疾速加农炮,
type,Regulated Electron Phase Cannon I,校准型电子相位加农炮 I,
type,Regulated Ion Phase Cannon I,校准型离子相位加农炮 I,
type,Regulated Light Electron Phase Cannon I,校准型轻型电子相位加农炮 I,
type,Regulated Light Ion Phase Cannon I,校准型轻型离子相位加农炮 I,
type,Regulated Light Neutron Phase Cannon I,校准型轻型中子相位加农炮 I,
type,Regulated Mega Electron Phase Cannon I,校准型超级电子相位加农炮 I,
type,Regulated Mega Ion Phase Cannon I,校准型超级离子相位加农炮 I,
type,Regulated Mega Neutron Phase Cannon I,校准型超级中子相位加农炮 I,
type,Regulated Neutron Phase Cannon I,校准型中子相位加农炮 I,
type,Reinforced Bulkheads I,强化舱隔壁 I,
type,Reinforced Bulkheads II,强化舱隔壁 II,
type,Reinforced Carbon Fiber,强化碳纤维,
type,Reinforced Metal Scraps,强化金属碎片,
type,Reinforced Metallofullerene Alloys,加强型金属富勒烯合金,
type,Relic Analyzer I,遗迹分析仪 I,
type,Relic Analyzer II,遗迹分析仪 II,
type,Remote Sensor Booster I,远程感应增强器 I,
type,Remote Sensor Booster II,远程感应增强器 II,
type,Remote Sensor Dampener I,远程感应抑阻器 I,
type,Remote Sensor Dampener II,远程感应抑阻器 II,
type,Remote Tracking Computer I,远距索敌计算机 I,
type,Remote Tracking Computer II,远距索敌计算机 II,
type,Repelling Shield Emitter,斥力护盾发射器,
type,Replete Carnotite,盈钒钾铀矿,
type,Replete Cinnabar,盈朱砂,
type,Replete Pollucite,盈铯榴石,
type,Replete Zircon,盈锆石,
type,Reports,报告,
type,Reprocessing Array,提炼阵列,
type,Republic Defense Booster I,共和国防御增效剂I,
type,Republic Defense Booster II,共和国防御增效剂II,
type,Republic Defense Booster III,共和国防御增效剂III,
type,Republic Electronics Booster I,共和国电子系统增效剂I,
type,Republic Electronics Booster II,共和国电子系统增效剂II,
type,Republic Electronics Booster III,共和国电子系统增效剂III,
type,Republic Fleet 100MN Afterburner,共和舰队100MN加力燃烧器,
type,Republic Fleet 10MN Afterburner,共和舰队10MN加力燃烧器,
type,Republic Fleet 1200mm Artillery,共和舰队1200mm火炮,
type,Republic Fleet 125mm Autocannon,共和舰队125mm自动加农炮,
type,Republic Fleet 1400mm Howitzer Artillery,共和舰队1400mm榴弹炮,
type,Republic Fleet 150mm Autocannon,共和舰队150mm自动加农炮,
type,Republic Fleet 1MN Afterburner,共和舰队1MN加力燃烧器,
type,Republic Fleet 200mm Autocannon,共和舰队200mm自动加农炮,
type,Republic Fleet 220mm Autocannon,共和舰队220mm自动加农炮,
type,Republic Fleet 250mm Artillery,共和舰队250mm火炮,
type,Republic Fleet 280mm Howitzer Artillery,共和舰队280mm榴弹炮,
type,Republic Fleet 425mm Autocannon,共和舰队425mm自动加农炮,
type,Republic Fleet 500MN Microwarpdrive,共和舰队500MN微型跃迁推进器,
type,Republic Fleet 50MN Microwarpdrive,共和舰队50MN微型跃迁推进器,
type,Republic Fleet 5MN Microwarpdrive,共和舰队5MN微型跃迁推进器,
type,Republic Fleet 650mm Artillery,共和舰队650mm火炮,
type,Republic Fleet 720mm Howitzer Artillery,共和舰队720mm榴弹炮,
type,Republic Fleet 800mm Repeating Cannon,共和舰队800mm频射加农炮,
type,Republic Fleet Ballistic Control System,共和舰队弹道控制系统,
type,Republic Fleet Bastion Module,共和舰队堡垒装备,
type,Republic Fleet Berserker,共和舰队狂战士,
type,Republic Fleet Bouncer,共和舰队保镖,
type,Republic Fleet Captain Insignia I,共和舰队上尉勋章I,
type,Republic Fleet Carbonized Lead L,共和舰队碳铅弹 L,
type,Republic Fleet Carbonized Lead M,共和舰队碳铅弹 M,
type,Republic Fleet Carbonized Lead S,共和舰队碳铅弹 S,
type,Republic Fleet Carbonized Lead XL,共和舰队碳铅弹 XL,
type,Republic Fleet Command Mindlink,共和舰队指挥思维网络芯片,
type,Republic Fleet Commander Insignia I,共和舰队指挥官勋章I,
type,Republic Fleet Commander Insignia II,共和舰队指挥官勋章II,
type,Republic Fleet Cruise Missile Launcher,共和舰队巡航导弹发射器,
type,Republic Fleet Depleted Uranium L,共和舰队贫铀弹 L,
type,Republic Fleet Depleted Uranium M,共和舰队贫铀弹 M,
type,Republic Fleet Depleted Uranium S,共和舰队贫铀弹 S,
type,Republic Fleet Depleted Uranium XL,共和舰队贫铀弹 XL,
type,Republic Fleet Dromi,共和舰队德洛米,
type,Republic Fleet Dual 180mm Autocannon,共和舰队双联180mm自动加农炮,
type,Republic Fleet Dual 425mm Autocannon,共和舰队双联425mm自动加农炮,
type,Republic Fleet Dual 650mm Repeating Cannon,共和舰队双联650mm频射加农炮,
type,Republic Fleet Einherji,共和舰队因赫吉舰载机,
type,Republic Fleet EM Armor Hardener,共和舰队电磁装甲增强器,
type,Republic Fleet EM Coating,共和舰队电磁涂层,
type,Republic Fleet EM Shield Amplifier,共和舰队电磁护盾增效器,
type,Republic Fleet EMP L,共和舰队电磁脉冲弹 L,
type,Republic Fleet EMP M,共和舰队电磁脉冲弹 M,
type,Republic Fleet EMP S,共和舰队电磁脉冲弹 S,
type,Republic Fleet EMP XL,共和舰队电磁脉冲弹 XL,
type,Republic Fleet Explosive Armor Hardener,共和舰队爆炸装甲增强器,
type,Republic Fleet Explosive Coating,共和舰队爆炸涂层,
type,Republic Fleet Explosive Shield Amplifier,共和舰队爆炸护盾增效器,
type,Republic Fleet Firetail,共和舰队火尾鸡级,ship
type,Republic Fleet Fusion L,共和舰队聚变弹 L,
type,Republic Fleet Fusion M,共和舰队聚变弹 M,
type,Republic Fleet Fusion S,共和舰队聚变弹 S,
type,Republic Fleet Fusion XL,共和舰队聚变弹 XL,
type,Republic Fleet Gram,共和舰队格拉墨,
type,Republic Fleet Gyrostabilizer,共和舰队回转稳定器,
type,Republic Fleet Heavy Assault Missile Launcher,共和舰队重型攻击导弹发射器,
type,Republic Fleet Heavy Missile Launcher,共和舰队重型导弹发射器,
type,Republic Fleet High Captain Insignia I,共和舰队高级上尉勋章I,
type,Republic Fleet Kinetic Armor Hardener,共和舰队动能装甲增强器,
type,Republic Fleet Kinetic Coating,共和舰队动能涂层,
type,Republic Fleet Kinetic Shield Amplifier,共和舰队动能护盾增效器,
type,Republic Fleet Large Armor Repairer,共和舰队大型装甲维修器,
type,Republic Fleet Large Cap Battery,共和舰队大型电容器电池,
type,Republic Fleet Large Proton Smartbomb,共和舰队大型质子立体炸弹,
type,Republic Fleet Large Remote Shield Booster,共和舰队 大型远程护盾回充增量器,
type,Republic Fleet Large Shield Booster,共和舰队大型护盾回充增量器,
type,Republic Fleet Large Shield Extender,共和舰队大型护盾扩展装置,
type,Republic Fleet Light Missile Launcher,共和舰队轻型导弹发射器,
type,Republic Fleet Medium Armor Repairer,共和舰队中型装甲维修器,
type,Republic Fleet Medium Cap Battery,共和舰队中型电容器电池,
type,Republic Fleet Medium Proton Smartbomb,共和舰队中型质子立体炸弹,
type,Republic Fleet Medium Shield Booster,共和舰队中型护盾回充增量器,
type,Republic Fleet Medium Shield Extender,共和舰队中型护盾扩展装置,
type,Republic Fleet Micro Proton Smartbomb,共和舰队微型质子立体炸弹,
type,Republic Fleet Midshipman Insignia I,共和舰队预备军官勋章I,
type,Republic Fleet Midshipman Insignia II,共和舰队预备军官勋章II,
type,Republic Fleet Midshipman Insignia III,共和舰队预备军官勋章III,
type,Republic Fleet Mining Survey Chipset,共和舰队采矿调查芯片组,
type,Republic Fleet Missile Guidance Computer,共和舰队导弹制导计算机,
type,Republic Fleet Missile Guidance Enhancer,共和舰队导弹制导增强器,
type,Republic Fleet Multispectrum Coating,共和舰队多谱式涂层,
type,Republic Fleet Nanofiber Structure,共和舰队纳米纤维构架,
type,Republic Fleet Navy Commander Insignia,共和舰队海军指挥官勋章,
type,Republic Fleet Navy Rear-Admiral Insignia,共和舰队海军少将勋章,
type,Republic Fleet Nuclear L,共和舰队核芯弹 L,
type,Republic Fleet Nuclear M,共和舰队核芯弹 M,
type,Republic Fleet Nuclear S,共和舰队核芯弹 S,
type,Republic Fleet Nuclear XL,共和舰队核芯弹 XL,
type,Republic Fleet Ordnance Supply Package,共和舰队军械处补给包,
type,Republic Fleet Overdrive Injector,共和舰队超载喷注器,
type,Republic Fleet Phased Plasma L,共和舰队定相等离子弹 L,
type,Republic Fleet Phased Plasma M,共和舰队定相等离子弹 M,
type,Republic Fleet Phased Plasma S,共和舰队定相等离子弹 S,
type,Republic Fleet Phased Plasma XL,共和舰队定相等离子弹 XL,
type,Republic Fleet Private Elite Insignia,共和舰队特殊精英勋章,
type,Republic Fleet Private Insignia I,共和舰队特殊勋章I,
type,Republic Fleet Private Insignia II,共和舰队特殊勋章II,
type,Republic Fleet Private Insignia III,共和舰队特殊勋章III,
type,Republic Fleet Private Insignia IV,共和舰队特殊勋章IV,
type,Republic Fleet Private Insignia V,共和舰队特殊勋章V,
type,Republic Fleet Proton L,共和舰队质子弹 L,
type,Republic Fleet Proton M,共和舰队质子弹 M,
type,Republic Fleet Proton S,共和舰队质子弹 S,
type,Republic Fleet Proton XL,共和舰队质子弹 XL,
type,Republic Fleet Raid Leader Insignia,共和舰队突击队长勋章,
type,Republic Fleet Rapid Heavy Missile Launcher,共和舰队重型快速导弹发射器,
type,Republic Fleet Rapid Light Missile Launcher,共和舰队轻型快速导弹发射器,
type,Republic Fleet Rocket Launcher,共和舰队火箭发射器,
type,Republic Fleet Shield Boost Amplifier,共和舰队护盾回充增量增效器,
type,Republic Fleet Shield Recharger,共和舰队护盾回充器,
type,Republic Fleet Small Armor Repairer,共和舰队小型装甲维修器,
type,Republic Fleet Small Cap Battery,共和舰队小型电容器电池,
type,Republic Fleet Small Proton Smartbomb,共和舰队小型质子立体炸弹,
type,Republic Fleet Small Shield Booster,共和舰队小型护盾回充增量器,
type,Republic Fleet Small Shield Extender,共和舰队小型护盾扩展装置,
type,Republic Fleet Squad Leader Insignia,共和舰队小队长勋章,
type,Republic Fleet Stasis Webifier,共和舰队停滞缠绕光束,
type,Republic Fleet Target Painter,共和舰队目标标记装置,
type,Republic Fleet Thermal Armor Hardener,共和舰队热能装甲增强器,
type,Republic Fleet Thermal Coating,共和舰队热能涂层,
type,Republic Fleet Thermal Shield Amplifier,共和舰队热能护盾增效器,
type,Republic Fleet Titanium Sabot L,共和舰队钛合金萨博弹 L,
type,Republic Fleet Titanium Sabot M,共和舰队钛合金萨博弹 M,
type,Republic Fleet Titanium Sabot S,共和舰队钛合金萨博弹 S,
type,Republic Fleet Titanium Sabot XL,共和舰队钛合金萨博弹 XL,
type,Republic Fleet Torpedo Launcher,共和舰队鱼雷发射器,
type,Republic Fleet Tracking Enhancer,共和舰队索敌增强器,
type,Republic Fleet Valkyrie,共和舰队瓦尔基里,
type,Republic Fleet Warp Disruptor,共和舰队跃迁扰断器,
type,Republic Fleet Warp Scrambler,共和舰队跃迁扰频器,
type,Republic Fleet Warrior,共和舰队武士,
type,Republic Fleet X-Large Shield Booster,共和舰队超大型护盾回充增量器,
type,Republic Hardpoint Booster I,共和国挂载点增效剂I,
type,Republic Hardpoint Booster II,共和国挂载点增效剂II,
type,Republic Hardpoint Booster III,共和国挂载点增效剂III,
type,Republic Mobility Booster I,共和国机动性增效剂I,
type,Republic Mobility Booster II,共和国机动性增效剂II,
type,Republic Mobility Booster III,共和国机动性增效剂III,
type,Republic Special Ops Field Enhancer - Gamma,共和国别动队战场增效体—伽玛型,
type,Research Component,研究组件,
type,Research Laboratory,研究实验室,
type,Research Tools,研究工具,
type,Resonance Calibration Matrix,谐波校准矩阵,
type,Responsive Auto-Targeting System I,被动式自动锁定系统 I,
type,Restrained Compounds,抑制型化合物,
type,Restrained Conductors,抑制型导体,
type,Restrained Electronics,抑制型电子元件,
type,Restricted Hyperspace Telemetry,受限超空间遥测,
type,Retribution,审判者级,ship
type,Retriever,回旋者级,ship
type,Revelation,神示级,ship
type,Revelation Navy Issue,神示级海军型,ship
type,Revelli’s Modified Integrated Analyzer,雷维利的改良型集成式分析仪,
type,Revenant,归魂者级,ship
type,Rhea,奥鸟级,ship
type,Rifter,裂谷级,ship
type,Rimefrost Starburst Firework,霜雾之星晶爆焰火,
type,Rocket Launcher I,火箭发射器 I,
type,Rocket Launcher II,火箭发射器 II,
type,Roden YC128 Campaign Bus,YC128年莱登竞选巴士,ship
type,Roden’s Modified Nanofiber Internal Structure,莱登的改良型纳米纤维内部构架,
type,Rodiva,洛迪瓦级,ship
type,Rogue Drone 42-X Nexus Chip,自由无人机42-X关联芯片,
type,Rogue Drone 43-X Nexus Chip,自由无人机43-X关联芯片,
type,Rogue Drone 46-X Nexus Chip,自由无人机46-X关联芯片,
type,Rogue Drone Infestation Data,自由无人机滋生数据,
type,Rokh,鹏鲲级,ship
type,Rolled Tungsten Alloy,轧制钨合金,
type,Rook,白嘴鸦级,ship
type,Rorqual,长须鲸级,ship
type,RSS Core Scanner Probe,RSS核心扫描探针,
type,Rupture,断崖级,ship
type,Ryhad's Modified Heavy Pulse Laser,莉哈德改良重型脉冲激光器,
type,Ryhad's Modified Medium Armor Repairer,莉哈德改良中型装甲维修器,
type,Ryhad's Modified Medium Remote Armor Repairer,莉哈德改良中型远程装甲维修器,
type,S-107 Entangled GQD,S-107纠缠型GQD,
type,S-133 Entangled GQD,S-133纠缠型GQD,
type,S-158 Entangled GQD,S-158纠缠型GQD,
type,S-172 Entangled GQD,S-172纠缠型GQD,
type,S-R Trigger Neurolink Conduit,S-R触发式神经链接回路,
type,Sabre,剑齿虎级,ship
type,Sacrilege,渎圣级,ship
type,Salvage Drone I,打捞无人机 I,
type,Salvage Drone II,打捞无人机 II,
type,Salvager I,打捞器 I,
type,Salvager II,打捞器 II,
type,Salvation,救赎级,ship
type,Salvation Angels Strong Box,打捞天使集团保险柜,
type,Sansha Brass Tag,萨沙黄铜铭牌,
type,Sansha Bronze Tag,萨沙青铜铭牌,
type,Sansha Control Tower,萨沙控制塔,
type,Sansha Control Tower Medium,萨沙中型控制塔,
type,Sansha Control Tower Small,萨沙小型控制塔,
type,Sansha Copper Tag,萨沙铜质铭牌,
type,Sansha Crystal Tag,萨沙水晶铭牌,
type,Sansha Diamond Tag,萨沙钻石铭牌,
type,Sansha Electrum Tag,萨沙合金铭牌,
type,Sansha Energy Neutralizing Battery,萨沙能量中和波发射台,
type,Sansha Gold Tag,萨沙黄金铭牌,
type,Sansha Large Beam Laser Battery,萨沙大型集束激光炮台,
type,Sansha Large Pulse Laser Battery,萨沙大型脉冲激光炮台,
type,Sansha Medium Beam Laser Battery,萨沙中型集束激光炮台,
type,Sansha Medium Pulse Laser Battery,萨沙中型脉冲激光炮台,
type,Sansha Modified 'Gnome' Implant,萨沙改进型侏儒植入体,
type,Sansha NET Resonator,萨沙NET共振器,
type,Sansha Palladium Tag,萨沙钯金铭牌,
type,Sansha Platinum Tag,萨沙白金铭牌,
type,Sansha Silver Tag,萨沙银质铭牌,
type,Sansha Small Beam Laser Battery,萨沙小型集束激光炮台,
type,Sansha Small Pulse Laser Battery,萨沙小型脉冲激光炮台,
type,Sanshas Gamma L,萨沙伽玛晶体 L,
type,Sanshas Gamma M,萨沙伽玛晶体 M,
type,Sanshas Gamma S,萨沙伽玛晶体 S,
type,Sanshas Gamma XL,萨沙伽玛晶体 XL,
type,Sanshas Infrared L,萨沙红外晶体 L,
type,Sanshas Infrared M,萨沙红外晶体 M,
type,Sanshas Infrared S,萨沙红外晶体 S,
type,Sanshas Infrared XL,萨沙红外晶体 XL,
type,Sanshas Microwave L,萨沙微波晶体 L,
type,Sanshas Microwave M,萨沙微波晶体 M,
type,Sanshas Microwave S,萨沙微波晶体 S,
type,Sanshas Microwave XL,萨沙微波晶体 XL,
type,Sanshas Multifrequency L,萨沙多频晶体 L,
type,Sanshas Multifrequency M,萨沙多频晶体 M,
type,Sanshas Multifrequency S,萨沙多频晶体 S,
type,Sanshas Multifrequency XL,萨沙多频晶体 XL,
type,Sanshas Radio L,萨沙射频晶体 L,
type,Sanshas Radio M,萨沙射频晶体 M,
type,Sanshas Radio S,萨沙射频晶体 S,
type,Sanshas Radio XL,萨沙射频晶体 XL,
type,Sanshas Standard L,萨沙标准晶体 L,
type,Sanshas Standard M,萨沙标准晶体 M,
type,Sanshas Standard S,萨沙标准晶体 S,
type,Sanshas Standard XL,萨沙标准晶体 XL,
type,Sanshas Ultraviolet L,萨沙紫外晶体 L,
type,Sanshas Ultraviolet M,萨沙紫外晶体 M,
type,Sanshas Ultraviolet S,萨沙紫外晶体 S,
type,Sanshas Ultraviolet XL,萨沙紫外晶体 XL,
type,Sanshas Xray L,萨沙X射线晶体 L,
type,Sanshas Xray M,萨沙X射线晶体 M,
type,Sanshas Xray S,萨沙X射线晶体 S,
type,Sanshas Xray XL,萨沙X射线晶体 XL,
type,Sarathiel,萨拉希尔,ship
type,Satori-Horigu Combat Scanner Probe,悟道作战扫描探针,
type,Satyr I,萨梯 I,
type,Satyr II,萨梯 II,
type,Scalar Capacitor Unit,标量电容器单元,
type,Scalpel,手术刀级,ship
type,Scan Acquisition Array I,扫描精准阵列 I,
type,Scan Acquisition Array II,扫描精准阵列 II,
type,Scan Pinpointing Array I,扫描定位阵列 I,
type,Scan Pinpointing Array II,扫描定位阵列 II,
type,Scan Rangefinding Array I,扫描测距阵列 I,
type,Scan Rangefinding Array II,扫描测距阵列 II,
type,Scan Resolution Dampening Script,扫描分辨率抑阻脚本,
type,Scan Resolution Script,扫描分辨率修正脚本,
type,Scandium,钪,
type,Scandium Metallofullerene,金属富勒烯钪,
type,SCARAB Breacher Pod M,圣甲虫突破者座舱M,
type,SCARAB Breacher Pod S,圣甲虫突破者座舱S,
type,Scarab I,圣甲虫 I,
type,Scarab II,圣甲虫 II,
type,Scarlet Embrace Firework,血红环绕焰火,
type,Scheelite,白钨矿,
type,Science Graduates,理科毕业生,
type,Scimitar,曲剑级,ship
type,Scoped Compounds,视野型化合物,
type,Scoped Conductors,视野型导体,
type,Scoped Electronics,视野型电子元件,
type,Scorch Bomb,灼烧炸弹,
type,Scorch L,灼烧 L,
type,Scorch M,灼烧 M,
type,Scorch S,灼烧 S,
type,Scorch XL,灼烧 XL,
type,Scorched Angel Navigation Logs,烧焦的天使航行日志,
type,Scorched Guristas Navigation Logs,烧焦的古斯塔斯航行日志,
type,Scorched Microgravimeter,烧焦的微重力仪,
type,Scorched Telemetry Processor,烧毁的遥感探测处理器,
type,Scordite,灼烧岩,
type,Scordite 0-Grade,灼烧岩（0级）,
type,Scordite II-Grade,灼烧岩（2级）,
type,Scordite III-Grade,灼烧岩（3级）,
type,Scordite IV-Grade,灼烧岩（4级）,
type,Scorpion,毒蝎级,ship
type,Scorpion Navy Issue,毒蝎级海军型,ship
type,Scourge Auto-Targeting Cruise Missile I,鞭挞自动锁定巡航导弹 I,
type,Scourge Auto-Targeting Heavy Missile I,鞭挞自动锁定重型导弹 I,
type,Scourge Auto-Targeting Light Missile I,鞭挞自动锁定轻型导弹 I,
type,Scourge Cruise Missile,鞭挞巡航导弹,
type,Scourge Fury Cruise Missile,鞭挞愤怒巡航导弹,
type,Scourge Fury Heavy Missile,鞭挞愤怒重型导弹,
type,Scourge Fury Light Missile,鞭挞愤怒轻型导弹,
type,Scourge Fury XL Cruise Missile,鞭挞愤怒超大型巡航导弹,
type,Scourge Heavy Assault Missile,鞭挞重型攻击导弹,
type,Scourge Heavy Missile,鞭挞重型导弹,
type,Scourge Javelin Heavy Assault Missile,鞭挞标枪重型攻击导弹,
type,Scourge Javelin Rocket,鞭挞标枪火箭,
type,Scourge Javelin Torpedo,鞭挞标枪鱼雷,
type,Scourge Javelin XL Torpedo,鞭挞标枪超大型鱼雷,
type,Scourge Light Missile,鞭挞轻型导弹,
type,Scourge Precision Cruise Missile,鞭挞精准巡航导弹,
type,Scourge Precision Heavy Missile,鞭挞精准重型导弹,
type,Scourge Precision Light Missile,鞭挞精准轻型导弹,
type,Scourge Precision XL Cruise Missile,鞭挞精准超大型巡航导弹,
type,Scourge Rage Heavy Assault Missile,鞭挞狂乱重型攻击导弹,
type,Scourge Rage Rocket,鞭挞狂乱火箭,
type,Scourge Rage Torpedo,鞭挞狂乱鱼雷,
type,Scourge Rage XL Torpedo,鞭挞狂乱超大型鱼雷,
type,Scourge Rocket,鞭挞火箭,
type,Scourge Torpedo,鞭挞鱼雷,
type,Scourge XL Cruise Missile,鞭挞超大型巡航导弹,
type,Scourge XL Torpedo,鞭挞超大型鱼雷,
type,Scout Scoped Dual 1000mm Railgun,侦查员视野型双联1000mm磁轨炮,
type,Scout Scoped Hexa 2500mm Repeating Cannon,侦查员视野型六联2500mm频射加农炮,
type,Scout Scoped Quad 3500mm Siege Artillery,侦查员视野型四联3500mm会战火炮,
type,Scout Scoped Quad 800mm Repeating Cannon,侦查员视野型四联800mm频射加农炮,
type,Scythe,镰刀级,ship
type,Scythe Fleet Issue,镰刀级舰队型,ship
type,Sealed Projects Container,密封项目容器,
type,Second-hand Parts,二手零件,
type,Self-Assembling Nanolattice,自组装式纳米晶格,
type,Selynne Mardakar's Tag,瑟莱尼·马达卡尔的铭牌,
type,Selynne's Modified Cap Recharger,瑟莱尼氏改良型电容回充器,
type,Selynne's Modified Capacitor Power Relay,瑟莱尼氏改良型电容能源继电器,
type,Selynne's Modified Dual Heavy Beam Laser,瑟莱尼氏改良型双联重型集束激光器,
type,Selynne's Modified EM Armor Hardener,瑟莱尼氏改良型电磁装甲增强器,
type,Selynne's Modified EM Coating,瑟莱尼氏改良型电磁涂层,
type,Selynne's Modified EM Energized Membrane,瑟莱尼氏改良型电磁电压薄膜,
type,Selynne's Modified Explosive Armor Hardener,瑟莱尼氏改良型爆炸装甲增强器,
type,Selynne's Modified Explosive Coating,瑟莱尼氏改良型爆炸涂层,
type,Selynne's Modified Explosive Energized Membrane,瑟莱尼氏改良型爆炸电压薄膜,
type,Selynne's Modified Heat Sink,瑟莱尼氏改良型散热槽,
type,Selynne's Modified Heavy Capacitor Booster,瑟莱尼氏改良型重型电容注电器,
type,Selynne's Modified Heavy Energy Neutralizer,瑟莱尼氏改良型重型能量中和器,
type,Selynne's Modified Heavy Energy Nosferatu,瑟莱尼氏改良型重型掠能器,
type,Selynne's Modified Kinetic Armor Hardener,瑟莱尼氏改良型动能装甲增强器,
type,Selynne's Modified Kinetic Coating,瑟莱尼氏改良型动能涂层,
type,Selynne's Modified Kinetic Energized Membrane,瑟莱尼氏改良型动能电压薄膜,
type,Selynne's Modified Large Armor Repairer,瑟莱尼氏改良大型装甲维修器,
type,Selynne's Modified Large EMP Smartbomb,瑟莱尼氏改良大型EMP立体炸弹,
type,Selynne's Modified Mega Beam Laser,瑟莱尼氏改良型超级集束激光器,
type,Selynne's Modified Multispectrum Coating,瑟莱尼氏改良型多谱式涂层,
type,Selynne's Modified Multispectrum Energized Membrane,瑟莱尼氏改良型多谱式电压薄膜,
type,Selynne's Modified Power Diagnostic System,瑟莱尼氏改良型能源诊断系统,
type,Selynne's Modified Reactor Control Unit,瑟莱尼氏改良型反应堆控制元件,
type,Selynne's Modified Tachyon Beam Laser,瑟莱尼氏改良型超光速粒子集束激光器,
type,Selynne's Modified Thermal Armor Hardener,瑟莱尼氏改良型热能装甲增强器,
type,Selynne's Modified Thermal Coating,瑟莱尼氏改良型热能涂层,
type,Selynne's Modified Thermal Energized Membrane,瑟莱尼氏改良型热能电压薄膜,
type,Sense-Heuristic Neurolink Enhancer,启发神经链接增强器,
type,Sensor Booster I,感应增强器 I,
type,Sensor Booster II,感应增强器 II,
type,Sensor Dampening Battery,感应抑阻波发射台,
type,Sensor Dampening Burst Projector,感应抑阻脉冲波投射器,
type,Sensor Optimization Charge,感应器优化弹药,
type,Sentient Burst Jammer,缚魂脉冲干扰器,
type,Sentient Damage Control,缚魂损伤控制,
type,Sentient Drone Damage Amplifier,缚魂无人机伤害增效装置,
type,Sentient Drone Navigation Computer,缚魂无人机导航电脑,
type,Sentient Fighter Support Unit,缚魂铁骑舰载机辅助单元,
type,Sentient Omnidirectional Tracking Enhancer,缚魂全方位索敌增强器,
type,Sentient Omnidirectional Tracking Link,缚魂全方位索敌连接,
type,Sentient Remote Sensor Booster,缚魂远程感应增强器,
type,Sentient Sensor Booster,缚魂感应增强器,
type,Sentient Signal Amplifier,缚魂信号放大器,
type,Sentinel,哨兵级,ship
type,Sentinel Element,岗哨元素,
type,Sentinel Index,岗哨索引,
type,Sentinel Sequence 0,岗哨序列0,
type,Sentinel Sequence 1,岗哨序列1,
type,Serpentis 3D Scanner Gamut,天蛇3D范围扫描,
type,Serpentis Basic Target Guider,天蛇基础目标指示器,
type,Serpentis Brass Tag,天蛇黄铜铭牌,
type,Serpentis Bronze Tag,天蛇青铜铭牌,
type,Serpentis Complex Target Guider,天蛇复杂目标指示器,
type,Serpentis Control Tower,天蛇控制塔,
type,Serpentis Control Tower Medium,天蛇中型控制塔,
type,Serpentis Control Tower Small,天蛇小型控制塔,
type,Serpentis Copper Tag,天蛇铜质铭牌,
type,Serpentis Crystal Tag,天蛇水晶铭牌,
type,Serpentis Diamond Tag,天蛇钻石铭牌,
type,Serpentis Electrum Tag,天蛇合金铭牌,
type,Serpentis Gold Tag,天蛇黄金铭牌,
type,Serpentis Large Blaster Battery,天蛇大型疾速炮台,
type,Serpentis Large Railgun Battery,天蛇大型磁轨炮台,
type,Serpentis Medium Blaster Battery,天蛇中型疾速炮台,
type,Serpentis Medium Railgun Battery,天蛇中型磁轨炮台,
type,Serpentis Modified Capital Microprocessor,天蛇改良型旗舰级微处理器,
type,Serpentis Multi-tasking Processor,天蛇多功能处理器,
type,Serpentis NET Resonator,天蛇NET共振器,
type,Serpentis Palladium Tag,天蛇钯金铭牌,
type,Serpentis Plain Target Guider,天蛇平板目标指示器,
type,Serpentis Platinum Tag,天蛇白金铭牌,
type,Serpentis Sensor Dampening Battery,天蛇感应抑阻波发射台,
type,Serpentis Silver Tag,天蛇银质铭牌,
type,Serpentis Small Blaster Battery,天蛇小型疾速炮台,
type,Serpentis Small Railgun Battery,天蛇小型磁轨炮台,
type,Serpentis Warp Disruption Battery,天蛇跃迁扰断波发射台,
type,Serpentis Warp Scrambling Battery,天蛇跃迁扰频波发射台,
type,Setele Schellan's Tag,塞特勒·斯察兰的铭牌,
type,Setele's Modified 100MN Afterburner,塞特勒氏改良型100MN加力燃烧器,
type,Setele's Modified 350mm Railgun,塞特勒氏改良型350mm磁轨炮,
type,Setele's Modified 425mm Railgun,塞特勒氏改良型425mm磁轨炮,
type,Setele's Modified 500MN Microwarpdrive,塞特勒氏改良型500MN微型跃迁推进器,
type,Setele's Modified Co-Processor,塞特勒氏改良型协处理器,
type,Setele's Modified Damage Control,赛特勒氏改良型损伤控制,
type,Setele's Modified Dual 250mm Railgun,塞特勒氏改良型双联250mm磁轨炮,
type,Setele's Modified EM Armor Hardener,塞特勒氏改良型电磁装甲增强器,
type,Setele's Modified EM Coating,塞特勒氏改良型电磁涂层,
type,Setele's Modified EM Energized Membrane,塞特勒氏改良型电磁电压薄膜,
type,Setele's Modified Explosive Armor Hardener,塞特勒氏改良型爆炸装甲增强器,
type,Setele's Modified Explosive Coating,塞特勒氏改良型爆炸涂层,
type,Setele's Modified Explosive Energized Membrane,塞特勒氏改良型爆炸电压薄膜,
type,Setele's Modified Kinetic Armor Hardener,塞特勒氏改良型动能装甲增强器,
type,Setele's Modified Kinetic Coating,塞特勒氏改良型动能涂层,
type,Setele's Modified Kinetic Energized Membrane,塞特勒氏改良型动能电压薄膜,
type,Setele's Modified Large Armor Repairer,塞特勒氏改良大型装甲维修器,
type,Setele's Modified Large Plasma Smartbomb,塞特勒氏改良大型等离子立体炸弹,
type,Setele's Modified Magnetic Field Stabilizer,塞特勒氏改良型磁性力场稳定器,
type,Setele's Modified Multispectrum Coating,塞特勒氏改良型多谱式涂层,
type,Setele's Modified Multispectrum Energized Membrane,塞特勒氏改良型多谱式电压薄膜,
type,Setele's Modified Power Diagnostic System,塞特勒氏改良型能源诊断系统,
type,Setele's Modified Reactor Control Unit,塞特勒氏改良型反应堆控制元件,
type,Setele's Modified Sensor Booster,塞特勒氏改良型感应增强器,
type,Setele's Modified Thermal Armor Hardener,塞特勒氏改良型热能装甲增强器,
type,Setele's Modified Thermal Coating,塞特勒氏改良型热能涂层,
type,Setele's Modified Thermal Energized Membrane,塞特勒氏改良型热能电压薄膜,
type,Setele's Modified Tracking Computer,塞特勒氏改良型索敌计算机,
type,Shade Compact Radar ECM,幽灵紧凑型雷达ECM,
type,Shadow,暗影,
type,Shadow Antimatter Charge L,暗影反物质轨道弹 L,
type,Shadow Antimatter Charge M,暗影反物质轨道弹 M,
type,Shadow Antimatter Charge S,暗影反物质轨道弹 S,
type,Shadow Antimatter Charge XL,暗影反物质轨道弹 XL,
type,Shadow Control Tower,暗影控制塔,
type,Shadow Control Tower Medium,暗影中型控制塔,
type,Shadow Control Tower Small,暗影小型控制塔,
type,Shadow Iridium Charge L,暗影铱质轨道弹 L,
type,Shadow Iridium Charge M,暗影铱质轨道弹 M,
type,Shadow Iridium Charge S,暗影铱质轨道弹 S,
type,Shadow Iridium Charge XL,暗影铱质轨道弹 XL,
type,Shadow Iron Charge L,暗影铁质轨道弹 L,
type,Shadow Iron Charge M,暗影铁质轨道弹 M,
type,Shadow Iron Charge S,暗影铁质轨道弹 S,
type,Shadow Iron Charge XL,暗影铁质轨道弹 XL,
type,Shadow Large Blaster Battery,暗影大型疾速炮台,
type,Shadow Large Railgun Battery,暗影大型磁轨炮台,
type,Shadow Lead Charge L,暗影铅质轨道弹 L,
type,Shadow Lead Charge M,暗影铅质轨道弹 M,
type,Shadow Lead Charge S,暗影铅质轨道弹 S,
type,Shadow Lead Charge XL,暗影铅质轨道弹 XL,
type,Shadow Medium Blaster Battery,暗影中型疾速炮台,
type,Shadow Medium Railgun Battery,暗影中型磁轨炮台,
type,Shadow Plutonium Charge L,暗影钸质轨道弹 L,
type,Shadow Plutonium Charge M,暗影钸质轨道弹 M,
type,Shadow Plutonium Charge S,暗影钸质轨道弹 S,
type,Shadow Plutonium Charge XL,暗影钸质轨道弹 XL,
type,Shadow Sensor Dampening Battery,暗影感应抑阻波发射台,
type,Shadow Serpentis 10000MN Afterburner,暗影天蛇10000MN加力燃烧器,
type,Shadow Serpentis 100MN Afterburner,暗影天蛇100MN加力燃烧器,
type,Shadow Serpentis 10MN Afterburner,暗影天蛇10MN加力燃烧器,
type,Shadow Serpentis 125mm Railgun,暗影天蛇125mm磁轨炮,
type,Shadow Serpentis 150mm Railgun,暗影天蛇150mm磁轨炮,
type,Shadow Serpentis 1MN Afterburner,暗影天蛇1MN加力燃烧器,
type,Shadow Serpentis 200mm Railgun,暗影天蛇200mm磁轨炮,
type,Shadow Serpentis 25000mm Steel Plates,暗影天蛇25000mm钢附甲板,
type,Shadow Serpentis 250mm Railgun,暗影天蛇250mm磁轨炮,
type,Shadow Serpentis 350mm Railgun,暗影天蛇350mm磁轨炮,
type,Shadow Serpentis 425mm Railgun,暗影天蛇425mm磁轨炮,
type,Shadow Serpentis 50000MN Microwarpdrive,暗影天蛇50000MN微型跃迁推进器,
type,Shadow Serpentis 500MN Microwarpdrive,暗影天蛇500MN微型跃迁推进器,
type,Shadow Serpentis 50MN Microwarpdrive,暗影天蛇50MN微型跃迁推进器,
type,Shadow Serpentis 5MN Microwarpdrive,暗影天蛇5MN微型跃迁推进器,
type,Shadow Serpentis 75mm Railgun,暗影天蛇75mm磁轨炮,
type,Shadow Serpentis Assault Damage Control,暗影天蛇突击型损伤控制,
type,Shadow Serpentis Brass Tag,暗影天蛇黄铜铭牌,
type,Shadow Serpentis Bronze Tag,暗影天蛇青铜铭牌,
type,Shadow Serpentis Capital Armor Repairer,暗影天蛇旗舰级装甲维修器,
type,Shadow Serpentis Capital Flex Armor Hardener,暗影天蛇旗舰级弯曲装甲增强器,
type,Shadow Serpentis Capital Remote Armor Repairer,暗影天蛇旗舰级远程装甲维修器,
type,Shadow Serpentis Co-Processor,暗影天蛇协处理器,
type,Shadow Serpentis Copper Tag,暗影天蛇铜质铭牌,
type,Shadow Serpentis Crystal Tag,暗影天蛇水晶铭牌,
type,Shadow Serpentis Damage Control,暗影天蛇损伤控制,
type,Shadow Serpentis Diamond Tag,暗影天蛇钻石铭牌,
type,Shadow Serpentis Dual 1000mm Railgun,暗影天蛇双联1000mm磁轨炮,
type,Shadow Serpentis Dual 150mm Railgun,暗影天蛇双联150mm磁轨炮,
type,Shadow Serpentis Dual 250mm Railgun,暗影天蛇双联250mm磁轨炮,
type,Shadow Serpentis Electron Blaster Cannon,暗影天蛇电子疾速加农炮,
type,Shadow Serpentis Electrum Tag,暗影天蛇合金铭牌,
type,Shadow Serpentis EM Armor Hardener,暗影天蛇电磁装甲增强器,
type,Shadow Serpentis EM Coating,暗影天蛇电磁涂层,
type,Shadow Serpentis EM Energized Membrane,暗影天蛇电磁电压薄膜,
type,Shadow Serpentis Explosive Armor Hardener,暗影天蛇爆炸装甲增强器,
type,Shadow Serpentis Explosive Coating,暗影天蛇爆炸涂层,
type,Shadow Serpentis Explosive Energized Membrane,暗影天蛇爆炸电压薄膜,
type,Shadow Serpentis Gold Tag,暗影天蛇黄金铭牌,
type,Shadow Serpentis Heavy Electron Blaster,暗影天蛇重型电子疾速炮,
type,Shadow Serpentis Heavy Ion Blaster,暗影天蛇重型离子疾速炮,
type,Shadow Serpentis Heavy Neutron Blaster,暗影天蛇重型中子疾速炮,
type,Shadow Serpentis Heavy Stasis Grappler,暗影天蛇重型停滞捕捉光束,
type,Shadow Serpentis Heavy Warp Disruptor,暗影天蛇重型跃迁扰断器,
type,Shadow Serpentis Heavy Warp Scrambler,暗影天蛇重型跃迁扰频器,
type,Shadow Serpentis Inertial Stabilizers,暗影天蛇惯性稳定器,
type,Shadow Serpentis Ion Blaster Cannon,暗影天蛇离子疾速加农炮,
type,Shadow Serpentis Ion Siege Blaster,暗影天蛇离子会战疾速炮,
type,Shadow Serpentis Kinetic Armor Hardener,暗影天蛇动能装甲增强器,
type,Shadow Serpentis Kinetic Coating,暗影天蛇动能涂层,
type,Shadow Serpentis Kinetic Energized Membrane,暗影天蛇动能电压薄膜,
type,Shadow Serpentis Large Armor Repairer,暗影天蛇大型装甲维修器,
type,Shadow Serpentis Large Plasma Smartbomb,暗影天蛇大型等离子立体炸弹,
type,Shadow Serpentis Light Electron Blaster,暗影天蛇轻型电子疾速炮,
type,Shadow Serpentis Light Ion Blaster,暗影天蛇轻型离子疾速炮,
type,Shadow Serpentis Light Neutron Blaster,暗影天蛇轻型中子疾速炮,
type,Shadow Serpentis Magnetic Field Stabilizer,暗影天蛇磁性力场稳定器,
type,Shadow Serpentis Medium Armor Repairer,暗影天蛇中型装甲维修器,
type,Shadow Serpentis Medium Plasma Smartbomb,暗影天蛇中型等离子立体炸弹,
type,Shadow Serpentis Micro Plasma Smartbomb,暗影天蛇微型等离子立体炸弹,
type,Shadow Serpentis Multispectrum Coating,暗影天蛇多谱式涂层,
type,Shadow Serpentis Multispectrum Energized Membrane,暗影天蛇多谱式电压薄膜,
type,Shadow Serpentis Neutron Blaster Cannon,暗影天蛇中子疾速加农炮,
type,Shadow Serpentis Palladium Tag,暗影天蛇钯金铭牌,
type,Shadow Serpentis Platinum Tag,暗影天蛇白金铭牌,
type,Shadow Serpentis Power Diagnostic System,暗影天蛇能源诊断系统,
type,Shadow Serpentis Reactor Control Unit,暗影天蛇反应堆控制元件,
type,Shadow Serpentis Remote Sensor Booster,暗影天蛇远程感应增强器,
type,Shadow Serpentis Remote Tracking Computer,暗影天蛇远距索敌计算机,
type,Shadow Serpentis Sensor Booster,暗影天蛇感应增强器,
type,Shadow Serpentis Silver Tag,暗影天蛇银质铭牌,
type,Shadow Serpentis Small Armor Repairer,暗影天蛇小型装甲维修器,
type,Shadow Serpentis Small Plasma Smartbomb,暗影天蛇小型等离子立体炸弹,
type,Shadow Serpentis Stasis Webifier,暗影天蛇停滞缠绕光束,
type,Shadow Serpentis Thermal Armor Hardener,暗影天蛇热能装甲增强器,
type,Shadow Serpentis Thermal Coating,暗影天蛇热能涂层,
type,Shadow Serpentis Thermal Energized Membrane,暗影天蛇热能电压薄膜,
type,Shadow Serpentis Tracking Computer,暗影天蛇索敌计算机,
type,Shadow Serpentis Triple Neutron Blaster Cannon,暗影天蛇三中子疾速加农炮,
type,Shadow Serpentis Warp Disruptor,暗影天蛇跃迁扰断器,
type,Shadow Serpentis Warp Scrambler,暗影天蛇跃迁扰频器,
type,Shadow Small Blaster Battery,暗影小型疾速炮台,
type,Shadow Small Railgun Battery,暗影小型磁轨炮台,
type,Shadow Thorium Charge L,暗影钍质轨道弹 L,
type,Shadow Thorium Charge M,暗影钍质轨道弹 M,
type,Shadow Thorium Charge S,暗影钍质轨道弹 S,
type,Shadow Thorium Charge XL,暗影钍质轨道弹 XL,
type,Shadow Tungsten Charge L,暗影钨质轨道弹 L,
type,Shadow Tungsten Charge M,暗影钨质轨道弹 M,
type,Shadow Tungsten Charge S,暗影钨质轨道弹 S,
type,Shadow Tungsten Charge XL,暗影钨质轨道弹 XL,
type,Shadow Uranium Charge L,暗影铀质轨道弹 L,
type,Shadow Uranium Charge M,暗影铀质轨道弹 M,
type,Shadow Uranium Charge S,暗影铀质轨道弹 S,
type,Shadow Uranium Charge XL,暗影铀质轨道弹 XL,
type,Shadow Warp Disruption Battery,暗影跃迁扰断波发射台,
type,Shadow Warp Scrambling Battery,暗影跃迁扰频波发射台,
type,Shapash,沙帕什级,ship
type,Shaqil Dragat's Insignia,沙切尔·德拉加特的勋章,
type,Shaqil's Modified Gyrostabilizer,沙切尔氏改良型回转稳定器,
type,Shaqil's Modified Rapid Heavy Missile Launcher,沙切尔氏改良型重型快速导弹发射器,
type,Shaqil's Speed Enhancer,沙切尔氏速度调节器,
type,Shattered Villard Wheel,碎裂的维拉德轮,
type,Sheen Compound,光彩合金,
type,Shield Boost Amplifier I,护盾回充增量增效器 I,
type,Shield Boost Amplifier II,护盾回充增量增效器 II,
type,Shield Command Burst I,护盾指挥脉冲波 I,
type,Shield Command Burst II,护盾指挥脉冲波 II,
type,Shield Command Mindlink,护盾指挥思维网络芯片,
type,Shield EM Resistance Script,护盾电磁抗性脚本,
type,Shield Explosive Resistance Script,护盾爆炸抗性脚本,
type,Shield Extension Charge,护盾扩展弹药,
type,Shield Flux Coil I,护盾通量线圈 I,
type,Shield Flux Coil II,护盾通量线圈 II,
type,Shield Harmonizing Charge,护盾协调弹药,
type,Shield Kinetic Resistance Script,护盾动能抗性脚本,
type,Shield Mutaplasmid Residue,护盾突变质体残渣,
type,Shield Power Relay I,护盾能源继电器 I,
type,Shield Power Relay II,护盾能源继电器 II,
type,Shield Recharger I,护盾回充器 I,
type,Shield Recharger II,护盾回充器 II,
type,Shield Thermal Resistance Script,护盾热能抗性脚本,
type,Shimmering Chromite,闪铬铁矿,
type,Shimmering Otavite,闪菱镉矿,
type,Shimmering Sperrylite,闪砷铂矿,
type,Shimmering Vanadinite,闪钒铅矿,
type,Shimon Jaen's Insignia,西蒙·简的勋章,
type,Shining Loparite,辉铈铌钙钛矿,
type,Shining Monazite,辉独居石,
type,Shining Xenotime,辉磷钇矿,
type,Shining Ytterbite,辉硅铍钇矿,
type,Ship Maintenance Array,舰船维护阵列,
type,Ship Scanner I,船体扫描器 I,
type,Ship Scanner II,船体扫描器 II,
type,Shrapnel Bomb,榴霰炸弹,
type,Sidewinder,侧进蛇级,ship
type,Siege Module I,会战装备 I,
type,Siege Module II,会战装备 II,
type,Sigil,魔符级,ship
type,Signal Amplifier I,信号放大器 I,
type,Signal Amplifier II,信号放大器 II,
type,Signal Distortion Amplifier I,信号畸变放大器 I,
type,Signal Distortion Amplifier II,信号畸变放大器 II,
type,Signal-15 'Needlejack' Filament,信号-15“挺针”纤维,
type,Signal-25 'Needlejack' Filament,信号-25“挺针”纤维,
type,Signal-5 'Needlejack' Filament,信号-5“挺针”纤维,
type,Signature Radius Suppressor I,信号半径抑制装置 I,
type,Sila's Modified 10MN Afterburner,斯拉改良型10MN加力燃烧器,
type,Sila's Modified 425mm Autocannon,斯拉改良型425mm自动加农炮,
type,Sila's Modified 50MN Microwarpdrive,斯拉改良型50MN微型跃迁推进器,
type,Sila's Modified Medium Remote Shield Booster,斯拉改良中型远程护盾回充增量器,
type,Sila's Modified Medium Shield Booster,斯拉改良中型护盾回充增量器,
type,Silicates,硅酸盐,
type,Silicon Diborite,二硼硅,
type,Silo,储藏库,
type,Silver Magnate,白银富豪级,ship
type,Simple Asteroid Mining Crystal Type A I,普通小行星采集晶体A型 I,
type,Simple Asteroid Mining Crystal Type A II,普通小行星采集晶体A型 II,
type,Simple Asteroid Mining Crystal Type B I,普通小行星采集晶体B型 I,
type,Simple Asteroid Mining Crystal Type B II,普通小行星采集晶体B型 II,
type,Simple Asteroid Mining Crystal Type C I,普通小行星采集晶体C型 I,
type,Simple Asteroid Mining Crystal Type C II,普通小行星采集晶体C型 II,
type,Simple Reactor Array,简单反应堆阵列,
type,Simulated Baseliner,模拟基准人类,
type,Simurgh,西莫夫级,ship
type,Sin,罪恶级,ship
type,Single Diode Basic Mining Laser,单二极管基础型采矿激光器,
type,Single-crystal Superalloy I-beam,单晶体超合金工字钢,
type,Singularity Radiation Convertor,奇点辐射转化器,
type,Siren I,塞壬 I,
type,Siren II,塞壬 II,
type,Sisters Capital Emergency Hull Energizer,姐妹会旗舰级紧急船体增能器,
type,Sisters Combat Scanner Probe,姐妹会作战扫描探针,
type,Sisters Core Probe Launcher,姐妹会核心探针发射器,
type,Sisters Core Scanner Probe,姐妹会核心扫描探针,
type,Sisters Expanded Probe Launcher,姐妹会延伸探针发射器,
type,Sisters Expedition Command Burst,姐妹会远征指挥脉冲波,
type,Sisters Expedition Command Mindlink,姐妹会远征指挥思维网络芯片,
type,Skiff,轻舟级,ship
type,Skirmish Command Burst I,游击战指挥脉冲波 I,
type,Skirmish Command Burst II,游击战指挥脉冲波 II,
type,Skirmish Command Mindlink,游击战指挥思维网络芯片,
type,Skua,贼鸥号,ship
type,Skybreaker,破天级,ship
type,SlamBolt Condenser Pack L,瞬闪电容包 L,
type,SlamBolt Condenser Pack M,瞬闪电容包 M,
type,SlamBolt Condenser Pack S,瞬闪电容包 S,
type,Slasher,伐木者级,ship
type,Slaver,劳工贩子,
type,Slaver Hound,猎奴犬,
type,Slaves,劳工,
type,Sleeper Cryo Batteries,冬眠者冷藏电池,
type,Sleeper Data Crystals,冬眠者数据晶体,
type,Sleeper Data Interface Protocol,冬眠者数据接口协议,
type,Sleeper Data Library,冬眠者数据库,
type,Sleeper Drone AI Nexus,冬眠者无人机神经节点,
type,Sleeper Foundation Block,冬眠者基础模块,
type,Sleeper Heat Nullifying Coil,冬眠者热能中和线圈,
type,Sleeper Hyperbooster,冬眠者超级增强器,
type,Sleeper Manuscripts,冬眠者手稿,
type,Sleeper Micro Circuits,冬眠者微电路板,
type,Sleeper Nanite Cluster,冬眠者纳米体集群,
type,Sleeper Profound Research Notes,冬眠者渊博的研究笔记,
type,Sleeper Protocol Subverter,冬眠者协议破坏仪,
type,Sleeper Reintegration Control,冬眠者重生控制,
type,Sleeper Split Cables,冬眠者分层电缆,
type,Sleeper Technical Schematics,冬眠者技术图表,
type,Sleeper Thermal Regulator,冬眠者温度调节器,
type,Sleeper Virtual Energizer,冬眠者虚拟增效器,
type,Sleipnir,斯雷普尼级,ship
type,Small 'Caltrop' Energy Neutralizer,小型蒺藜能量中和器,
type,Small 'Hope' Hull Reconstructor I,曙光小型结构再造装置 I,
type,Small 'Integrative' Hull Repair Unit,一体化小型结构维修组件,
type,Small 'Settler' Shield Booster,殖民者小型护盾回充增量器,
type,Small 'Siesta' Capacitor Booster,午休小型电容注电器,
type,Small 'Trapper' Shield Extender,陷阱小型护盾扩展装置,
type,Small 'Upir' Energy Nosferatu,小型吸血鬼掠能器,
type,Small 'Wolf' Shield Extender,小型座狼护盾扩展装置,
type,Small ACM Compact Armor Repairer,小型ACM紧凑型装甲维修器,
type,Small Algid Energy Administrations Unit I,小型冷凝能量管理单元 I,
type,Small Algid Energy Administrations Unit II,小型冷凝能量管理单元 II,
type,Small Algid Hybrid Administrations Unit I,小型冷凝混合管理单元 I,
type,Small Algid Hybrid Administrations Unit II,小型冷凝混合管理单元 II,
type,Small Ancillary Armor Repairer,小型辅助装甲维修器,
type,Small Ancillary Current Router I,小型辅助电源路由器 I,
type,Small Ancillary Current Router II,小型辅助电源路由器 II,
type,Small Ancillary Remote Armor Repairer,小型辅助远程装甲维修器,
type,Small Ancillary Remote Shield Booster,小型辅助远程护盾回充增量器,
type,Small Ancillary Shield Booster,小型辅助护盾回充增量器,
type,Small Armor Repairer I,小型装甲维修器 I,
type,Small Armor Repairer II,小型装甲维修器 II,
type,Small Arms,小型军械,
type,Small Artillery Battery,小型火炮塔台,
type,Small Asymmetric Enduring Remote Shield Booster,小型不对称持久型远程护盾回充增量器,
type,Small AutoCannon Battery,小型自动加农炮塔台,
type,Small Automated Structural Restoration,小型自动结构复位装置,
type,Small Auxiliary Nano Pump I,小型辅助纳米聚合器 I,
type,Small Auxiliary Nano Pump II,小型辅助纳米聚合器 II,
type,Small Auxiliary Thrusters I,小型辅助推进器 I,
type,Small Auxiliary Thrusters II,小型辅助推进器 II,
type,Small Azeotropic Restrained Shield Extender,小型恒沸点抑制型护盾扩展装置,
type,Small Bay Loading Accelerator I,小型装卸加速装置 I,
type,Small Bay Loading Accelerator II,小型装卸加速装置 II,
type,Small Beam Laser Battery,小型集束激光炮台,
type,Small Blaster Battery,小型疾速炮台,
type,Small Breacher Pod Launcher,小型突破者座舱发射器,
type,Small C5-L Compact Shield Booster,小型C-5L紧凑型护盾回充增量器,
type,Small Cap Battery I,小型电容器电池 I,
type,Small Cap Battery II,小型电容器电池 II,
type,Small Capacitor Booster I,小型电容注电器 I,
type,Small Capacitor Booster II,小型电容注电器 II,
type,Small Capacitor Control Circuit I,小型电容器控制电路 I,
type,Small Capacitor Control Circuit II,小型电容器控制电路 II,
type,Small Cargohold Optimization I,小型货柜舱优化改造 I,
type,Small Cargohold Optimization II,小型货柜舱优化改造 II,
type,Small Clarity Ward Enduring Shield Booster,小型清澈防御持久型护盾回充增量器,
type,Small Coaxial Compact Remote Armor Repairer,小型共轴紧凑型远程装甲维修器,
type,Small Command Processor I,小型指挥处理器 I,
type,Small Compact Pb-Acid Cap Battery,小型紧凑型铅酸电容器电池,
type,Small Compact Vorton Projector,小型紧凑型电弧弦投射器,
type,Small Consortium Vorton Projector,小型财团电弧弦投射器,
type,Small Core Defense Capacitor Safeguard I,小型核心防御电容器安全管理装置 I,
type,Small Core Defense Capacitor Safeguard II,小型核心防御电容器安全管理装置 II,
type,Small Core Defense Charge Economizer I,小型核心防御节能装置 I,
type,Small Core Defense Charge Economizer II,小型核心防御节能装置 II,
type,Small Core Defense Field Extender I,小型核心防御力场扩张装置 I,
type,Small Core Defense Field Extender II,小型核心防御力场扩张装置 II,
type,Small Core Defense Field Purger I,小型核心防御力场稳固装置 I,
type,Small Core Defense Field Purger II,小型核心防御力场稳固装置 II,
type,Small Core Defense Operational Solidifier I,小型核心防御操控稳定装置 I,
type,Small Core Defense Operational Solidifier II,小型核心防御操控稳定装置 II,
type,Small Drone Control Range Augmentor I,小型无人机控制范围扩大装置 I,
type,Small Drone Control Range Augmentor II,小型无人机控制范围扩大装置 II,
type,Small Drone Durability Enhancer I,小型无人机耐用性增强装置 I,
type,Small Drone Durability Enhancer II,小型无人机耐用性增强装置 II,
type,Small Drone Mining Augmentor I,小型无人机采矿增量器 I,
type,Small Drone Mining Augmentor II,小型无人机采矿增量器 II,
type,Small Drone Repair Augmentor I,小型无人机维修加速器 I,
type,Small Drone Repair Augmentor II,小型无人机维修加速器 II,
type,Small Drone Scope Chip I,小型无人机巡航芯片 I,
type,Small Drone Scope Chip II,小型无人机巡航芯片 II,
type,Small Drone Speed Augmentor I,小型无人机增速装置 I,
type,Small Drone Speed Augmentor II,小型无人机增速装置 II,
type,Small Dynamic Fuel Valve I,小型动态燃料控制阀 I,
type,Small Dynamic Fuel Valve II,小型动态燃料控制阀 II,
type,Small Egress Port Maximizer I,小型出口端口放大器 I,
type,Small Egress Port Maximizer II,小型出口端口放大器 II,
type,Small EM Armor Reinforcer I,小型电磁装甲强化装置 I,
type,Small EM Armor Reinforcer II,小型电磁装甲强化装置 II,
type,Small EM Shield Reinforcer I,小型电磁护盾强化装置 I,
type,Small EM Shield Reinforcer II,小型电磁护盾强化装置 II,
type,Small Emission Scope Sharpener I,小型放射范围约束装置 I,
type,Small Emission Scope Sharpener II,小型放射范围约束装置 II,
type,Small EMP Smartbomb I,小型EMP立体炸弹 I,
type,Small EMP Smartbomb II,小型EMP立体炸弹 II,
type,Small Energy Ambit Extension I,小型能量武器范围扩大设备 I,
type,Small Energy Ambit Extension II,小型能量武器范围扩大设备 II,
type,Small Energy Burst Aerator I,小型能量武器发散调节装置 I,
type,Small Energy Burst Aerator II,小型能量武器发散调节装置 II,
type,Small Energy Collision Accelerator I,小型能量武器冲击加速器 I,
type,Small Energy Collision Accelerator II,小型能量武器冲击加速器 II,
type,Small Energy Discharge Elutriation I,小型能量武器释放过滤器 I,
type,Small Energy Discharge Elutriation II,小型能量武器释放过滤器 II,
type,Small Energy Locus Coordinator I,小型能量武器轨迹校准设备 I,
type,Small Energy Locus Coordinator II,小型能量武器轨迹校准设备 II,
type,Small Energy Metastasis Adjuster I,小型能量武器急转控制器 I,
type,Small Energy Metastasis Adjuster II,小型能量武器急转控制器 II,
type,Small Energy Neutralizer I,小型能量中和器 I,
type,Small Energy Neutralizer II,小型能量中和器 II,
type,Small Energy Nosferatu I,小型掠能器 I,
type,Small Energy Nosferatu II,小型掠能器 II,
type,Small Engine Thermal Shielding I,小型引擎热能防护装置 I,
type,Small Engine Thermal Shielding II,小型引擎热能防护装置 II,
type,Small Explosive Armor Reinforcer I,小型爆炸装甲强化装置 I,
type,Small Explosive Armor Reinforcer II,小型爆炸装甲强化装置 II,
type,Small Explosive Shield Reinforcer I,小型爆炸护盾强化装置 I,
type,Small Explosive Shield Reinforcer II,小型爆炸护盾强化装置 II,
type,Small F-RX Compact Capacitor Booster,小型F-RX紧凑型电容注电器,
type,Small F-S9 Regolith Compact Shield Extender,小型F-S9覆盖式紧凑型护盾扩展装置,
type,Small Focused Afocal Laser I,小型聚焦无焦点激光器I,
type,Small Focused Afocal Pulse Laser I,小型聚焦无焦点脉冲激光器I,
type,Small Focused Anode Particle Stream I,小型聚焦阳极粒子束 I,
type,Small Focused Anode Pulse Particle Stream I,小型聚焦阳极脉冲粒子束 I,
type,Small Focused Beam Laser I,小型聚焦集束激光器 I,
type,Small Focused Beam Laser II,小型聚焦集束激光器 II,
type,Small Focused Modal Laser I,小型聚焦增强模式激光器 I,
type,Small Focused Modal Pulse Laser I,小型聚焦增强模式脉冲激光器 I,
type,Small Focused Modulated Energy Beam I,小型聚焦调制型能量光束 I,
type,Small Focused Modulated Pulse Energy Beam I,小型聚焦调制型脉冲能量光束 I,
type,Small Focused Pulse Laser I,小型聚焦脉冲激光器 I,
type,Small Focused Pulse Laser II,小型聚焦脉冲激光器 II,
type,Small Ghoul Compact Energy Nosferatu,小型盗墓者紧凑型掠能器,
type,Small Graviton Smartbomb I,小型引力子立体炸弹 I,
type,Small Graviton Smartbomb II,小型引力子立体炸弹 II,
type,Small Gravity Capacitor Upgrade I,小型引力电容器升级 I,
type,Small Gravity Capacitor Upgrade II,小型引力电容器升级 II,
type,Small Gremlin Compact Energy Neutralizer,小型小鬼紧凑型能量中和器,
type,Small Higgs Anchor I,小型希格斯粒子锚 I,
type,Small Hull Repairer I,小型结构维修器 I,
type,Small Hull Repairer II,小型结构维修器 II,
type,Small Hybrid Ambit Extension I,小型混合武器范围扩大装置 I,
type,Small Hybrid Ambit Extension II,小型混合武器范围扩大装置 II,
type,Small Hybrid Burst Aerator I,小型混合武器射速调节装置 I,
type,Small Hybrid Burst Aerator II,小型混合武器射速调节装置 II,
type,Small Hybrid Collision Accelerator I,小型混合武器冲击加速器 I,
type,Small Hybrid Collision Accelerator II,小型混合武器冲击加速器 II,
type,Small Hybrid Discharge Elutriation I,小型混合武器节能设备 I,
type,Small Hybrid Discharge Elutriation II,小型混合武器节能设备 II,
type,Small Hybrid Locus Coordinator I,小型混合武器轨迹校准设备 I,
type,Small Hybrid Locus Coordinator II,小型混合武器轨迹校准设备 II,
type,Small Hybrid Metastasis Adjuster I,小型混合武器急转控制器 I,
type,Small Hybrid Metastasis Adjuster II,小型混合武器急转控制器 II,
type,Small Hydraulic Bay Thrusters I,小型液压舱推进器 I,
type,Small Hydraulic Bay Thrusters II,小型液压舱推进器 II,
type,Small Hyperspatial Velocity Optimizer I,小型超空间速度调节器 I,
type,Small Hyperspatial Velocity Optimizer II,小型超空间速度调节器 II,
type,Small I-a Enduring Armor Repairer,小型I-a持久型装甲维修器,
type,Small I-ax Enduring Remote Armor Repairer,小型I-ax持久型远程装甲维修器,
type,Small I-b Polarized Structural Regenerator,小型I-b偏振式结构再生器,
type,Small Inductive Compact Remote Capacitor Transmitter,小型感应紧凑型远程电容传输装置,
type,Small Inefficient Hull Repair Unit,小型基础结构维修组件,
type,Small Infectious Scoped Energy Neutralizer,小型传染视野型能量中和器,
type,Small Inverted Signal Field Projector I,小型反信号区域投射器 I,
type,Small Inverted Signal Field Projector II,小型反信号区域投射器 II,
type,Small Ionic Field Projector I,小型离子力场投射器 I,
type,Small Ionic Field Projector II,小型离子力场投射器 II,
type,Small Kinetic Armor Reinforcer I,小型动能装甲强化装置 I,
type,Small Kinetic Armor Reinforcer II,小型动能装甲强化装置 II,
type,Small Kinetic Shield Reinforcer I,小型动能护盾强化装置 I,
type,Small Kinetic Shield Reinforcer II,小型动能护盾强化装置 II,
type,Small Knave Scoped Energy Nosferatu,小型流氓视野型掠能器,
type,Small Liquid Cooled Electronics I,小型水冷电子设备 I,
type,Small Liquid Cooled Electronics II,小型水冷电子设备 II,
type,Small Low Friction Nozzle Joints I,小型低摩擦喷嘴接口 I,
type,Small Low Friction Nozzle Joints II,小型低摩擦喷嘴接口 II,
type,Small Memetic Algorithm Bank I,小型弥集进化演算法数据库 I,
type,Small Memetic Algorithm Bank II,小型弥集进化演算法数据库 II,
type,Small Mobile 'Hybrid' Siphon Unit,小型混合物移动式虹吸装置,
type,Small Mobile 'Rote' Siphon Unit,小型搬运工移动式虹吸装置,
type,Small Mobile Siphon Unit,小型移动式虹吸装置,
type,Small Murky Compact Remote Shield Booster,小型昏暗紧凑型远程护盾回充增量器,
type,Small Mutaplasmid Residue,小型突变质体残渣,
type,Small Nanobot Accelerator I,小型纳米机器人加速器 I,
type,Small Nanobot Accelerator II,小型纳米机器人加速器 II,
type,Small Particle Dispersion Augmentor I,小型粒子散布放大器 I,
type,Small Particle Dispersion Augmentor II,小型粒子散布放大器 II,
type,Small Particle Dispersion Projector I,小型粒子散布投放器 I,
type,Small Particle Dispersion Projector II,小型粒子散布投放器 II,
type,Small Plasma Smartbomb I,小型等离子立体炸弹 I,
type,Small Plasma Smartbomb II,小型等离子立体炸弹 II,
type,Small Polycarbon Engine Housing I,小型复合碳素引擎舱 I,
type,Small Polycarbon Engine Housing II,小型复合碳素引擎舱 II,
type,Small Powergrid Subroutine Maximizer I,小型能量栅格子程序优化器 I,
type,Small Powergrid Subroutine Maximizer II,小型能量栅格子程序优化器 II,
type,Small Processor Overclocking Unit I,小型处理器超频组件 I,
type,Small Processor Overclocking Unit II,小型处理器超频组件 II,
type,Small Projectile Ambit Extension I,小型射弹武器范围扩大装置 I,
type,Small Projectile Ambit Extension II,小型射弹武器范围扩大装置 II,
type,Small Projectile Burst Aerator I,小型射弹武器射速调节装置 I,
type,Small Projectile Burst Aerator II,小型射弹武器射速调节装置 II,
type,Small Projectile Collision Accelerator I,小型射弹武器冲击加速器 I,
type,Small Projectile Collision Accelerator II,小型射弹武器冲击加速器 II,
type,Small Projectile Locus Coordinator I,小型射弹武器轨迹校准设备 I,
type,Small Projectile Locus Coordinator II,小型射弹武器轨迹校准设备 II,
type,Small Projectile Metastasis Adjuster I,小型射弹武器急转控制器 I,
type,Small Projectile Metastasis Adjuster II,小型射弹武器急转控制器 II,
type,Small Proton Smartbomb I,小型质子立体炸弹 I,
type,Small Proton Smartbomb II,小型质子立体炸弹 II,
type,Small Pulse Laser Battery,小型脉冲激光炮台,
type,Small Radiative Scoped Remote Capacitor Transmitter,小型辐射视野型远程电容传输装置,
type,Small Railgun Battery,小型磁轨炮台,
type,Small Remote Armor Repairer I,小型远程装甲维修器 I,
type,Small Remote Armor Repairer II,小型远程装甲维修器 II,
type,Small Remote Capacitor Transmitter I,小型远程电容传输装置 I,
type,Small Remote Capacitor Transmitter II,小型远程电容传输装置 II,
type,Small Remote Hull Repairer I,小型远程结构维修器 I,
type,Small Remote Hull Repairer II,小型远程结构维修器 II,
type,Small Remote Repair Augmentor I,小型远程维修增效器 I,
type,Small Remote Repair Augmentor II,小型远程维修增效器 II,
type,Small Remote Shield Booster I,小型远程护盾回充增量器 I,
type,Small Remote Shield Booster II,小型远程护盾回充增量器 II,
type,Small Rocket Fuel Cache Partition I,小型火箭燃料缓冲隔离装置 I,
type,Small Rocket Fuel Cache Partition II,小型火箭燃料缓冲隔离装置 II,
type,Small S95a Scoped Remote Shield Booster,小型S95a视野型远程护盾回充增量器,
type,Small Salvage Tackle I,小型打捞回收工具 I,
type,Small Salvage Tackle II,小型打捞回收工具 II,
type,Small Scoped Vorton Projector,小型视野型电弧弦投射器,
type,Small Semiconductor Memory Cell I,小型半导体记忆电池 I,
type,Small Semiconductor Memory Cell II,小型半导体记忆电池 II,
type,Small Sentry Damage Augmentor I,小型岗哨炮伤害增强设备 I,
type,Small Sentry Damage Augmentor II,小型岗哨炮伤害增强设备 II,
type,Small Shield Booster I,小型护盾回充增量器 I,
type,Small Shield Booster II,小型护盾回充增量器 II,
type,Small Shield Extender I,小型护盾扩展装置 I,
type,Small Shield Extender II,小型护盾扩展装置 II,
type,Small Ship Assembly Array,小型舰船组装阵列,
type,Small Signal Disruption Amplifier I,小型信号干扰增效装置 I,
type,Small Signal Disruption Amplifier II,小型信号干扰增效装置 II,
type,Small Signal Focusing Kit I,小型信号集中设备 I,
type,Small Signal Focusing Kit II,小型信号集中设备 II,
type,Small Solace Scoped Remote Armor Repairer,小型抚慰视野型远程装甲维修器,
type,Small Stasis Drone Augmentor I,小型停滞无人机增强设备 I,
type,Small Stasis Drone Augmentor II,小型停滞无人机增强设备 II,
type,Small Targeting System Subcontroller I,小型锁定系统辅助控制器 I,
type,Small Targeting System Subcontroller II,小型锁定系统辅助控制器 II,
type,Small Targeting Systems Stabilizer I,小型锁定系统稳定器 I,
type,Small Targeting Systems Stabilizer II,小型锁定系统稳定器 II,
type,Small Thermal Armor Reinforcer I,小型热能装甲强化装置 I,
type,Small Thermal Armor Reinforcer II,小型热能装甲强化装置 II,
type,Small Thermal Shield Reinforcer I,小型热能护盾强化装置 I,
type,Small Thermal Shield Reinforcer II,小型热能护盾强化装置 II,
type,Small Tracking Diagnostic Subroutines I,小型跟踪诊断子程序 I,
type,Small Tracking Diagnostic Subroutines II,小型跟踪诊断子程序 II,
type,Small Tractor Beam I,小型牵引光束 I,
type,Small Tractor Beam II,小型牵引光束 II,
type,Small Transverse Bulkhead I,小型横贯舱壁 I,
type,Small Transverse Bulkhead II,小型横贯舱壁 II,
type,Small Trimark Armor Pump I,小型三角装甲聚合器 I,
type,Small Trimark Armor Pump II,小型三角装甲聚合器 II,
type,Small Vorton Projector I,小型电弧弦投射器 I,
type,Small Vorton Projector II,小型电弧弦投射器 II,
type,Small Warhead Calefaction Catalyst I,小型弹头加热辅助系统 I,
type,Small Warhead Calefaction Catalyst II,小型弹头加热辅助系统 II,
type,Small Warhead Flare Catalyst I,小型弹头爆燃辅助系统 I,
type,Small Warhead Flare Catalyst II,小型弹头爆燃辅助系统 II,
type,Small Warhead Rigor Catalyst I,小型弹头强化辅助系统 I,
type,Small Warhead Rigor Catalyst II,小型弹头强化辅助系统 II,
type,Small Warp Core Optimizer I,小型跃迁核心优化系统 I,
type,Small Warp Core Optimizer II,小型跃迁核心优化系统 II,
type,Smashed Trigger Unit,损毁的触发机关,
type,Smuggler Lockbox,走私犯 保险箱,
type,Snowstar Crystalburst Firework,冰雪之星晶爆焰火,
type,Social Adaptation Chip - Basic,社交适应芯片—基础级,
type,Social Adaptation Chip - Improved,社交适应芯片—强化级,
type,Social Adaptation Chip - Standard,社交适应芯片—标准级,
type,Sodium Firework,钠烟火,
type,Sodium Firework CXIV,钠烟火CXIV,
type,SoE NET Resonator,EVE姐妹会NET共振器,
type,Soil,土壤,
type,Soldier of Fortune - Combat Frigate Crate,自由战士 - 战斗护卫舰箱,
type,Soldier of Fortune - Frigate Skill Crate,自由战士 - 护卫舰技能箱,
type,Soldier of Fortune - Support Frigate Crate,自由战士 - 后勤护卫舰箱,
type,Solerium,铯铬合金,
type,Solis Mutanite,索利斯突变石,
type,Sooth Sayer,梦呓,
type,Sotiyo,索迪约,structure
type,Sotiyo Upwell Quantum Core,索迪约昇威量子芯,
type,Spacetime Singularity Firework,时空奇点烟火,
type,Spare Parts,备件,
type,Spatial Attunement Unit,空间协调装置,
type,Spatial Destabilization Battery,空间扰乱发射器,
type,Spatiotemporal Boundary Detector,时空界限侦测装置,
type,Spectre Fleet's Modified Entosis Link,改良型侵噬链接 S型,
type,Sperrylite,砷铂矿,
type,Spiced Wine,五香酒,
type,Spike L,钉刺 L,
type,Spike M,钉刺 M,
type,Spike S,钉刺 S,
type,Spike XL,钉刺 XL,
type,Spirits,幽灵酒,
type,Spodumain,灰岩,
type,Spodumain II-Grade,灰岩（2级）,
type,Spodumain III-Grade,灰岩（3级）,
type,Spodumain IV-Grade,灰岩（4级）,
type,Squall,狂风级,ship
type,Stabber,刺客级,ship
type,Stabber Fleet Issue,刺客级舰队型,ship
type,Stability Telemetry,稳定性遥测,
type,Stalwart Restrained Shield Boost Amplifier,刚毅抑制性护盾回充增量增效器,
type,Standard Blue Pill Booster,标准型蓝色药丸增效体,
type,Standard Crash Booster,标准型撞击感增效体,
type,Standard Drop Booster,标准型坠落感增效体,
type,Standard Exile Booster,标准型游离感增效体,
type,Standard Frentix Booster,标准型疯癫增效体,
type,Standard L,标准晶体 L,
type,Standard M,标准晶体 M,
type,Standard Mindflood Booster,标准型思维冲击增效体,
type,Standard S,标准晶体 S,
type,Standard Sooth Sayer Booster,标准型梦呓增效体,
type,Standard X-Instinct Booster,标准型X—本能增效体,
type,Standard XL,标准晶体 XL,
type,Standup Ametat I,屹立阿米特 I,
type,Standup Ametat II,屹立阿米特 II,
type,Standup Antaeus I,屹立安泰 I,
type,Standup Antaeus II,屹立安泰 II,
type,Standup Anticapital Missile Launcher I,屹立反旗舰导弹发射器 I,
type,Standup Anticapital Missile Launcher II,屹立反旗舰导弹发射器 II,
type,Standup Arcing Vorton Projector I,屹立电弧弦投射器 I,
type,Standup Ballistic Control System I,屹立弹道控制系统 I,
type,Standup Ballistic Control System II,屹立弹道控制系统 II,
type,Standup Biochemical Reactor I,屹立生化反应堆 I,
type,Standup Cap Battery I,屹立电容器电池 I,
type,Standup Cap Battery II,屹立电容器电池 II,
type,Standup Capacitor Power Relay I,屹立电容能源继电器 I,
type,Standup Capacitor Power Relay II,屹立电容能源继电器 II,
type,Standup Capital Shipyard I,屹立旗舰级船坞 I,
type,Standup Cenobite I,屹立修道士 I,
type,Standup Cenobite II,屹立修道士 II,
type,Standup Cloning Center I,屹立克隆中心 I,
type,Standup Co-Processor Array I,屹立协处理器阵列 I,
type,Standup Co-Processor Array II,屹立协处理器阵列 II,
type,Standup Composite Reactor I,屹立复合反应堆 I,
type,Standup Conduit Generator I,屹立通道发生器 I,
type,Standup Cruise Missile,屹立巡航导弹,
type,Standup Cyclops I,屹立独眼巨人 I,
type,Standup Cyclops II,屹立独眼巨人 II,
type,Standup Cynosural Field Generator I,屹立诱导力场发生器 I,
type,Standup Cynosural System Jammer I,屹立诱导系统干扰器 I,
type,Standup Dragonfly I,屹立蜻蜓 I,
type,Standup Dragonfly II,屹立蜻蜓 II,
type,Standup Dromi I,屹立德洛米 I,
type,Standup Dromi II,屹立德洛米 II,
type,Standup ECM Jammer Burst Projector,屹立ECM干扰脉冲波投射器,
type,Standup Einherji I,屹立因赫吉 I,
type,Standup Einherji II,屹立因赫吉 II,
type,Standup Energy Neutralization Burst Projector,屹立能量中和脉冲波投射器,
type,Standup Equite I,屹立骑士 I,
type,Standup Equite II,屹立骑士 II,
type,Standup Firbolg I,屹立掷矛手 I,
type,Standup Firbolg II,屹立掷矛手 II,
type,Standup Flak Round I,屹立防空弹药 I,
type,Standup Focused Warp Disruptor I,屹立聚焦跃迁扰断器 I,
type,Standup Focused Warp Disruptor II,屹立聚焦跃迁扰断器 II,
type,Standup Focused Warp Scrambling Script,屹立聚焦跃迁扰频脚本,
type,Standup Gram I,屹立格拉墨 I,
type,Standup Gram II,屹立格拉墨 II,
type,Standup Gravimetric ECM Script,屹立引力ECM脚本,
type,Standup Guided Bomb Launcher I,屹立制导炸弹发射器 I,
type,Standup Guided Bomb Launcher II,屹立制导炸弹发射器 II,
type,Standup Gungnir I,屹立长枪 I,
type,Standup Gungnir II,屹立长枪 II,
type,Standup Heavy Energy Neutralizer I,屹立重型能量中和器 I,
type,Standup Heavy Energy Neutralizer II,屹立重型能量中和器 II,
type,Standup Heavy Guided Bomb,屹立重型制导炸弹,
type,Standup Heavy Missile,屹立重型导弹,
type,Standup Hyasyoda Research Lab,屹立三岛研究实验室,
type,Standup Hybrid Reactor I,屹立混合反应堆 I,
type,Standup Invention Lab I,屹立发明实验室 I,
type,Standup L-Set Advanced Component Manufacturing Efficiency I,屹立大型高级组件制造效率 I,
type,Standup L-Set Advanced Component Manufacturing Efficiency II,屹立大型高级组件制造效率 II,
type,Standup L-Set Advanced Large Ship Manufacturing Efficiency I,屹立大型高级大型舰船制造效率 I,
type,Standup L-Set Advanced Large Ship Manufacturing Efficiency II,屹立大型高级大型舰船制造效率 II,
type,Standup L-Set Advanced Medium Ship Manufacturing Efficiency I,屹立大型高级中型舰船制造效率 I,
type,Standup L-Set Advanced Medium Ship Manufacturing Efficiency II,屹立大型高级中型舰船制造效率 II,
type,Standup L-Set Advanced Small Ship Manufacturing Efficiency I,屹立大型高级小型舰船制造效率 I,
type,Standup L-Set Advanced Small Ship Manufacturing Efficiency II,屹立大型高级小型舰船制造效率 II,
type,Standup L-Set Ammunition Manufacturing Efficiency I,屹立大型弹药制造效率 I,
type,Standup L-Set Ammunition Manufacturing Efficiency II,屹立大型弹药制造效率 II,
type,Standup L-Set Basic Capital Component Manufacturing Efficiency I,屹立大型基础旗舰组件制造效率 I,
type,Standup L-Set Basic Capital Component Manufacturing Efficiency II,屹立大型基础旗舰组件制造效率 II,
type,Standup L-Set Basic Large Ship Manufacturing Efficiency I,屹立大型基础大型舰船制造效率 I,
type,Standup L-Set Basic Large Ship Manufacturing Efficiency II,屹立大型基础大型舰船制造效率 II,
type,Standup L-Set Basic Medium Ship Manufacturing Efficiency I,屹立大型基础中型舰船制造效率 I,
type,Standup L-Set Basic Medium Ship Manufacturing Efficiency II,屹立大型基础中型舰船制造效率 II,
type,Standup L-Set Basic Small Ship Manufacturing Efficiency I,屹立大型基础小型舰船制造效率 I,
type,Standup L-Set Basic Small Ship Manufacturing Efficiency II,屹立大型基础小型舰船制造效率 II,
type,Standup L-Set Blueprint Copy Optimization I,屹立大型蓝图拷贝优化 I,
type,Standup L-Set Blueprint Copy Optimization II,屹立大型蓝图拷贝优化 II,
type,Standup L-Set Bomb Aimer I,屹立大型炸弹瞄准装置 I,
type,Standup L-Set Bomb Aimer II,屹立大型炸弹瞄准装置 II,
type,Standup L-Set Capital Ship Manufacturing Efficiency I,屹立大型旗舰制造效率 I,
type,Standup L-Set Capital Ship Manufacturing Efficiency II,屹立大型旗舰制造效率 II,
type,Standup L-Set Drone and Fighter Manufacturing Efficiency I,屹立大型无人机和铁骑舰载机制造效率 I,
type,Standup L-Set Drone and Fighter Manufacturing Efficiency II,屹立大型无人机和铁骑舰载机制造效率 II,
type,Standup L-Set Energy Neutralizer Feedback Control I,屹立大型能量中和器反馈控制 I,
type,Standup L-Set Energy Neutralizer Feedback Control II,屹立大型能量中和器反馈控制 II,
type,Standup L-Set Equipment Manufacturing Efficiency I,屹立大型设备制造效率 I,
type,Standup L-Set Equipment Manufacturing Efficiency II,屹立大型设备制造效率 II,
type,Standup L-Set EW Command System I,屹立大型电子战指挥系统 I,
type,Standup L-Set EW Command System II,屹立大型电子战指挥系统 II,
type,Standup L-Set Invention Optimization I,屹立大型发明优化 I,
type,Standup L-Set Invention Optimization II,屹立大型发明优化 II,
type,Standup L-Set ME Research Optimization I,屹立大型材料效率研究优化 I,
type,Standup L-Set ME Research Optimization II,屹立大型材料效率研究优化 II,
type,Standup L-Set Missile Flight Processor I,屹立大型导弹飞行处理器 I,
type,Standup L-Set Missile Flight Processor II,屹立大型导弹飞行处理器 II,
type,Standup L-Set Moon Drilling Proficiency I,屹立大型卫星钻探精通 I,
type,Standup L-Set Moon Drilling Proficiency II,屹立大型卫星钻探精通 II,
type,Standup L-Set Point Defense Battery Control I,屹立大型定点防御炮塔控制 I,
type,Standup L-Set Point Defense Battery Control II,屹立大型定点防御炮塔控制 II,
type,Standup L-Set Reactor Efficiency I,屹立大型反应堆效率 I,
type,Standup L-Set Reactor Efficiency II,屹立大型反应堆效率 II,
type,Standup L-Set Reprocessing Monitor I,屹立大型提炼监控 I,
type,Standup L-Set Reprocessing Monitor II,屹立大型提炼监控 II,
type,Standup L-Set Structure Manufacturing Efficiency I,屹立大型建筑制造效率 I,
type,Standup L-Set Structure Manufacturing Efficiency II,屹立大型建筑制造效率 II,
type,Standup L-Set Target Acquisition Array I,屹立大型目标锁定阵列 I,
type,Standup L-Set Target Acquisition Array II,屹立大型目标锁定阵列 II,
type,Standup L-Set TE Research Optimization I,屹立大型时间效率研究优化 I,
type,Standup L-Set TE Research Optimization II,屹立大型时间效率研究优化 II,
type,Standup L-Set Thukker Advanced Component Manufacturing Efficiency,屹立大型图克尔高级组件制造效率,
type,Standup L-Set Thukker Basic Capital Component Manufacturing Efficiency,屹立大型图克尔基础旗舰组件制造效率,
type,Standup Ladar ECM Script,屹立光雷达ECM脚本,
type,Standup Large Festival Launcher,屹立大型节日发射器,
type,Standup Layered Armor Plating I,屹立覆层装甲附甲 I,
type,Standup Layered Armor Plating II,屹立覆层装甲附甲 II,
type,Standup Light Guided Bomb,屹立轻型制导炸弹,
type,Standup Light Missile,屹立轻型导弹,
type,Standup Locust I,屹立蚱蜢 I,
type,Standup Locust II,屹立蚱蜢 II,
type,Standup M-Set Advanced Component Manufacturing Material Efficiency I,屹立中型高级组件制造材料效率 I,
type,Standup M-Set Advanced Component Manufacturing Material Efficiency II,屹立中型高级组件制造材料效率 II,
type,Standup M-Set Advanced Component Manufacturing Time Efficiency I,屹立中型高级组件制造时间效率 I,
type,Standup M-Set Advanced Component Manufacturing Time Efficiency II,屹立中型高级组件制造时间效率 II,
type,Standup M-Set Advanced Large Ship Manufacturing Material Efficiency I,屹立中型高级大型舰船制造材料效率 I,
type,Standup M-Set Advanced Large Ship Manufacturing Material Efficiency II,屹立中型高级大型舰船制造材料效率 II,
type,Standup M-Set Advanced Large Ship Manufacturing Time Efficiency I,屹立中型高级大型舰船制造时间效率 I,
type,Standup M-Set Advanced Large Ship Manufacturing Time Efficiency II,屹立中型高级大型舰船制造时间效率 II,
type,Standup M-Set Advanced Medium Ship Manufacturing Material Efficiency I,屹立中型高级中型舰船制造材料效率 I,
type,Standup M-Set Advanced Medium Ship Manufacturing Material Efficiency II,屹立中型高级中型舰船制造材料效率 II,
type,Standup M-Set Advanced Medium Ship Manufacturing Time Efficiency I,屹立中型高级中型舰船制造时间效率 I,
type,Standup M-Set Advanced Medium Ship Manufacturing Time Efficiency II,屹立中型高级中型舰船制造时间效率 II,
type,Standup M-Set Advanced Small Ship Manufacturing Material Efficiency I,屹立中型高级小型舰船制造材料效率 I,
type,Standup M-Set Advanced Small Ship Manufacturing Material Efficiency II,屹立中型高级小型舰船制造材料效率 II,
type,Standup M-Set Advanced Small Ship Manufacturing Time Efficiency I,屹立中型高级小型舰船制造时间效率 I,
type,Standup M-Set Advanced Small Ship Manufacturing Time Efficiency II,屹立中型高级小型舰船制造时间效率 II,
type,Standup M-Set Ammunition Manufacturing Material Efficiency I,屹立中型弹药制造材料效率 I,
type,Standup M-Set Ammunition Manufacturing Material Efficiency II,屹立中型弹药制造效率 II,
type,Standup M-Set Ammunition Manufacturing Time Efficiency I,屹立中型弹药制造时间效率 I,
type,Standup M-Set Ammunition Manufacturing Time Efficiency II,屹立中型弹药制造时间效率 II,
type,Standup M-Set Asteroid Ore Grading Processor I,屹立中型小行星矿石分级处理器 I,
type,Standup M-Set Asteroid Ore Grading Processor II,屹立中型小行星矿石分级处理器 II,
type,Standup M-Set Basic Capital Component Manufacturing Material Efficiency I,屹立中型基础旗舰组件制造材料效率 I,
type,Standup M-Set Basic Capital Component Manufacturing Material Efficiency II,屹立中型基础旗舰组件制造材料效率 II,
type,Standup M-Set Basic Capital Component Manufacturing Time Efficiency I,屹立中型基础旗舰组件制造时间效率 I,
type,Standup M-Set Basic Capital Component Manufacturing Time Efficiency II,屹立中型基础旗舰组件制造时间效率 II,
type,Standup M-Set Basic Large Ship Manufacturing Material Efficiency I,屹立中型基础大型舰船制造材料效率 I,
type,Standup M-Set Basic Large Ship Manufacturing Material Efficiency II,屹立中型基础大型舰船制造材料效率 II,
type,Standup M-Set Basic Large Ship Manufacturing Time Efficiency I,屹立中型基础大型舰船制造时间效率 I,
type,Standup M-Set Basic Large Ship Manufacturing Time Efficiency II,屹立中型基础大型舰船制造时间效率 II,
type,Standup M-Set Basic Medium Ship Manufacturing Material Efficiency I,屹立中型基础中型舰船制造材料效率 I,
type,Standup M-Set Basic Medium Ship Manufacturing Material Efficiency II,屹立中型基础中型舰船制造材料效率 II,
type,Standup M-Set Basic Medium Ship Manufacturing Time Efficiency I,屹立中型基础中型舰船制造时间效率 I,
type,Standup M-Set Basic Medium Ship Manufacturing Time Efficiency II,屹立中型基础中型舰船制造时间效率 II,
type,Standup M-Set Basic Small Ship Manufacturing Material Efficiency I,屹立中型基础小型舰船制造材料效率 I,
type,Standup M-Set Basic Small Ship Manufacturing Material Efficiency II,屹立中型基础小型舰船制造材料效率 II,
type,Standup M-Set Basic Small Ship Manufacturing Time Efficiency I,屹立中型基础小型舰船制造时间效率 I,
type,Standup M-Set Basic Small Ship Manufacturing Time Efficiency II,屹立中型基础小型舰船制造时间效率 II,
type,Standup M-Set Biochemical Reactor Material Efficiency I,屹立中型生化反应堆材料效率 I,
type,Standup M-Set Biochemical Reactor Material Efficiency II,屹立中型生化反应堆材料效率 II,
type,Standup M-Set Biochemical Reactor Time Efficiency I,屹立中型生化反应堆时间效率 I,
type,Standup M-Set Biochemical Reactor Time Efficiency II,屹立中型生化反应堆时间效率 II,
type,Standup M-Set Blueprint Copy Accelerator I,屹立中型蓝图拷贝加速 I,
type,Standup M-Set Blueprint Copy Accelerator II,屹立中型蓝图拷贝加速器 II,
type,Standup M-Set Blueprint Copy Cost Optimization I,屹立中型蓝图拷贝成本优化 I,
type,Standup M-Set Blueprint Copy Cost Optimization II,屹立中型蓝图拷贝成本优化 II,
type,Standup M-Set Composite Reactor Material Efficiency I,屹立中型复合反应堆材料效率 I,
type,Standup M-Set Composite Reactor Material Efficiency II,屹立中型复合反应堆材料效率 II,
type,Standup M-Set Composite Reactor Time Efficiency I,屹立中型复合反应堆时间效率 I,
type,Standup M-Set Composite Reactor Time Efficiency II,屹立中型复合反应堆时间效率 II,
type,Standup M-Set Drone and Fighter Manufacturing Material Efficiency I,屹立中型无人机和铁骑舰载机制造材料效率 I,
type,Standup M-Set Drone and Fighter Manufacturing Material Efficiency II,屹立中型无人机和铁骑舰载机制造材料效率 II,
type,Standup M-Set Drone and Fighter Manufacturing Time Efficiency I,屹立中型无人机和铁骑舰载机制造时间效率 I,
type,Standup M-Set Drone and Fighter Manufacturing Time Efficiency II,屹立中型无人机和铁骑舰载机制造时间效率 II,
type,Standup M-Set Electronic Warfare Economy I,屹立中型电子战节能 I,
type,Standup M-Set Electronic Warfare Economy II,屹立中型电子战节能 II,
type,Standup M-Set Electronic Warfare Projection I,屹立中型电子战投射 I,
type,Standup M-Set Electronic Warfare Projection II,屹立中型电子战投射 II,
type,Standup M-Set Energy Neutralizer Economy I,屹立中型能量中和器节能 I,
type,Standup M-Set Energy Neutralizer Economy II,屹立中型能量中和器节能 II,
type,Standup M-Set Energy Neutralizer Projection I,屹立中型能量中和器投射 I,
type,Standup M-Set Energy Neutralizer Projection II,屹立中型能量中和器投射 II,
type,Standup M-Set Enhanced Targeting System I,屹立中型锁定增强系统 I,
type,Standup M-Set Enhanced Targeting System II,屹立中型锁定增强系统 II,
type,Standup M-Set Equipment Manufacturing Material Efficiency I,屹立中型设备制造材料效率 I,
type,Standup M-Set Equipment Manufacturing Material Efficiency II,屹立中型设备制造材料效率 II,
type,Standup M-Set Equipment Manufacturing Time Efficiency I,屹立中型设备制造时间效率 I,
type,Standup M-Set Equipment Manufacturing Time Efficiency II,屹立中型设备制造时间效率 II,
type,Standup M-Set Hybrid Reactor Material Efficiency I,屹立中型混合反应堆材料效率 I,
type,Standup M-Set Hybrid Reactor Material Efficiency II,屹立中型混合反应堆材料效率 II,
type,Standup M-Set Hybrid Reactor Time Efficiency I,屹立中型混合反应堆时间效率 I,
type,Standup M-Set Hybrid Reactor Time Efficiency II,屹立中型混合反应堆时间效率 II,
type,Standup M-Set Ice Grading Processor I,屹立中型冰矿分级处理器 I,
type,Standup M-Set Ice Grading Processor II,屹立中型冰矿分级处理器 II,
type,Standup M-Set Invention Accelerator I,屹立中型发明加速 I,
type,Standup M-Set Invention Accelerator II,屹立中型发明加速 II,
type,Standup M-Set Invention Cost Optimization I,屹立中型发明成本优化 I,
type,Standup M-Set Invention Cost Optimization II,屹立中型发明成本优化 II,
type,Standup M-Set ME Research Accelerator I,屹立中型材料效率研究加速 I,
type,Standup M-Set ME Research Accelerator II,屹立中型材料效率研究加速 II,
type,Standup M-Set ME Research Cost Optimization I,屹立中型材料效率研究成本优化 I,
type,Standup M-Set ME Research Cost Optimization II,屹立中型材料效率研究成本优化 II,
type,Standup M-Set Missile Precision I,屹立中型导弹精度 I,
type,Standup M-Set Missile Precision II,屹立中型导弹精度 II,
type,Standup M-Set Missile Projection I,屹立中型导弹投射 I,
type,Standup M-Set Missile Projection II,屹立中型导弹投射 II,
type,Standup M-Set Moon Drilling Efficiency I,屹立中型卫星钻探效率 I,
type,Standup M-Set Moon Drilling Efficiency II,屹立中型卫星钻探效率 II,
type,Standup M-Set Moon Drilling Stability I,屹立中型卫星钻探稳定 I,
type,Standup M-Set Moon Drilling Stability II,屹立中型卫星钻探稳定 II,
type,Standup M-Set Moon Ore Grading Processor I,屹立中型卫星矿石分级处理器 I,
type,Standup M-Set Moon Ore Grading Processor II,屹立中型卫星矿石分级处理器 II,
type,Standup M-Set Structure Manufacturing Material Efficiency I,屹立中型建筑制造材料效率 I,
type,Standup M-Set Structure Manufacturing Material Efficiency II,屹立中型建筑制造材料效率 II,
type,Standup M-Set Structure Manufacturing Time Efficiency I,屹立中型建筑制造时间效率 I,
type,Standup M-Set Structure Manufacturing Time Efficiency II,屹立中型建筑制造时间效率 II,
type,Standup M-Set Structure Target Multiplexing I,屹立中型建筑多重锁定装置 I,
type,Standup M-Set Structure Target Multiplexing II,屹立中型建筑多重锁定装置 II,
type,Standup M-Set TE Research Accelerator I,屹立中型时间效率研究加速器 I,
type,Standup M-Set TE Research Accelerator II,屹立中型时间效率研究加速 II,
type,Standup M-Set TE Research Cost Optimization I,屹立中型时间效率研究成本优化 I,
type,Standup M-Set TE Research Cost Optimization II,屹立中型时间效率研究成本优化 II,
type,Standup M-Set Thukker Advanced Component Manufacturing Material Efficiency,屹立中型图克尔高级组件制造材料效率,
type,Standup M-Set Thukker Basic Capital Component Manufacturing Material Efficiency,屹立中型图克尔基础旗舰组件制造材料效率,
type,Standup Magnetometric ECM Script,屹立磁力ECM脚本,
type,Standup Malleus I,屹立槌骨 I,
type,Standup Malleus II,屹立槌骨 II,
type,Standup Mantis I,屹立螳螂 I,
type,Standup Mantis II,屹立螳螂 II,
type,Standup Manufacturing Plant I,屹立制造厂 I,
type,Standup Market Hub I,屹立市场中心 I,
type,Standup Missile Guidance Enhancer I,屹立导弹制导增强器 I,
type,Standup Missile Guidance Enhancer II,屹立导弹制导增强器 II,
type,Standup Moon Drill I,屹立卫星钻探 I,
type,Standup Multirole Missile Launcher I,屹立多功能导弹发射器 I,
type,Standup Multirole Missile Launcher II,屹立多功能导弹发射器 II,
type,Standup Point Defense Battery I,屹立定点防御炮塔 I,
type,Standup Point Defense Battery II,屹立定点防御炮塔 II,
type,Standup Radar ECM Script,屹立雷达ECM脚本,
type,Standup Reactor Control Unit I,屹立反应堆控制组件 I,
type,Standup Reactor Control Unit II,屹立反应堆控制组件 II,
type,Standup Remote Sensor Dampener I,屹立远程感应抑阻器 I,
type,Standup Remote Sensor Dampener II,屹立远程感应抑阻器 II,
type,Standup Reprocessing Facility I,屹立提炼设施 I,
type,Standup Research Lab I,屹立研究实验室 I,
type,Standup Satyr I,屹立萨梯 I,
type,Standup Satyr II,屹立萨梯 II,
type,Standup Scarab I,屹立圣甲虫 I,
type,Standup Scarab II,屹立圣甲虫 II,
type,Standup Sensor Dampening Burst Projector,屹立感应抑阻脉冲波投射器,
type,Standup Shadow,屹立暗影舰载机,
type,Standup Signal Amplifier I,屹立信号放大器 I,
type,Standup Signal Amplifier II,屹立信号放大器 II,
type,Standup Siren I,屹立塞壬 I,
type,Standup Siren II,屹立塞壬 II,
type,Standup Stasis Webification Burst Projector,屹立停滞缠绕脉冲波投射器,
type,Standup Stasis Webifier I,屹立停滞缠绕光束 I,
type,Standup Stasis Webifier II,屹立停滞缠绕光束 II,
type,Standup Super-heavy Torpedo,屹立超级重型鱼雷,
type,Standup Supercapital Shipyard I,屹立超级旗舰级船坞 I,
type,Standup Target Illumination Burst Projector,屹立目标照明脉冲波投射器,
type,Standup Target Painter I,屹立目标标记装置 I,
type,Standup Target Painter II,屹立目标标记装置 II,
type,Standup Templar I,屹立圣殿骑士 I,
type,Standup Templar II,屹立圣殿骑士 II,
type,Standup Termite I,屹立白蚁 I,
type,Standup Termite II,屹立白蚁 II,
type,Standup Tyrfing I,屹立斩裂剑 I,
type,Standup Tyrfing II,屹立斩裂剑 II,
type,Standup Variable Spectrum ECM I,屹立可变光谱ECM I,
type,Standup Variable Spectrum ECM II,屹立可变光谱ECM II,
type,Standup Warp Disruption Burst Projector,屹立跃迁扰断脉冲波投射器,
type,Standup Weapon Disruption Burst Projector,屹立武器扰断脉冲波投射器,
type,Standup Weapon Disruptor I,屹立武器扰断器 I,
type,Standup Weapon Disruptor II,屹立武器扰断器 II,
type,Standup XL Cruise Missile,屹立超大型巡航导弹,
type,Standup XL Energy Neutralizer I,屹立超大型能量中和器 I,
type,Standup XL Energy Neutralizer II,屹立超大型能量中和器 II,
type,Standup XL-Set Equipment and Consumable Manufacturing Efficiency I,屹立超大型设备和消费品制造效率 I,
type,Standup XL-Set Equipment and Consumable Manufacturing Efficiency II,屹立超大型设备和消费品制造效率 II,
type,Standup XL-Set EW and Emissions Co-ordinator I,屹立超大型电子战和散热协调器 I,
type,Standup XL-Set EW and Emissions Co-ordinator II,屹立超大型电子战和散热协调器 II,
type,Standup XL-Set Extinction Level Weapons Suite I,屹立超大型毁灭级武器套装 I,
type,Standup XL-Set Extinction Level Weapons Suite II,屹立超大型毁灭级武器套装 II,
type,Standup XL-Set Laboratory Optimization I,屹立超大型实验室优化 I,
type,Standup XL-Set Laboratory Optimization II,屹立超大型实验室优化 II,
type,Standup XL-Set Missile Fire Control Computer I,屹立超大型导弹火力控制计算机 I,
type,Standup XL-Set Missile Fire Control Computer II,屹立超大型导弹火力控制计算机 II,
type,Standup XL-Set Reprocessing Monitor I,屹立超大型提炼监控 I,
type,Standup XL-Set Reprocessing Monitor II,屹立超大型提炼监控 II,
type,Standup XL-Set Ship Manufacturing Efficiency I,屹立超大型舰船制造效率 I,
type,Standup XL-Set Ship Manufacturing Efficiency II,屹立超大型舰船制造效率 II,
type,Standup XL-Set Structure and Component Manufacturing Efficiency I,屹立超大型建筑和组件制造效率 I,
type,Standup XL-Set Structure and Component Manufacturing Efficiency II,屹立超大型建筑和组件制造效率 II,
type,Standup XL-Set Thukker Structure and Component Manufacturing Efficiency,屹立超大型图克尔建筑和组件制造效率,
type,Stargazer Lantern Firework,观星者灯笼焰火,
type,Starsi Blast! Classic,星炫劲爽！经典款,
type,Starsi Blast! Orange,星炫劲爽！橙色款,
type,Stasis Webification Battery,停滞缠绕光束发射台,
type,Stasis Webification Burst Projector,停滞缠绕脉冲波投射器,
type,Stasis Webification Probe,停滞缠绕探针,
type,Stasis Webifier I,停滞缠绕光束 I,
type,Stasis Webifier II,停滞缠绕光束 II,
type,Stasis Webifier Mutaplasmid Residue,停滞缠绕光束突变质体残渣,
type,State Defense Booster I,合众国防御增效剂I,
type,State Defense Booster II,合众国防御增效剂II,
type,State Defense Booster III,合众国防御增效剂III,
type,State Electronics Booster I,合众国电子系统增效剂I,
type,State Electronics Booster II,合众国电子系统增效剂II,
type,State Electronics Booster III,合众国电子系统增效剂III,
type,State Hardpoint Booster I,合众国挂载点增效剂I,
type,State Hardpoint Booster II,合众国挂载点增效剂II,
type,State Hardpoint Booster III,合众国挂载点增效剂III,
type,State Military Stockpile Supply Package,合众国军事储备处补给包,
type,State Mobility Booster I,合众国机动性增效剂I,
type,State Mobility Booster II,合众国机动性增效剂II,
type,State Mobility Booster III,合众国机动性增效剂III,
type,Stellar Surveillance Data,星际侦察数据,
type,Stellar Transmuter Datacore,星际突变器数据核心,
type,Stellar Transmuter Research Data Fragment,星际突变器研究数据片段,
type,Stellar Transmuter Research Encryption Key,星际突变器研究加密密钥,
type,Stellar Transmuter Research Index File,星际突变器研究索引文件,
type,Stiletto,短剑级,ship
type,Stork,鹳鸟级,ship
type,Stormbringer,唤风级,ship
type,Strange Matter Component X-13,奇异物质组件X-13,
type,Strange Matter Component X-17,奇异物质组件X-17,
type,Strange Matter Component X-31,奇异物质组件X-31,
type,Strange Matter Component X-37,奇异物质组件X-37,
type,Strange Matter Component X-71,奇异物质组件X-71,
type,Strange Matter Component Y-107,奇异物质组件Y-107,
type,Strange Matter Component Y-73,奇异物质组件Y-73,
type,Strange Matter Component Y-79,奇异物质组件Y-79,
type,Strange Matter Component Y-97,奇异物质组件Y-97,
type,Strange Matter Component Z-113,奇异物质组件Z-113,
type,Strange Matter Component Z-149,奇异物质组件Z-149,
type,Strange Matter Component Z-157,奇异物质组件Z-157,
type,Strange Matter Component Z-167,奇异物质组件Z-167,
type,Strategos' Modified Fighter Support Unit,将军级改良型战舰辅助单元,
type,Strategos' Modified Heat Sink,将军级改良型散热槽,
type,Strategos' Modified Heavy Stasis Grappler,将军改良重型停滞捕捉光束,
type,Strategos' Modified Multispectrum Shield Hardener,将军级改良型多谱式护盾增强器,
type,Strategos' Modified Siege Module,将军级改良型会战装备,
type,Stratios,斯特修斯级,ship
type,Stress-Responding Neurolink Stabilizer,承压式神经链接稳定器,
type,StrikeSnipe Ultra L,超级狙击 L,
type,StrikeSnipe Ultra M,超级狙击 M,
type,StrikeSnipe Ultra S,超级狙击 S,
type,String Charge Evaluation Couple,弦负荷估测装置,
type,Strip Miner I,露天采矿器 I,
type,Strong Blue Pill Booster,超强型蓝色药丸增效体,
type,Strong Crash Booster,超强型撞击感增效体,
type,Strong Drop Booster,超强型坠落感增效体,
type,Strong Exile Booster,超强型游离感增效体,
type,Strong Frentix Booster,超强型疯癫增效体,
type,Strong Mindflood Booster,超强型思维冲击增效体,
type,Strong Sooth Sayer Booster,超强型梦呓增效体,
type,Strong Veilguard Booster,超强型暗影戒卫增效体,
type,Strong X-Instinct Booster,超强型X—本能增效体,
type,Strontium Clathrates,锶包合物,
type,Structure Acceleration Coils,建筑加速线圈,
type,Structure Advertisement Nexus,建筑宣传节点,
type,Structure Construction Parts,建筑建造组件,
type,Structure Docking Bay,建筑停泊港,
type,Structure Electromagnetic Sensor,建筑磁力感应器,
type,Structure EXERT Conduit Coupler,建筑导管联结器,
type,Structure Factory,建筑工厂,
type,Structure Hangar Array,建筑机库阵列,
type,Structure Laboratory,建筑实验室,
type,Structure Market Network,建筑市场网络,
type,Structure Medical Center,建筑医疗中心,
type,Structure Mission Network,建筑任务网络,
type,Structure Office Center,建筑办公室中心,
type,Structure Repair Facility,建筑维修设施,
type,Structure Reprocessing Plant,建筑提炼工厂,
type,Structure Storage Bay,建筑贮藏舱,
type,Subcompact TEBS Interface,超小型跨神经扫描接口,
type,Subcranial Nanocontrollers,颅下纳米控制器,
type,Subsystem Assembly Array,子系统组装阵列,
type,Succubus,魔女级,ship
type,Sulfuric Acid,硫酸,
type,Sunesis,旭日级,ship
type,Supercapital Ship Assembly Array,超级旗舰组装阵列,
type,Superconducting Gravimetric Amplifier,超导引力放大器,
type,Superconducting Ladar Amplifier,超导光雷达放大器,
type,Superconducting Magnetometric Amplifier,超导磁力放大器,
type,Superconducting Radar Amplifier,超导雷达放大器,
type,Superconductor Rails,超导体轨道,
type,Suppressed Targeting System I,抑制型锁定系统 I,
type,Supratidal Compact Entropic Disintegrator,潮上紧凑型熵能分解者,
type,Supratidal Entropic Disintegrator I,潮上熵能分解者 I,
type,Supratidal Entropic Disintegrator II,潮上熵能分解者 II,
type,Supratidal Scoped Entropic Disintegrator,潮上视野型熵能分解者,
type,Surgical Warp Disrupt Probe,外科手术跃迁干扰探针,
type,Survey Probe Launcher I,测量探针发射器 I,
type,Survey Probe Launcher II,测量探针发射器 II,
type,Sustained Shield Emitter,恒定护盾发射器,
type,Svipul,斯威普级,ship
type,Sylramic Fibers,多晶碳化硅纤维,
type,Sylvite,钾盐,
type,Syndicate 100mm Steel Plates,辛迪加100mm钢附甲板,
type,Syndicate 1600mm Steel Plates,辛迪加1600mm钢附甲板,
type,Syndicate 200mm Steel Plates,辛迪加200mm钢附甲板,
type,Syndicate 400mm Steel Plates,辛迪加400mm钢附甲板,
type,Syndicate 800mm Steel Plates,辛迪加800mm钢附甲板,
type,Syndicate Cloaking Device,辛迪加隐身设备,
type,Syndicate Damage Control,辛迪加损伤控制,
type,Syndicate Gas Cloud Scoop,辛迪加气云回收装置,
type,Syndicate Mobile Large Warp Disruptor,大型辛迪加机动跃迁扰断器,
type,Syndicate Mobile Medium Warp Disruptor,中型辛迪加机动跃迁扰断器,
type,Syndicate Mobile Small Warp Disruptor,小型辛迪加机动跃迁扰断器,
type,Syndicate Reactor Control Unit,辛迪加反应堆控制元件,
type,Syndicate Reinforced Bulkheads,辛迪加强化舱隔壁,
type,Syndicate Signal Amplifier,辛迪加信号放大器,
type,Synth Blue Pill Booster,合成型蓝色药丸增效体,
type,Synth Crash Booster,合成型撞击感增效体,
type,Synth Drop Booster,合成型坠落感增效体,
type,Synth Exile Booster,合成型游离感增效体,
type,Synth Frentix Booster,合成型疯癫增效体,
type,Synth Mindflood Booster,合成型思维冲击增效体,
type,Synth Sooth Sayer Booster,合成型梦呓增效体,
type,Synth X-Instinct Booster,合成型X—本能增效体,
type,Synthetic Aperture Ladar Receiver,合成孔径光雷达接收器,
type,Synthetic Coffee,合成咖啡,
type,Synthetic Hull Conversion Inertial Stabilizers,合成船体转换惯性稳定器,
type,Synthetic Hull Conversion Nanofiber Structure,合成结构转换纳米纤维构架,
type,Synthetic Hull Conversion Overdrive Injector,合成结构转换超载注喷器,
type,Synthetic Hull Conversion Reinforced Bulkheads,合成结构转换强化舱隔壁,
type,System Scanning Array,星系扫描阵列,
type,Ta3 Compact Ship Scanner,Ta3紧凑型船体扫描器,
type,Tachyon Afocal Laser I,超光速粒子无焦点激光器I,
type,Tachyon Anode Particle Stream I,超光速粒子阳极粒子束 I,
type,Tachyon Beam Laser I,超光速粒子集束激光器 I,
type,Tachyon Beam Laser II,超光速粒子集束激光器 II,
type,Tachyon Modal Laser I,超光速粒子增强模式激光器 I,
type,Tachyon Modulated Energy Beam I,超光速粒子调制型能量光束 I,
type,Tactical Capsuleer Recloner,战术克隆重制体,
type,Tahron's Custom Heat Sink,塔隆的定制散热槽,
type,Taipan,毒蛇级,ship
type,Tairei Namazoth's Tag,泰瑞·纳玛佐斯的铭牌,
type,Tairei's Modified Cap Recharger,泰瑞氏改良型电容回充器,
type,Tairei's Modified Capacitor Power Relay,泰瑞氏改良型电容能源继电器,
type,Tairei's Modified Dual Heavy Pulse Laser,泰瑞氏改良型双联重型脉冲激光器,
type,Tairei's Modified EM Armor Hardener,泰瑞氏改良型电磁装甲增强器,
type,Tairei's Modified EM Coating,泰瑞氏改良型电磁涂层,
type,Tairei's Modified EM Energized Membrane,泰瑞氏改良型电磁电压薄膜,
type,Tairei's Modified Explosive Armor Hardener,泰瑞氏改良型爆炸装甲增强器,
type,Tairei's Modified Explosive Coating,泰瑞氏改良型爆炸涂层,
type,Tairei's Modified Explosive Energized Membrane,泰瑞氏改良型爆炸电压薄膜,
type,Tairei's Modified Heat Sink,泰瑞氏改良型散热槽,
type,Tairei's Modified Heavy Capacitor Booster,泰瑞氏改良型重型电容注电器,
type,Tairei's Modified Heavy Energy Neutralizer,泰瑞氏改良型重型能量中和器,
type,Tairei's Modified Heavy Energy Nosferatu,泰瑞氏改良型重型掠能器,
type,Tairei's Modified Kinetic Armor Hardener,泰瑞氏改良型动能装甲增强器,
type,Tairei's Modified Kinetic Coating,泰瑞氏改良型动能涂层,
type,Tairei's Modified Kinetic Energized Membrane,泰瑞氏改良型动能电压薄膜,
type,Tairei's Modified Large Armor Repairer,泰瑞氏改良大型装甲维修器,
type,Tairei's Modified Large EMP Smartbomb,泰瑞氏改良大型EMP立体炸弹,
type,Tairei's Modified Mega Pulse Laser,泰瑞氏改良型超级脉冲激光器,
type,Tairei's Modified Multispectrum Coating,泰瑞氏改良型多谱式涂层,
type,Tairei's Modified Multispectrum Energized Membrane,泰瑞氏改良型多谱式电压薄膜,
type,Tairei's Modified Power Diagnostic System,泰瑞氏改良型能源诊断系统,
type,Tairei's Modified Reactor Control Unit,泰瑞氏改良型反应堆控制元件,
type,Tairei's Modified Thermal Armor Hardener,泰瑞氏改良型热能装甲增强器,
type,Tairei's Modified Thermal Coating,泰瑞氏改良型热能涂层,
type,Tairei's Modified Thermal Energized Membrane,泰瑞氏改良型热能电压薄膜,
type,Takmahl Astral Treatment,塔克玛星型公式,
type,Takmahl Binary Texts,塔克玛二元文字,
type,Takmahl Biodroid Controller,塔克玛生命控制器,
type,Takmahl Centrifugal Primer,塔克玛离心学说,
type,Takmahl Cohere Cord,塔克玛转接轴,
type,Takmahl Diamond Rod,塔克玛菱形长杆,
type,Takmahl Dynamic Gauge,塔克玛动态量尺,
type,Takmahl Fractal Sheet,塔克玛几何工作表,
type,Takmahl Geometric Design,塔克玛几何设计,
type,Takmahl Gyro Ballast,塔克玛回旋陀螺仪,
type,Takmahl Magnetic Slab,塔克玛磁板,
type,Takmahl Phrenic Appendix,塔克玛精神读物附录,
type,Takmahl Quantum Sphere,塔克玛量子球体,
type,Takmahl Solid Mox,塔克玛固体混合氧化物,
type,Takmahl Tri-polished Lens,塔克玛三棱镜,
type,Talassonite,塔拉岩,
type,Talassonite II-Grade,塔拉岩（2级）,
type,Talassonite III-Grade,塔拉岩（3级）,
type,Talocan Automation Accounts,塔洛迦自控帐户,
type,Talocan Ignition Device,塔洛迦点火装置,
type,Talocan Info Shards,塔洛迦信息存储片,
type,Talocan Intricate Formulas,塔洛迦复杂的公式,
type,Talocan Mathematical Schematics,塔洛迦数学图表,
type,Talocan Mechanical Gears,塔洛迦机械设备,
type,Talocan Molecule Binder,塔洛迦原子捆绑器,
type,Talocan Partition Plates,塔洛迦分隔板,
type,Talocan Perpetual Clock,塔洛迦永动钟,
type,Talocan Reflective Sheets,塔洛迦反射板,
type,Talocan Sketch Books,塔洛迦速写本,
type,Talocan Solid Atomizer,塔洛迦固体量化器,
type,Talocan Stasis Deflector,塔洛迦停滞偏针仪,
type,Talocan Stasis Inverter,塔洛迦停滞变极器,
type,Talocan System Interface Unit,塔洛迦系统界面部件,
type,Talos,塔洛斯级,ship
type,Talwar,弯刀级,ship
type,Talwar Fleet Issue,弯刀级舰队型,ship
type,Tangled Power Conduit,缠绕的能量管道,
type,Taranis,塔纳尼斯级,ship
type,Target Illumination Burst Projector,目标照明脉冲波投射器,
type,Target Painter I,目标标记装置 I,
type,Target Painter II,目标标记装置 II,
type,Targeting Range Dampening Script,锁定距离抑阻脚本,
type,Targeting Range Script,锁定距离修正脚本,
type,Tatara,塔塔拉,structure
type,Tatara Upwell Quantum Core,塔塔拉昇威量子芯,
type,Tayra,狐鼬级,ship
type,TE-2100 Ample Light Missile Launcher,TE-2100充裕型轻型导弹发射器,
type,TE-2100 Ample Rapid Torpedo Launcher,TE-2100充裕型快速鱼雷发射器,
type,TE-2100 Ample XL Cruise Missile Launcher,TE-2100充裕型超大型巡航导弹发射器,
type,TE-2100 Ample XL Torpedo Launcher,TE-2100充裕型超大型鱼雷发射器,
type,Technetium,锝,
type,Tekton Forked Packet,泰克顿分叉数据包,
type,Telemetry Processor,遥感探测处理器,
type,Tempest,狂暴级,ship
type,Tempest Fleet Issue,狂暴级舰队型,ship
type,Tempest Tribal Issue,狂暴级部族型,ship
type,Templar I,圣殿骑士 I,
type,Templar II,圣殿骑士 II,
type,Tenebraet Mutanite,暗黑突变石,
type,Tenebrex Cyno Jammer,暗影诱导干扰塔,structure
type,Tengu,金鹏级,ship
type,Tengu Core - Augmented Graviton Reactor,金鹏核心 - 增强引力子反应堆,
type,Tengu Core - Electronic Efficiency Gate,金鹏核心 - 电子效能组合逻辑元件,
type,Tengu Core - Obfuscation Manifold,金鹏核心 - 干扰管,
type,Tengu Defensive - Amplification Node,金鹏防御 - 放大节点,
type,Tengu Defensive - Covert Reconfiguration,金鹏防御 - 隐形优化器,
type,Tengu Defensive - Supplemental Screening,金鹏防御 - 辅助保护幕墙,
type,Tengu Offensive - Accelerated Ejection Bay,金鹏攻击 - 加速弹射舱,
type,Tengu Offensive - Magnetic Infusion Basin,金鹏攻击 - 磁性注入闸,
type,Tengu Offensive - Support Processor,金鹏攻击 - 后勤处理器,
type,Tengu Propulsion - Chassis Optimization,金鹏推进 - 机舱优化,
type,Tengu Propulsion - Fuel Catalyst,金鹏推进 - 燃料催化器,
type,Tengu Propulsion - Interdiction Nullifier,金鹏推进 - 拦截湮灭者,
type,Tenzin YC128 Campaign Bus,YC128年丹增竞选巴士,ship
type,Tenzin’s Modified Guidance Disruptor,丹增的改良型制导干扰器,
type,Terachi Tash-Murkon's Insignia,特拉奇·塔什蒙贡的勋章,
type,Terahertz Metamaterials,太赫兹超材料,
type,Termite I,白蚁 I,
type,Termite II,白蚁 II,
type,Tesseract Capacitor Unit,超立方电容器单元,
type,Test Dummies,试验假人,
type,Tetrimonic Warclone Blanks,特里蒙战斗克隆空槽,
type,Tetryon Exotic Plasma L,四重子异种等离子弹 L,
type,Tetryon Exotic Plasma M,四重子异种等离子弹 M,
type,Tetryon Exotic Plasma S,四重子异种等离子弹 S,
type,Tetryon Exotic Plasma XL,四重子异种等离子弹 XL,
type,Thalia,塔利亚级,ship
type,Thanatos,绝念级,ship
type,Thermal Armor Hardener I,热能装甲增强器 I,
type,Thermal Armor Hardener II,热能装甲增强器 II,
type,Thermal Coating I,热能涂层 I,
type,Thermal Coating II,热能涂层 II,
type,Thermal Energized Membrane I,热能电压薄膜 I,
type,Thermal Energized Membrane II,热能电压薄膜 II,
type,Thermal Shield Amplifier I,热能护盾增效器 I,
type,Thermal Shield Amplifier II,热能护盾增效器 II,
type,Thermal Shield Hardener I,热能护盾增强器 I,
type,Thermal Shield Hardener II,热能护盾增强器 II,
type,Thermoelectric Catalysts,热电催化器,
type,Thermonuclear Trigger Unit,热核反应击发装置,
type,Thermosetting Polymer,热固性聚合物,
type,Tholos,穹顶级,ship
type,Thon Eney's Tag,托恩的铭牌,
type,Thon's Modified Ballistic Control System,托恩氏改良型弹道控制系统,
type,Thon's Modified Cloaking Device,托恩氏改良型隐形装置,
type,Thon's Modified Co-Processor,托恩氏改良型协处理器,
type,Thon's Modified Cruise Missile Launcher,托恩氏改良型巡航导弹发射器,
type,Thon's Modified EM Shield Amplifier,托恩氏改良型电磁护盾增效器,
type,Thon's Modified EM Shield Hardener,托恩氏改良型电磁护盾增强器,
type,Thon's Modified Explosive Shield Amplifier,托恩氏改良型爆炸护盾增效器,
type,Thon's Modified Explosive Shield Hardener,托恩氏改良型爆炸护盾增强器,
type,Thon's Modified Kinetic Shield Amplifier,托恩氏改良型动能护盾增效器,
type,Thon's Modified Kinetic Shield Hardener,托恩氏改良型动能护盾增强器,
type,Thon's Modified Large Graviton Smartbomb,托恩氏改良大型引力子立体炸弹,
type,Thon's Modified Large Shield Booster,托恩氏改良大型护盾回充增量器,
type,Thon's Modified Multispectral ECM,托恩氏改良型多谱式ECM,
type,Thon's Modified Multispectrum Shield Hardener,托恩氏改良型多谱式护盾增强器,
type,Thon's Modified Rapid Heavy Missile Launcher,托恩氏改良型重型快速导弹发射器,
type,Thon's Modified Shield Boost Amplifier,托恩氏改良型护盾回充增量增效器,
type,Thon's Modified Thermal Shield Amplifier,托恩氏改良型热能护盾增效器,
type,Thon's Modified Thermal Shield Hardener,托恩氏改良型热能护盾增强器,
type,Thon's Modified Torpedo Launcher,托恩氏改良型鱼雷发射器,
type,Thon's Modified X-Large Shield Booster,托恩氏改良型超大型护盾回充增量器,
type,Thorax,托勒克斯级,ship
type,Thorium Charge L,钍质轨道弹 L,
type,Thorium Charge M,钍质轨道弹 M,
type,Thorium Charge S,钍质轨道弹 S,
type,Thorium Charge XL,钍质轨道弹 XL,
type,Thrasher,长尾鲛级,ship
type,Thrasher Fleet Issue,长尾鲛级舰队型,ship
type,Thruster Console,推进装置控制台,
type,Thukker Capital Component Manufacturing Technical Data Chip,图克尔旗舰组件制造技术数据芯片,
type,Thukker Component Assembly Array,图克尔组件装配阵列,
type,Thukker Large Cap Battery,图克尔大型电容器电池,
type,Thukker Large Shield Extender,图克尔大型护盾扩展装置,
type,Thukker Medium Cap Battery,图克尔中型电容器电池,
type,Thukker Medium Shield Extender,图克尔中型护盾扩展装置,
type,Thukker Micro Auxiliary Power Core,图克尔微型辅助能源核心,
type,Thukker Mix Strong Box,图克尔混合企业保险柜,
type,Thukker Power Diagnostic System,图克尔能源诊断系统,
type,Thukker Small Cap Battery,图克尔小型电容器电池,
type,Thukker Small Shield Extender,图克尔小型护盾扩展装置,
type,Thulium,铥,
type,Thulium Hafnite,铥铪合金,
type,Thunderchild,雷裔级,ship
type,Tiamat,提亚玛特级,ship
type,Time Crystal Oscillator,时间水晶振荡器,
type,Tisiphone's Modified Target Painter,提西福涅改良型目标标记装置,
type,Titanite,榍石,
type,Titanium,钛,
type,Titanium Carbide,碳化钛,
type,Titanium Chromide,铬化钛,
type,Titanium Diborite Armor Plate,迪波特钛合金附甲,
type,Titanium Sabot L,钛合金萨博弹 L,
type,Titanium Sabot M,钛合金萨博弹 M,
type,Titanium Sabot S,钛合金萨博弹 S,
type,Titanium Sabot XL,钛合金萨博弹 XL,
type,Tobacco,烟草,
type,Tobias Kruzhor's Tag,托比雅斯的铭牌,
type,Tobias' Modified 100MN Afterburner,托比雅斯氏改良型100MN加力燃烧器,
type,Tobias' Modified 1200mm Artillery Cannon,托比雅斯氏改良型1200mm加农炮,
type,Tobias' Modified 1400mm Howitzer Artillery,托比雅斯氏改良型1400mm榴弹炮,
type,Tobias' Modified 500MN Microwarpdrive,托比雅斯氏改良型500MN微型跃迁推进器,
type,Tobias' Modified Ballistic Control System,托比雅斯氏改良型弹道控制系统,
type,Tobias' Modified Cruise Missile Launcher,托比雅斯氏改良型巡航导弹发射器,
type,Tobias' Modified EM Shield Amplifier,托比雅斯氏改良型电磁护盾增效器,
type,Tobias' Modified Explosive Shield Amplifier,托比雅斯氏改良型爆炸护盾增效器,
type,Tobias' Modified Gyrostabilizer,托比雅斯氏改良型回转稳定器,
type,Tobias' Modified Heavy Warp Disruptor,托比雅斯氏改良型重型跃迁扰断器,
type,Tobias' Modified Heavy Warp Scrambler,托比雅斯氏改良型重型跃迁扰频器,
type,Tobias' Modified Kinetic Shield Amplifier,托比雅斯氏改良型动能护盾增效器,
type,Tobias' Modified Large Proton Smartbomb,托比雅斯氏改良大型质子立体炸弹,
type,Tobias' Modified Large Shield Booster,托比雅斯氏改良大型护盾回充增量器,
type,Tobias' Modified Rapid Heavy Missile Launcher,托比雅斯氏改良型重型快速导弹发射器,
type,Tobias' Modified Shield Boost Amplifier,托比雅斯氏改良型护盾回充增量增效器,
type,Tobias' Modified Stasis Webifier,托比雅斯氏改良型停滞缠绕光束,
type,Tobias' Modified Thermal Shield Amplifier,托比雅斯氏改良型热能护盾增效器,
type,Tobias' Modified Torpedo Launcher,托比雅斯改良型鱼雷发射器,
type,Tobias' Modified Tracking Enhancer,托比雅斯氏改良型索敌增强器,
type,Tobias' Modified X-Large Shield Booster,托比雅斯氏改良型超大型护盾回充增量器,
type,Torelle's Custom Magnetic Field Stabilizer,托雷尔的定制磁性力场稳定器,
type,Torigo’s Modified Capacitor Flux Coil,托里格的改良型电容通量线圈,
type,Tormentor,巨神兵级,ship
type,Tornado,龙卷风级,ship
type,Torpedo Battery,鱼雷发射台,
type,Torpedo Launcher I,鱼雷发射器 I,
type,Torpedo Launcher II,鱼雷发射器 II,
type,Torrent,湍流级,ship
type,Tourists,旅游者,
type,Toxic Waste,有毒废料,
type,Tracking Computer I,索敌计算机 I,
type,Tracking Computer II,索敌计算机 II,
type,Tracking Disruptor I,索敌扰断器 I,
type,Tracking Disruptor II,索敌扰断器 II,
type,Tracking Enhancer I,索敌增强器 I,
type,Tracking Enhancer II,索敌增强器 II,
type,Tracking Speed Disruption Script,跟踪速度干扰脚本,
type,Tracking Speed Script,跟踪速度修正脚本,
type,Tranquil Dark Filament,宁静黑暗深渊纤维,
type,Tranquil Electrical Filament,宁静电子深渊纤维,
type,Tranquil Exotic Filament,宁静异种深渊纤维,
type,Tranquil Firestorm Filament,宁静火瀑深渊纤维,
type,Tranquil Gamma Filament,宁静伽玛深渊纤维,
type,Transport Relay Datacore,运输中继数据核心,
type,Transport Relay Research Data Fragment,运输中继研究数据片段,
type,Transport Relay Research Encryption Key,运输中继研究加密密钥,
type,Transport Relay Research Index File,运输中继研究索引文件,
type,Tremor L,战栗 L,
type,Tremor M,战栗 M,
type,Tremor S,战栗 S,
type,Tremor XL,战栗 XL,
type,Triage Module I,会战型紧急修复增强模块 I,
type,Triage Module II,会战型紧急修复增强模块 II,
type,Trigger Unit,触发机关,
type,Triglavian Encrypted Conduit Data,三神裔加密导管数据,
type,Triglavian Holographic Transcriber,三神裔全息影像转录器,
type,Triglavian Sublight Telemeter,三神裔亚光速遥测装置,
type,Triglavian Survey Database,三神裔调查数据库,
type,Triglavian Transconduit Datacaster,三神裔超导数据传输装置,
type,Triglavian Trinary Datastream AEA1,三神裔三进制数据流AEA1,
type,Triglavian Trinary Datastream AEA2,三神裔三进制数据流AEA2,
type,Triglavian Trinary Datastream AEA3,三神裔三进制数据流AEA3,
type,Triglavian Trinary Datastream AEA4,三神裔三进制数据流AEA4,
type,Triglavian Trinary Datastream AEA5,三神裔三进制数据流AEA5,
type,Triglavian Trinary Datastream AEA6,三神裔三进制数据流AEA6,
type,Triglavian Trinary Datastream AFN1,三神裔三进制数据流AFN1,
type,Triglavian Trinary Datastream AFN2,三神裔三进制数据流AFN2,
type,Triglavian Trinary Datastream AFN3,三神裔三进制数据流AFN3,
type,Triglavian Trinary Datastream AFN4,三神裔三进制数据流AFN4,
type,Triglavian Trinary Datastream AFN5,三神裔三进制数据流AFN5,
type,Triglavian Trinary Datastream AFN6,三神裔三进制数据流AFN6,
type,Triglavian Trinary Datastream DAV1,三神裔三进制数据流DAV1,
type,Triglavian Trinary Datastream DAV2,三神裔三进制数据流DAV2,
type,Triglavian Trinary Datastream DAV3,三神裔三进制数据流DAV3,
type,Triglavian Trinary Datastream DAV4,三神裔三进制数据流DAV4,
type,Triglavian Trinary Datastream DAV5,三神裔三进制数据流DAV5,
type,Triglavian Trinary Datastream DAV6,三神裔三进制数据流DAV6,
type,Triglavian Trinary Datastream HFN1,三神裔三进制数据流HFN1,
type,Triglavian Trinary Datastream HFN2,三神裔三进制数据流HFN2,
type,Triglavian Trinary Datastream HFN3,三神裔三进制数据流HFN3,
type,Triglavian Trinary Datastream HFN4,三神裔三进制数据流HFN4,
type,Triglavian Trinary Datastream HFN5,三神裔三进制数据流HFN5,
type,Triglavian Trinary Datastream HFN6,三神裔三进制数据流HFN6,
type,Triglavian Trinary Datastream XCZ1,三神裔三进制数据流XCZ1,
type,Triglavian Trinary Datastream XCZ2,三神裔三进制数据流XCZ2,
type,Triglavian Trinary Datastream XCZ3,三神裔三进制数据流XCZ3,
type,Trinary State Processor,三元态处理器,
type,Triple Neutron Blaster Cannon I,三中子疾速加农炮 I,
type,Triple Neutron Blaster Cannon II,三中子疾速加农炮 II,
type,Triplot Scan Acquisition Array,三神裔扫描精准阵列,
type,Tripped Power Circuit,堆砌的能源电路,
type,Tristan,特里斯坦级,ship
type,Tritanium,三钛合金,
type,True Creations Strong Box,忠实制造保险柜,
type,True Sansha 10MN Afterburner,萨沙爱国者10MN加力燃烧器,
type,True Sansha 1MN Afterburner,萨沙爱国者1MN加力燃烧器,
type,True Sansha Brass Tag,爱国者黄铜铭牌,
type,True Sansha Bronze Tag,爱国者青铜铭牌,
type,True Sansha Cap Recharger,萨沙爱国者电容回充器,
type,True Sansha Capacitor Power Relay,萨沙爱国者电容能源继电器,
type,True Sansha Capital Capacitor Booster,萨沙爱国者旗舰级电容注电器,
type,True Sansha Capital Energy Neutralizer,萨沙爱国者旗舰级能量中和器,
type,True Sansha Capital Energy Nosferatu,萨沙爱国者旗舰级掠能器,
type,True Sansha Capital Flex Shield Hardener,萨沙爱国者旗舰级弯曲护盾增强器,
type,True Sansha Capital Remote Shield Booster,萨沙爱国者旗舰级远程护盾回充增量器,
type,True Sansha Capital Shield Booster,萨沙爱国者旗舰级护盾回充增量器,
type,True Sansha Capital Shield Extender,萨沙爱国者旗舰级护盾扩展装置,
type,True Sansha Control Tower,萨沙爱国者控制塔,
type,True Sansha Control Tower Medium,萨沙爱国者中型控制塔,
type,True Sansha Control Tower Small,萨沙爱国者小型控制塔,
type,True Sansha Copper Tag,爱国者铜质铭牌,
type,True Sansha Cruise Missile Launcher,萨沙爱国者巡航导弹发射器,
type,True Sansha Crystal Tag,爱国者水晶铭牌,
type,True Sansha Diamond Tag,爱国者钻石铭牌,
type,True Sansha Dual Giga Beam Laser,萨沙爱国者双联千兆级集束激光器,
type,True Sansha Dual Giga Pulse Laser,萨沙爱国者双联千兆级脉冲激光器,
type,True Sansha Dual Heavy Beam Laser,萨沙爱国者双联重型集束激光器,
type,True Sansha Dual Heavy Pulse Laser,萨沙爱国者双联重型脉冲激光器,
type,True Sansha Dual Light Beam Laser,萨沙爱国者双联轻型集束激光器,
type,True Sansha Dual Light Pulse Laser,萨沙爱国者双联轻型脉冲激光器,
type,True Sansha Electrum Tag,爱国者合金铭牌,
type,True Sansha EM Armor Hardener,萨沙爱国者电磁装甲增强器,
type,True Sansha EM Coating,萨沙爱国者电磁涂层,
type,True Sansha EM Energized Membrane,萨沙爱国者电磁电压薄膜,
type,True Sansha Energy Neutralizing Battery,萨沙爱国者能量中和波发射台,
type,True Sansha Explosive Armor Hardener,萨沙爱国者爆炸装甲增强器,
type,True Sansha Explosive Coating,萨沙爱国者爆炸涂层,
type,True Sansha Explosive Energized Membrane,萨沙爱国者爆炸电压薄膜,
type,True Sansha Focused Medium Beam Laser,萨沙爱国者聚焦中型集束激光器,
type,True Sansha Focused Medium Pulse Laser,萨沙爱国者聚焦中型脉冲激光器,
type,True Sansha Gatling Pulse Laser,萨沙爱国者加特林脉冲激光器,
type,True Sansha Gold Tag,爱国者黄金铭牌,
type,True Sansha Heat Sink,萨沙爱国者散热槽,
type,True Sansha Heavy Assault Missile Launcher,萨沙爱国者重型攻击导弹发射器,
type,True Sansha Heavy Beam Laser,萨沙爱国者重型集束激光器,
type,True Sansha Heavy Capacitor Booster,萨沙爱国者重型电容注电器,
type,True Sansha Heavy Energy Neutralizer,萨沙爱国者重型能量中和器,
type,True Sansha Heavy Energy Nosferatu,萨沙爱国者重型掠能器,
type,True Sansha Heavy Missile Launcher,萨沙爱国者重型导弹发射器,
type,True Sansha Heavy Pulse Laser,萨沙爱国者重型脉冲激光器,
type,True Sansha Kinetic Armor Hardener,萨沙爱国者动能装甲增强器,
type,True Sansha Kinetic Coating,萨沙爱国者动能涂层,
type,True Sansha Kinetic Energized Membrane,萨沙爱国者动能电压薄膜,
type,True Sansha Large Armor Repairer,萨沙爱国者大型装甲维修器,
type,True Sansha Large Beam Laser Battery,萨沙爱国者大型集束激光炮台,
type,True Sansha Large EMP Smartbomb,萨沙爱国者大型EMP立体炸弹,
type,True Sansha Large Pulse Laser Battery,萨沙爱国者大型脉冲激光炮台,
type,True Sansha Light Missile Launcher,萨沙爱国者轻型导弹发射器,
type,True Sansha Medium Armor Repairer,萨沙爱国者中型装甲维修器,
type,True Sansha Medium Beam Laser Battery,萨沙爱国者中型集束激光炮台,
type,True Sansha Medium Capacitor Booster,萨沙爱国者中型电容注电器,
type,True Sansha Medium EMP Smartbomb,萨沙爱国者中型EMP立体炸弹,
type,True Sansha Medium Energy Neutralizer,萨沙爱国者中型能量中和器,
type,True Sansha Medium Energy Nosferatu,萨沙爱国者中型掠能器,
type,True Sansha Medium Pulse Laser Battery,萨沙爱国者中型脉冲激光炮台,
type,True Sansha Mega Beam Laser,萨沙爱国者超级集束激光器,
type,True Sansha Mega Pulse Laser,萨沙爱国者超级脉冲激光器,
type,True Sansha Micro EMP Smartbomb,萨沙爱国者微型EMP立体炸弹,
type,True Sansha Multispectrum Coating,萨沙爱国者多谱式涂层,
type,True Sansha Multispectrum Energized Membrane,萨沙爱国者多谱式电压薄膜,
type,True Sansha Palladium Tag,爱国者钯金铭牌,
type,True Sansha Platinum Tag,爱国者白金铭牌,
type,True Sansha Power Diagnostic System,萨沙爱国者能源诊断系统,
type,True Sansha Quad Beam Laser,萨沙爱国者四联集束激光器,
type,True Sansha Quad Mega Pulse Laser,萨沙爱国者四联超级脉冲激光器,
type,True Sansha Rapid Heavy Missile Launcher,萨沙爱国者重型快速导弹发射器,
type,True Sansha Rapid Light Missile Launcher,萨沙爱国者轻型快速导弹发射器,
type,True Sansha Reactor Control Unit,萨沙爱国者反应堆控制元件,
type,True Sansha Rocket Launcher,萨沙爱国者火箭发射器,
type,True Sansha Silver Tag,爱国者银质铭牌,
type,True Sansha Small Armor Repairer,萨沙爱国者小型装甲维修器,
type,True Sansha Small Beam Laser Battery,萨沙爱国者小型集束激光炮台,
type,True Sansha Small Capacitor Booster,萨沙爱国者小型电容注电器,
type,True Sansha Small EMP Smartbomb,萨沙爱国者小型EMP立体炸弹,
type,True Sansha Small Energy Neutralizer,萨沙爱国者小型能量中和器,
type,True Sansha Small Energy Nosferatu,萨沙爱国者小型掠能器,
type,True Sansha Small Focused Beam Laser,萨沙爱国者小型聚焦集束激光器,
type,True Sansha Small Focused Pulse Laser,萨沙爱国者小型聚焦脉冲激光器,
type,True Sansha Small Pulse Laser Battery,萨沙爱国者小型脉冲激光炮台,
type,True Sansha Stasis Webifier,萨沙爱国者停滞缠绕光束,
type,True Sansha Tachyon Beam Laser,萨沙爱国者超光速粒子集束激光器,
type,True Sansha Thermal Armor Hardener,萨沙爱国者热能装甲增强器,
type,True Sansha Thermal Coating,萨沙爱国者热能涂层,
type,True Sansha Thermal Energized Membrane,萨沙爱国者热能电压薄膜,
type,True Sansha Torpedo Launcher,萨沙爱国者鱼雷发射器,
type,True Sansha Warp Disruption Field Generator,萨沙爱国者跃迁扰断力场发生器,
type,True Sansha Warp Disruptor,萨沙爱国者跃迁扰断器,
type,True Sansha Warp Scrambler,萨沙爱国者跃迁扰频器,
type,True Sanshas Gamma L,萨沙爱国者伽玛晶体 L,
type,True Sanshas Gamma M,萨沙爱国者伽玛晶体 M,
type,True Sanshas Gamma S,萨沙爱国者伽玛晶体 S,
type,True Sanshas Gamma XL,萨沙爱国者伽玛晶体 XL,
type,True Sanshas Infrared L,萨沙爱国者红外晶体 L,
type,True Sanshas Infrared M,萨沙爱国者红外晶体 M,
type,True Sanshas Infrared S,萨沙爱国者红外晶体 S,
type,True Sanshas Infrared XL,萨沙爱国者红外晶体 XL,
type,True Sanshas Microwave L,萨沙爱国者微波晶体 L,
type,True Sanshas Microwave M,萨沙爱国者微波晶体 M,
type,True Sanshas Microwave S,萨沙爱国者微波晶体 S,
type,True Sanshas Microwave XL,萨沙爱国者微波晶体 XL,
type,True Sanshas Multifrequency L,萨沙爱国者多频晶体 L,
type,True Sanshas Multifrequency M,萨沙爱国者多频晶体 M,
type,True Sanshas Multifrequency S,萨沙爱国者多频晶体 S,
type,True Sanshas Multifrequency XL,萨沙爱国者多频晶体 XL,
type,True Sanshas Radio L,萨沙爱国者射频晶体 L,
type,True Sanshas Radio M,萨沙爱国者射频晶体 M,
type,True Sanshas Radio S,萨沙爱国者射频晶体 S,
type,True Sanshas Radio XL,萨沙爱国者射频晶体 XL,
type,True Sanshas Standard L,萨沙爱国者标准晶体 L,
type,True Sanshas Standard M,萨沙爱国者标准晶体 M,
type,True Sanshas Standard S,萨沙爱国者标准晶体 S,
type,True Sanshas Standard XL,萨沙爱国者标准晶体 XL,
type,True Sanshas Ultraviolet L,萨沙爱国者紫外晶体 L,
type,True Sanshas Ultraviolet M,萨沙爱国者紫外晶体 M,
type,True Sanshas Ultraviolet S,萨沙爱国者紫外晶体 S,
type,True Sanshas Ultraviolet XL,萨沙爱国者紫外晶体 XL,
type,True Sanshas Xray L,萨沙爱国者X射线晶体 L,
type,True Sanshas Xray M,萨沙爱国者X射线晶体 M,
type,True Sanshas Xray S,萨沙爱国者X射线晶体 S,
type,True Sanshas Xray XL,萨沙爱国者X射线晶体 XL,
type,Tungsten,钨,
type,Tungsten Carbide,碳化钨,
type,Tungsten Carbide Armor Plate,碳化钨附甲,
type,Tungsten Charge L,钨质轨道弹 L,
type,Tungsten Charge M,钨质轨道弹 M,
type,Tungsten Charge S,钨质轨道弹 S,
type,Tungsten Charge XL,钨质轨道弹 XL,
type,Tuvan Orth's Tag,图万的铭牌,
type,Tuvan's Modified 100MN Afterburner,图万氏改良型100MN加力燃烧器,
type,Tuvan's Modified 500MN Microwarpdrive,图万氏改良型500MN微型跃迁推进器,
type,Tuvan's Modified Co-Processor,图万氏改良型协处理器,
type,Tuvan's Modified Damage Control,图万氏改良型损伤控制,
type,Tuvan's Modified Electron Blaster Cannon,图万氏改良型电子疾速加农炮,
type,Tuvan's Modified EM Armor Hardener,图万氏改良型电磁装甲增强器,
type,Tuvan's Modified EM Coating,图万氏改良型电磁涂层,
type,Tuvan's Modified EM Energized Membrane,图万氏改良型电磁电压薄膜,
type,Tuvan's Modified Explosive Armor Hardener,图万氏改良型爆炸装甲增强器,
type,Tuvan's Modified Explosive Coating,图万氏改良型爆炸涂层,
type,Tuvan's Modified Explosive Energized Membrane,图万氏改良型爆炸电压薄膜,
type,Tuvan's Modified Ion Blaster Cannon,图万氏改良型离子疾速加农炮,
type,Tuvan's Modified Kinetic Armor Hardener,图万氏改良型动能装甲增强器,
type,Tuvan's Modified Kinetic Coating,图万氏改良型动能涂层,
type,Tuvan's Modified Kinetic Energized Membrane,图万氏改良型动能电压薄膜,
type,Tuvan's Modified Large Armor Repairer,图万氏改良大型装甲维修器,
type,Tuvan's Modified Large Plasma Smartbomb,图万氏改良大型等离子立体炸弹,
type,Tuvan's Modified Magnetic Field Stabilizer,图万氏改良型磁性力场稳定器,
type,Tuvan's Modified Multispectrum Coating,图万氏改良型多谱式涂层,
type,Tuvan's Modified Multispectrum Energized Membrane,图万氏改良型多谱式电压薄膜,
type,Tuvan's Modified Neutron Blaster Cannon,图万氏改良型中子疾速加农炮,
type,Tuvan's Modified Power Diagnostic System,图万氏改良型能源诊断系统,
type,Tuvan's Modified Reactor Control Unit,图万氏改良型反应堆控制元件,
type,Tuvan's Modified Sensor Booster,图万氏改良型感应增强器,
type,Tuvan's Modified Thermal Armor Hardener,图万氏改良型热能装甲增强器,
type,Tuvan's Modified Thermal Coating,图万氏改良型热能涂层,
type,Tuvan's Modified Thermal Energized Membrane,图万氏改良型热能电压薄膜,
type,Tuvan's Modified Tracking Computer,图万氏改良型索敌计算机,
type,Twinkling Cobaltite,荧钴酸盐,
type,Twinkling Euxenite,荧黑稀金矿,
type,Twinkling Scheelite,荧白钨矿,
type,Twinkling Titanite,荧榍石,
type,Type-D Restrained Capacitor Flux Coil,抑制型电容通量线圈 D型,
type,Type-D Restrained Capacitor Power Relay,抑制型电容能源继电器 D型,
type,Type-D Restrained Expanded Cargo,抑制型扩充货柜 D型,
type,Type-D Restrained Inertial Stabilizers,抑制型惯性稳定器 D型,
type,Type-D Restrained Nanofiber Structure,抑制型纳米纤维构架 D型,
type,Type-D Restrained Overdrive Injector,抑制型超载喷注器 D型,
type,Type-D Restrained Reinforced Bulkheads,抑制型强化舱隔壁 D型,
type,Type-D Restrained Shield Flux Coil,抑制型护盾通量线圈 D型,
type,Type-D Restrained Shield Power Relay,抑制型护盾能源继电器 D型,
type,Type-E Enduring Cargo Scanner,持久型货柜扫描器 E型,
type,Typhoon,台风级,ship
type,Typhoon Fleet Issue,台风级舰队型,ship
type,Tyranite,泰拉石,
type,Tyrfing I,斩裂剑 I,
type,Tyrfing II,斩裂剑 II,
type,U-C Trigger Neurolink Conduit,U-C触发式神经链接回路,
type,Ubiquitous Moon Mining Crystal Type A I,常见卫星矿石采集晶体A型 I,
type,Ubiquitous Moon Mining Crystal Type A II,常见卫星矿石采集晶体A型 II,
type,Ubiquitous Moon Mining Crystal Type B I,常见卫星矿石采集晶体B型 I,
type,Ubiquitous Moon Mining Crystal Type B II,常见卫星矿石采集晶体B型 II,
type,Ubiquitous Moon Mining Crystal Type C I,常见卫星矿石采集晶体C型 I,
type,Ubiquitous Moon Mining Crystal Type C II,常见卫星矿石采集晶体C型 II,
type,Ueganite,尤加石,
type,Ueganite II-Grade,尤加石（2级）,
type,Ueganite III-Grade,尤加石（3级）,
type,Ueganite IV-Grade,尤加石（4级）,
type,Uleen Bloodsworn's Tag,尤里恩血盟的铭牌,
type,Ultra! Promotional Holoreel,超级！促销全息记忆盘,
type,Ultraconducting Ablative Nanocable,超导烧蚀纳米电缆,
type,Ultradian-Cycling Neurolink Stabilizer,循环式神经链接稳定器,
type,Ultratidal Entropic Disintegrator I,潮极熵能分解者 I,
type,Ultratidal Entropic Disintegrator II,潮极熵能分解者II,
type,Ultraviolet L,紫外晶体 L,
type,Ultraviolet M,紫外晶体 M,
type,Ultraviolet S,紫外晶体 S,
type,Ultraviolet XL,紫外晶体 XL,
type,Umbra Scoped Radar ECM,地蚀视野型雷达ECM,
type,Unaligned Dekaisogen,无序同位聚合体,
type,Uncommon Moon Mining Crystal Type A I,罕见卫星矿石采集晶体A型 I,
type,Uncommon Moon Mining Crystal Type A II,罕见卫星矿石采集晶体A型 II,
type,Uncommon Moon Mining Crystal Type B I,罕见卫星矿石采集晶体B型 I,
type,Uncommon Moon Mining Crystal Type B II,罕见卫星矿石采集晶体B型 II,
type,Uncommon Moon Mining Crystal Type C I,罕见卫星矿石采集晶体C型 I,
type,Uncommon Moon Mining Crystal Type C II,罕见卫星矿石采集晶体C型 II,
type,Union of Eight Paths Firework,八方联盟焰火,
type,Unit D-34343's Modified Burst Jammer,D-34343单元改良型脉冲干扰器,
type,Unit D-34343's Modified Damage Control,D-34343单元改良型损伤控制,
type,Unit D-34343's Modified Drone Damage Amplifier,D-34343单元改良型无人机伤害增效装置,
type,Unit D-34343's Modified Drone Link Augmentor,D-34343单元改良型无人机链接增效器,
type,Unit D-34343's Modified Drone Navigation Computer,D-34343单元改良型无人机导航电脑,
type,Unit D-34343's Modified Fighter Support Unit,D-34343单元改良型铁骑舰载机辅助单元,
type,Unit D-34343's Modified Omnidirectional Tracking Enhancer,D-34343单元改良型全方位索敌增强器,
type,Unit D-34343's Modified Omnidirectional Tracking Link,D-34343单元改良型全方位索敌连接,
type,Unit D-34343's Modified Sensor Booster,D-34343单元改良型感应增强器,
type,Unit F-435454's Modified Burst Jammer,F-435454单元改良型脉冲干扰器,
type,Unit F-435454's Modified Damage Control,F-435454单元改良型损伤控制,
type,Unit F-435454's Modified Drone Damage Amplifier,F-435454的改良型无人机伤害增效装置,
type,Unit F-435454's Modified Drone Link Augmentor,F-435454的改良型无人机链接增效器,
type,Unit F-435454's Modified Drone Navigation Computer,F-435454的改良型无人机导航电脑,
type,Unit F-435454's Modified Fighter Support Unit,F-435454单元改良型铁骑舰载机辅助单元,
type,Unit F-435454's Modified Omnidirectional Tracking Enhancer,F-435454的改良型全方位索敌增强器,
type,Unit F-435454's Modified Omnidirectional Tracking Link,F-435454的改良型全方位索敌连接,
type,Unit F-435454's Modified Sensor Booster,F-435454单元改良型感应增强器,
type,Unit P-343554's Modified Burst Jammer,P-343554单元改良型脉冲干扰器,
type,Unit P-343554's Modified Damage Control,P-343554单元改良型损伤控制,
type,Unit P-343554's Modified Drone Damage Amplifier,P-343554的改良型无人机伤害增效装置,
type,Unit P-343554's Modified Drone Link Augmentor,P-343554的改良型无人机链接增效器,
type,Unit P-343554's Modified Drone Navigation Computer,P-343554的改良型无人机导航电脑,
type,Unit P-343554's Modified Fighter Support Unit,P-343554单元改良型铁骑舰载机辅助单元,
type,Unit P-343554's Modified Omnidirectional Tracking Enhancer,P-343554的改良型全方位索敌增强器,
type,Unit P-343554's Modified Omnidirectional Tracking Link,P-343554的改良型全方位索敌连接,
type,Unit P-343554's Modified Sensor Booster,P-343554单元改良型感应增强器,
type,Unit W-634's Modified Burst Jammer,W-634单元改良型脉冲干扰器,
type,Unit W-634's Modified Damage Control,W-634单元改良型损伤控制,
type,Unit W-634's Modified Drone Damage Amplifier,W-634的改良型无人机伤害增效装置,
type,Unit W-634's Modified Drone Link Augmentor,W-634的改良型无人机链接增效器,
type,Unit W-634's Modified Drone Navigation Computer,W-634的改良型无人机导航电脑,
type,Unit W-634's Modified Fighter Support Unit,W-634单元改良型铁骑舰载机辅助单元,
type,Unit W-634's Modified Omnidirectional Tracking Enhancer,W-634的改良型全方位索敌增强器,
type,Unit W-634's Modified Omnidirectional Tracking Link,W-634的改良型全方位索敌连接,
type,Unit W-634's Modified Sensor Booster,W-634单元改良型感应增强器,
type,Unrefined Caesarium Cadmide,粗糙的镉化铯,
type,Unrefined Crystallite Alloy,粗糙的微晶合金,
type,Unrefined Dysporite,粗糙的镝汞合金,
type,Unrefined Fernite Alloy,粗糙的菲尔合金,
type,Unrefined Ferrofluid,粗糙的铁磁流体,
type,Unrefined Fluxed Condensates,粗糙的熔融冷凝物,
type,Unrefined Hexite,粗糙的六元复合物,
type,Unrefined Hyperflurite,粗糙的超氟化物,
type,Unrefined Isogen,粗糙的同位聚合体,
type,Unrefined Megacyte,粗糙的超噬矿,
type,Unrefined Mexallon,粗糙的类银超金属,
type,Unrefined Morphite,粗糙的莫尔石,
type,Unrefined Neo Mercurite,粗糙的新汞合金,
type,Unrefined Nocxium,粗糙的超新星诺克石,
type,Unrefined Platinum Technite,粗糙的铂锝合金,
type,Unrefined Promethium Mercurite,粗糙的钷汞合金,
type,Unrefined Prometium,粗糙的稀土钷,
type,Unrefined Pyerite,粗糙的类晶体胶矿,
type,Unrefined Rolled Tungsten Alloy,粗糙的轧制钨合金,
type,Unrefined Solerium,粗糙的铯铬合金,
type,Unrefined Thulium Hafnite,粗糙的铥铪合金,
type,Unrefined Titanium Chromide,粗糙的铬化钛,
type,Unrefined Tritanium,粗糙的三钛合金,
type,Unrefined Vanadium Hafnite,粗糙的铪化钒,
type,Unrefined Zydrine,粗糙的晶状石英核岩,
type,Unrestricted Hyperspace Telemetry,不受限超空间遥测,
type,Unstable 10000MN Afterburner Mutaplasmid,不稳定的10000MN加力燃烧器突变质体,
type,Unstable 100MN Afterburner Mutaplasmid,不稳定的100MN加力燃烧器突变质体,
type,Unstable 10MN Afterburner Mutaplasmid,不稳定的10MN加力燃烧器突变质体,
type,Unstable 1MN Afterburner Mutaplasmid,不稳定的1MN加力燃烧器突变质体,
type,Unstable 50000MN Microwarpdrive Mutaplasmid,不稳定的50000MN微型跃迁推进器突变质体,
type,Unstable 500MN Microwarpdrive Mutaplasmid,不稳定的500MN微型跃迁推进器突变质体,
type,Unstable 50MN Microwarpdrive Mutaplasmid,不稳定的50MN微型跃迁推进器突变质体,
type,Unstable 5MN Microwarpdrive Mutaplasmid,不稳定的5MN微型跃迁推进器突变质体,
type,Unstable Assault Damage Control Mutaplasmid,不稳定的突击型损伤控制突变质体,
type,Unstable Ballistic Control System Mutaplasmid,不稳定的弹道控制系统突变质体,
type,Unstable Capital Ancillary Armor Repairer Mutaplasmid,不稳定的旗舰辅助装甲维修器突变质体,
type,Unstable Capital Ancillary Shield Booster Mutaplasmid,不稳定的旗舰辅助护盾回充增量器突变质体,
type,Unstable Capital Armor Repairer Mutaplasmid,不稳定的旗舰装甲维修器突变质体,
type,Unstable Capital Energy Neutralizer Mutaplasmid,不稳定的旗舰能量中和器突变质体,
type,Unstable Capital Energy Nosferatu Mutaplasmid,不稳定的旗舰掠能器突变质体,
type,Unstable Capital Shield Booster Mutaplasmid,不稳定的旗舰护盾回充增量器突变质体,
type,Unstable Damage Control Mutaplasmid,不稳定的损伤控制突变质体,
type,Unstable Deep Core Mining Laser Mutaplasmid,不稳定的深层地核采矿激光器突变质体,
type,Unstable Deep Core Strip Miner Mutaplasmid,不稳定的深层地核露天采矿器突变质体,
type,Unstable Entropic Radiation Sink Mutaplasmid,不稳定的熵辐射槽突变质体,
type,Unstable Gas Cloud Harvester Mutaplasmid,不稳定的气云采集器突变质体,
type,Unstable Gas Cloud Scoop Mutaplasmid,不稳定的气云回收装置突变质体,
type,Unstable Gyrostabilizer Mutaplasmid,不稳定的回转稳定器突变质体,
type,Unstable Heat Sink Mutaplasmid,不稳定的散热槽突变质体,
type,Unstable Heavy Energy Neutralizer Mutaplasmid,不稳定的重型能量中和器突变质体,
type,Unstable Heavy Energy Nosferatu Mutaplasmid,不稳定的重型掠能器突变质体,
type,Unstable Heavy Warp Disruptor Mutaplasmid,不稳定的重型跃迁扰断器突变质体,
type,Unstable Heavy Warp Scrambler Mutaplasmid,不稳定的重型跃迁扰频器突变质体,
type,Unstable Ice Harvester Mutaplasmid,不稳定的冰矿采集器突变质体,
type,Unstable Ice Mining Laser Mutaplasmid,不稳定的冰矿开采激光器突变质体,
type,Unstable Large Ancillary Armor Repairer Mutaplasmid,不稳定的大型辅助装甲维修器突变质体,
type,Unstable Large Ancillary Shield Booster Mutaplasmid,不稳定的大型辅助护盾回充增量器突变质体,
type,Unstable Large Armor Plate Mutaplasmid,不稳定的大型装甲附甲板突变质体,
type,Unstable Large Armor Repairer Mutaplasmid,不稳定的大型装甲维修器突变质体,
type,Unstable Large Cap Battery Mutaplasmid,不稳定的大型电容器电池突变质体,
type,Unstable Large EMP Smartbomb Mutaplasmid,不稳定的大型EMP立体炸弹突变质体,
type,Unstable Large Graviton Smartbomb Mutaplasmid,不稳定的大型引力子立体炸弹突变质体,
type,Unstable Large Plasma Smartbomb Mutaplasmid,不稳定的大型等离子立体炸弹突变质体,
type,Unstable Large Proton Smartbomb Mutaplasmid,不稳定的大型质子立体炸弹突变质体,
type,Unstable Large Shield Booster Mutaplasmid,不稳定的大型护盾回充增量器突变质体,
type,Unstable Large Shield Extender Mutaplasmid,不稳定的大型护盾扩展装置突变质体,
type,Unstable Magnetic Field Stabilizer Mutaplasmid,不稳定的磁性力场稳定器突变质体,
type,Unstable Medium Ancillary Armor Repairer Mutaplasmid,不稳定的中型辅助装甲维修器突变质体,
type,Unstable Medium Ancillary Shield Booster Mutaplasmid,不稳定的中型辅助护盾回充增量器突变质体,
type,Unstable Medium Armor Plate Mutaplasmid,不稳定的中型装甲附甲板突变质体,
type,Unstable Medium Armor Repairer Mutaplasmid,不稳定的中型装甲维修器突变质体,
type,Unstable Medium Cap Battery Mutaplasmid,不稳定的中型电容器电池突变质体,
type,Unstable Medium EMP Smartbomb Mutaplasmid,不稳定的中型EMP立体炸弹突变质体,
type,Unstable Medium Energy Neutralizer Mutaplasmid,不稳定的中型能量中和器突变质体,
type,Unstable Medium Energy Nosferatu Mutaplasmid,不稳定的中型掠能器突变质体,
type,Unstable Medium Graviton Smartbomb Mutaplasmid,不稳定的中型引力子立体炸弹突变质体,
type,Unstable Medium Plasma Smartbomb Mutaplasmid,不稳定的中型等离子立体炸弹突变质体,
type,Unstable Medium Proton Smartbomb Mutaplasmid,不稳定的中型质子立体炸弹突变质体,
type,Unstable Medium Shield Booster Mutaplasmid,不稳定的中型护盾回充增量器突变质体,
type,Unstable Medium Shield Extender Mutaplasmid,不稳定的中型护盾扩展装置突变质体,
type,Unstable Mining Laser Mutaplasmid,不稳定的采矿激光器突变质体,
type,Unstable Modulated Deep Core Miner Mutaplasmid,不稳定的调制型深层地核采矿器突变质体,
type,Unstable Modulated Deep Core Strip Miner Mutaplasmid,不稳定的调制型深层地核露天采矿器突变质体,
type,Unstable Modulated Strip Miner Mutaplasmid,不稳定的调制型露天采矿器突变质体,
type,Unstable Siege Module Mutaplasmid,不稳定的会战装备突变质体,
type,Unstable Small Ancillary Armor Repairer Mutaplasmid,不稳定的小型辅助装甲维修器突变质体,
type,Unstable Small Armor Plate Mutaplasmid,不稳定的小型装甲附甲板突变质体,
type,Unstable Small Armor Repairer Mutaplasmid,不稳定的小型装甲维修器突变质体,
type,Unstable Small Cap Battery Mutaplasmid,不稳定的小型电容器电池突变质体,
type,Unstable Small EMP Smartbomb Mutaplasmid,不稳定的小型EMP立体炸弹突变质体,
type,Unstable Small Energy Neutralizer Mutaplasmid,不稳定的小型能量中和器突变质体,
type,Unstable Small Energy Nosferatu Mutaplasmid,不稳定的小型掠能器突变质体,
type,Unstable Small Graviton Smartbomb Mutaplasmid,不稳定的小型引力子立体炸弹突变质体,
type,Unstable Small Plasma Smartbomb Mutaplasmid,不稳定的小型等离子立体炸弹突变质体,
type,Unstable Small Proton Smartbomb Mutaplasmid,不稳定的小型质子立体炸弹突变质体,
type,Unstable Small Shield Booster Mutaplasmid,不稳定的小型护盾回充增量器突变质体,
type,Unstable Small Shield Extender Mutaplasmid,不稳定的小型护盾扩展装置突变质体,
type,Unstable Stasis Webifier Mutaplasmid,不稳定的停滞缠绕光束突变质体,
type,Unstable Strip Miner Mutaplasmid,不稳定的露天采矿器突变质体,
type,Unstable Vorton Tuning System Mutaplasmid,波动型电弧弦调谐系统突变质体,
type,Unstable Warp Disruptor Mutaplasmid,不稳定的跃迁扰断器突变质体,
type,Unstable Warp Scrambler Mutaplasmid,不稳定的跃迁扰频器突变质体,
type,Unstable X-Large Ancillary Shield Booster Mutaplasmid,不稳定的超大型辅助护盾回充增量器突变质体,
type,Unstable X-Large Shield Booster Mutaplasmid,不稳定的超大型护盾回充增量器突变质体,
type,Upgraded 'Malkuth' Heavy Assault Missile Launcher I,改良型马库斯重型攻击导弹发射器 I,
type,Upgraded 'Malkuth' Rapid Light Missile Launcher,改良型马库斯轻型快速导弹发射器,
type,Upgraded 'Malkuth' Torpedo Launcher,改良型马库斯鱼雷发射器,
type,Upgraded EM Coating I,改良型电磁涂层 I,
type,Upgraded Explosive Coating I,改良型爆炸涂层 I,
type,Upgraded Kinetic Coating I,改良型动能涂层 I,
type,Upgraded Layered Coating I,改良型覆层涂层 I,
type,Upgraded Multispectrum Coating I,改良型多谱式涂层 I,
type,Upgraded Thermal Coating I,改良型热能涂层 I,
type,Upwell Consortium Loyalty Token,昇威财团忠诚点凭证,
type,Upwell Palatine Keepstar,昇威豪华星城,structure
type,Uranium Charge L,铀质轨道弹 L,
type,Uranium Charge M,铀质轨道弹 M,
type,Uranium Charge S,铀质轨道弹 S,
type,Uranium Charge XL,铀质轨道弹 XL,
type,Usaras' Modified 1MN Afterburner,尤萨哈改良型1MN加力燃烧器,
type,Usaras' Modified Small Capacitor Booster,尤萨哈改良小型电容注电器,
type,Usaras' Modified Small Focused Pulse Laser,尤萨哈改良小型聚焦脉冲激光器,
type,Usaras' Modified Small Remote Capacitor Transmitter,尤萨哈改良小型远程电容传输装置,
type,Used Ectoplasmic Fluid,用过的外质流体,
type,Utu,乌图级,ship
type,Vadari's Custom Gyrostabilizer,瓦达里的定制回转稳定器,
type,Vagabond,流浪级,ship
type,Valkyrie I,瓦尔基里 I,
type,Valkyrie II,瓦尔基里 II,
type,Valkyrie SW-600,瓦尔基里SW-600,
type,Valkyrie TP-600,瓦尔基里TP-600,
type,Valravn,血鸦,ship
type,Vanadinite,钒铅矿,
type,Vanadium,钒,
type,Vanadium Hafnite,铪化钒,
type,Vangel,传道者级,ship
type,Vanquisher,征服者级,ship
type,Vargur,恶狼级,ship
type,Variegated Asteroid Mining Crystal Type A I,斑驳小行星采集晶体A型 I,
type,Variegated Asteroid Mining Crystal Type A II,斑驳小行星采集晶体A型 II,
type,Variegated Asteroid Mining Crystal Type B I,斑驳小行星采集晶体B型 I,
type,Variegated Asteroid Mining Crystal Type B II,斑驳小行星采集晶体B型 II,
type,Variegated Asteroid Mining Crystal Type C I,斑驳小行星采集晶体C型 I,
type,Variegated Asteroid Mining Crystal Type C II,斑驳小行星采集晶体C型 II,
type,Vedmak,维德马克级,ship
type,Vehement,猛烈级,ship
type,Velator,维拉托尔号,ship
type,Veldspar,凡晶石,
type,Veldspar 0-Grade,凡晶石（40级）,
type,Veldspar II-Grade,凡晶石（2级）,
type,Veldspar III-Grade,凡晶石（3级）,
type,Veldspar IV-Grade,凡晶石（4级）,
type,Veles Entropic Radiation Sink,暗泽裔熵辐射槽,
type,Veles Heavy Entropic Disintegrator,暗泽裔重型熵能分解者,
type,Veles Light Entropic Disintegrator,暗泽裔轻型熵能分解者,
type,Veles Supratidal Entropic Disintegrator,暗泽裔潮上熵能分解者,
type,Vendetta,仇恨级,ship
type,Vengeance,复仇级,ship
type,Venture,冲锋者级,ship
type,Venture Consortium Issue,冲锋者级财团型,ship
type,Vepas Minimala's Tag,威帕斯·密尼玛拉的铭牌,
type,Vepas' Modified 350mm Railgun,威帕斯改良型350mm磁轨炮,
type,Vepas' Modified 425mm Railgun,威帕斯改良型425mm磁轨炮,
type,Vepas' Modified Ballistic Control System,威帕斯改良型弹道控制系统,
type,Vepas' Modified Cloaking Device,威帕斯改良型隐形装置,
type,Vepas' Modified Co-Processor,威帕斯改良型协处理器,
type,Vepas' Modified Cruise Missile Launcher,威帕斯改良型巡航导弹发射器,
type,Vepas' Modified Dual 250mm Railgun,威帕斯改良型双联250mm磁轨炮,
type,Vepas' Modified EM Shield Amplifier,威帕斯改良型电磁护盾增效器,
type,Vepas' Modified EM Shield Hardener,威帕斯改良型电磁护盾增强器,
type,Vepas' Modified Explosive Shield Amplifier,威帕斯改良型爆炸护盾增效器,
type,Vepas' Modified Explosive Shield Hardener,威帕斯改良型爆炸护盾增强器,
type,Vepas' Modified Kinetic Shield Amplifier,威帕斯改良型动能护盾增效器,
type,Vepas' Modified Kinetic Shield Hardener,威帕斯改良型动能护盾增强器,
type,Vepas' Modified Large Graviton Smartbomb,威帕斯改良大型引力子立体炸弹,
type,Vepas' Modified Large Shield Booster,威帕斯改良大型护盾回充增量器,
type,Vepas' Modified Multispectral ECM,威帕斯式改良型多谱式ECM,
type,Vepas' Modified Multispectrum Shield Hardener,威帕斯改良型多谱式护盾增强器,
type,Vepas' Modified Rapid Heavy Missile Launcher,威帕斯氏改良型重型快速导弹发射器,
type,Vepas' Modified Shield Boost Amplifier,威帕斯改良型护盾回充增量增效器,
type,Vepas' Modified Thermal Shield Amplifier,威帕斯改良型热能护盾增效器,
type,Vepas' Modified Thermal Shield Hardener,威帕斯改良型热能护盾增强器,
type,Vepas' Modified Torpedo Launcher,威帕斯改良型鱼雷发射器,
type,Vepas' Modified X-Large Shield Booster,威帕斯改良超大型护盾回充增量器,
type,Vespa EC-600,金星EC-600,
type,Vespa I,金星 I,
type,Vespa II,金星 II,
type,Vessel Core Hologram,舰船核心全息影像,
type,Vexor,狂怒者级,ship
type,Vexor Navy Issue,狂怒者级海军型,ship
type,Vherokior Tribe Strong Box,维洛奇亚部族保险柜,
type,Viator,旅行者级,ship
type,Victor,胜利者级,ship
type,Victorieux Luxury Yacht,凯旋奢华游艇,ship
type,Vidette Element,游哨元素,
type,Vidette Index,游哨索引,
type,Vidette Sequence 0,游哨序列0,
type,Vidette Sequence 1,游哨序列1,
type,Vigil,守夜者级,ship
type,Vigil Fleet Issue,守夜者级舰队型,ship
type,Vigilance Resonance Key,警惕级共振密钥,
type,Vigilant,警惕级,ship
type,Vigor Compact Micro Auxiliary Power Core,活力紧凑型微型辅助能源核心,
type,Vindicator,复仇者级,ship
type,Violator,违逆者级,ship
type,Virgin Forest Pulp,原始森林纸浆,
type,Virtuoso,收藏家级,ship
type,Vitoc,崴砣柯,
type,Vizan Ankonin's Tag,威赞·安克林的铭牌,
type,Vizan's Modified Cap Recharger,威赞氏改良型电容回充器,
type,Vizan's Modified Capacitor Power Relay,威赞氏改良型电容能源继电器,
type,Vizan's Modified Dual Heavy Pulse Laser,威赞氏改良型双联重型脉冲激光器,
type,Vizan's Modified EM Armor Hardener,威赞氏改良型电磁装甲增强器,
type,Vizan's Modified EM Coating,威赞氏改良型电磁涂层,
type,Vizan's Modified EM Energized Membrane,威赞氏改良型电磁电压薄膜,
type,Vizan's Modified Explosive Armor Hardener,威赞氏改良型爆炸装甲增强器,
type,Vizan's Modified Explosive Coating,威赞氏改良型爆炸涂层,
type,Vizan's Modified Explosive Energized Membrane,威赞氏改良型爆炸电压薄膜,
type,Vizan's Modified Heat Sink,威赞氏改良型散热槽,
type,Vizan's Modified Heavy Capacitor Booster,威赞氏改良型重型电容注电器,
type,Vizan's Modified Heavy Energy Neutralizer,威赞氏改良型重型能量中和器,
type,Vizan's Modified Heavy Energy Nosferatu,威赞氏改良型重型掠能器,
type,Vizan's Modified Kinetic Armor Hardener,威赞氏改良型动能装甲增强器,
type,Vizan's Modified Kinetic Coating,威赞氏改良型动能涂层,
type,Vizan's Modified Kinetic Energized Membrane,威赞氏改良型动能电压薄膜,
type,Vizan's Modified Large Armor Repairer,威赞氏改良大型装甲维修器,
type,Vizan's Modified Large EMP Smartbomb,威赞氏改良大型EMP立体炸弹,
type,Vizan's Modified Mega Pulse Laser,威赞氏改良型超级脉冲激光器,
type,Vizan's Modified Multispectrum Coating,威赞氏改良型多谱式涂层,
type,Vizan's Modified Multispectrum Energized Membrane,威赞氏改良型多谱式电压薄膜,
type,Vizan's Modified Power Diagnostic System,威赞氏改良型能源诊断系统,
type,Vizan's Modified Reactor Control Unit,威赞氏改良型反应堆控制元件,
type,Vizan's Modified Thermal Armor Hardener,威赞氏改良型热能装甲增强器,
type,Vizan's Modified Thermal Coating,威赞氏改良型热能涂层,
type,Vizan's Modified Thermal Energized Membrane,威赞氏改良型热能电压薄膜,
type,Void Bomb,涅槃炸弹,
type,Void L,涅槃 L,
type,Void M,涅槃 M,
type,Void S,涅槃 S,
type,Void XL,涅槃 XL,
type,Vortex Compact Magnetic Field Stabilizer,涡流紧凑型磁场稳定器,
type,Vorton Tuning System I,电弧弦调谐系统 I,
type,Vorton Tuning System II,电弧弦调谐系统 II,
type,Vulture,兀鹫级,ship
type,VXN-01N Nullsec Ice Storm Filament,VXN-01N零安等冰风暴纤维,
type,Warclone Blanks,空白的战斗克隆体,
type,Ward Console,防御控制台,
type,Warden Connection Harmonics,典狱长连接谐波,
type,Warden I,典狱官 I,
type,Warden II,典狱官 II,
type,Warfare Computation Core,战斗计算核心,
type,Warp Core Stabilizer I,跃迁核心稳定器 I,
type,Warp Core Stabilizer II,跃迁核心稳定器 II,
type,Warp Disrupt Probe,跃迁干扰探针,
type,Warp Disruption Battery,跃迁扰断波发射台,
type,Warp Disruption Burst Projector,跃迁扰断脉冲波投射器,
type,Warp Disruption Field Generator I,跃迁扰断力场发生器 I,
type,Warp Disruption Field Generator II,跃迁扰断力场发生器 II,
type,Warp Disruption Mutaplasmid Residue,跃迁扰断突变质体残渣,
type,Warp Disruptor I,跃迁扰断器 I,
type,Warp Disruptor II,跃迁扰断器 II,
type,Warp Scrambler I,跃迁扰频器 I,
type,Warp Scrambler II,跃迁扰频器 II,
type,Warp Scrambling Battery,跃迁扰频波发射台,
type,Warpath Strategic Data,战争之路战略数据,
type,Warpath Supply Cache,战争之路补给箱,
type,Warrior I,武士 I,
type,Warrior II,武士 II,
type,Warrior SW-300,武士SW-300,
type,Warrior TP-300,武士TP-300,
type,Wasp EC-900,胡蜂EC-900,
type,Wasp I,胡蜂 I,
type,Wasp II,胡蜂 II,
type,Weapon Disruption Burst Projector,武器扰断脉冲波投射器,
type,Weapon Upgrade Mutaplasmid Residue,武器升级突变质体残渣,
type,Wheat,小麦,
type,Wheel of Prosperity Firework,繁荣之轮烟火,
type,Whelan Machorin's Ballistic Smartlink,维兰·马克林弹道思维处理器,
type,Whiptail,长尾蜥级,ship
type,White Glaze,白釉冰,
type,White Glaze IV-Grade,白釉冰（4级）,
type,White Noise Generation Battery,白噪发生器台站,
type,Wideband Emission Amplifier,宽带发射放大器,
type,Wideband Emission Limiter,宽带发射限制器,
type,Widow,寡妇级,ship
type,Wings of Victory Firework,胜利之翼烟火,
type,Wolf,猎狼级,ship
type,Worm,潜龙级,ship
type,Wreathe,环绕级,ship
type,Wyvern,飞龙级,ship
type,X-Instinct,X—本能,
type,X-Large 'Locomotive' Shield Booster,机车头超大型护盾回充增量器,
type,X-Large Ancillary Shield Booster,超大型辅助护盾回充增量器,
type,X-Large C5-L Compact Shield Booster,超大型C5-L紧凑型护盾回充增量器,
type,X-Large Clarity Ward Enduring Shield Booster,超大型清澈防御持久型护盾回充增量器,
type,X-Large Mutaplasmid Residue,超大型突变质体残渣,
type,X-Large Shield Booster I,超大型护盾回充增量器 I,
type,X-Large Shield Booster II,超大型护盾回充增量器 II,
type,X-Large Ship Maintenance Array,超大型舰船维护阵列,
type,X5 Enduring Stasis Webifier,X5持久型停滞缠绕光束,
type,Xarasier Capital Ancillary Armor Repairer,扎拉希旗舰级辅助装甲维修器,
type,Xarasier Capital Ancillary Shield Booster,扎拉希旗舰级辅助护盾回充增量器,
type,Xarasier Capital Micro Jump Drive,扎拉希旗舰级微型跳跃引擎,
type,Xarasier Large Ancillary Armor Repairer,扎拉希大型辅助装甲维修器,
type,Xarasier Large Ancillary Shield Booster,扎拉希大型辅助护盾回充增量器,
type,Xarasier Large Micro Jump Drive,扎拉希大型微型跳跃引擎,
type,Xarasier Medium Ancillary Armor Repairer,扎拉希中型辅助装甲维修器,
type,Xarasier Medium Ancillary Shield Booster,扎拉希中型辅助护盾回充增量器,
type,Xarasier Medium Micro Jump Drive,扎拉希中型微型跳跃引擎,
type,Xarasier Reactive Armor Hardener,扎拉希反应式装甲增强器,
type,Xarasier Small Ancillary Armor Repairer,扎拉希小型辅助装甲维修器,
type,Xarasier Small Ancillary Shield Booster,扎拉希小型辅助护盾回充增量器,
type,Xarasier X-Large Ancillary Shield Booster,扎拉希超大型辅助护盾回充增量器,
type,Xenotime,磷钇矿,
type,xer Qosh’s Modified Expanded Cargohold,泽·库什的改良延展型货柜舱,
type,XL Cruise Missile Launcher I,超大型巡航导弹发射器 I,
type,XL Cruise Missile Launcher II,超大型巡航导弹发射器 II,
type,XL Torpedo Battery,超大型鱼雷发射台,
type,XL Torpedo Launcher I,超大型鱼雷发射器 I,
type,XL Torpedo Launcher II,超大型鱼雷发射器 II,
type,XR-3200 Heavy Missile Bay,XR-3200重型导弹发射舱,
type,Xray L,X射线晶体 L,
type,Xray M,X射线晶体 M,
type,Xray S,X射线晶体 S,
type,Xray XL,X射线晶体 XL,
type,XT-9000 Cruise Launcher,XT-9000巡航导弹发射器,
type,Yan Jung Crystal Cylinder,殷郡的晶体柱,
type,Yan Jung Glass Scale,殷郡玻璃秤,
type,Yan Jung Info Matrix,燕军信息矩阵,
type,Yan Jung Nano Fabric,殷郡纳米纤维,
type,Yan Jung Null Shell,殷郡空壳,
type,Yan Jung Paradox Box,殷郡的潘多拉盒,
type,Yan Jung Plenary Wire,殷郡全裹电线,
type,Yan Jung Semiotic Theory,殷郡符号信息理论,
type,Yan Jung Silk Armor,殷郡丝质装甲,
type,Yan Jung Singularity Fact Sheet,殷郡异常数据分析报告,
type,Yan Jung Tachyon Stetoscope,殷郡的光子听诊器,
type,Yan Jung Thunder Kite,殷郡的雷雨风筝,
type,Yan Jung Trigonometric Laws,殷郡三角法则,
type,Yan Jung Vellum Etch,殷郡文案卷轴,
type,Yan Jung Void Machine,殷郡的空机器,
type,YC110.05.29 - Arceho. Student Yosef Okada Journal entry,YC110.05.29 - 阿尔谢。学生约瑟夫·奥卡达的日志记录,
type,YC110.06.09 - Asst. Archeo. Yosef Okada Journal entry,YC110年6月9日 - 助理。阿尔谢。约瑟夫·奥卡达的日志记录,
type,YC110.08.20 - Asst. Archeo. Yosef Okada Journal entry,YC110.08.20 - 助理。阿尔谢。约瑟夫·奥卡达的日志记录,
type,YC110.11.30 - Asst. Archeo. Yosef Okada Journal entry,YC110.11.30 - 助理。阿尔谢。约瑟夫·奥卡达的日志记录,
type,YC110.12.04 - Asst. Archeo. Yosef Okada Journal entry,YC110.12.04 - 助理。阿尔谢。约瑟夫·奥卡达的日志记录,
type,YC110.12.10 - Asst. Archeo. Yosef Okada Journal entry,YC110.12.10 - 助理。阿尔谢。约瑟夫·奥卡达的日志记录,
type,YC113.01.15 - Dr. Yosef Okada Journal entry,YC113.01.15 - 约瑟夫·奥卡达博士的日志记录,
type,YC113.04.15 - Dr. Yosef Okada Journal entry,YC113.04.15 - 约瑟夫·奥卡达博士的日志记录,
type,YC113.05.01 - Dr. Yosef Okada Journal entry,YC113.05.01 - 约瑟夫·奥卡达博士的日志记录,
type,YC113.05.24 - Dr. Yosef Okada Journal entry,YC113.05.24 - 约瑟夫·奥卡达博士的日志记录,
type,YC113.11.09 - Dr. Yosef Okada Journal entry,YC113.11.09 - 约瑟夫·奥卡达博士的日志记录,
type,YC114.01.19 - Dr. Yosef Okada Journal entry,YC114.01.19 - 约瑟夫·奥卡达博士的日志记录,
type,YC115.08.19 - Yosef Okada Journal entry,YC115.08.19 - 约瑟夫·奥卡达的日志记录,
type,YC117.02.06 - Yosef Okada Journal entry,YC117.02.06 - 约瑟夫·奥卡达的日志记录,
type,YC117.02.20 - Yosef Okada Journal entry,YC117.02.20 - 约瑟夫·奥卡达的日志记录,
type,YC117.10.15 - Yosef Okada Journal entry,YC117.10.15 - 约瑟夫·奥卡达的日志记录,
type,YC117.10.30 - Yosef Okada Journal entry,YC117.10.30 - 约瑟夫·奥卡达的日志记录,
type,YC117.11.01 - Yosef Okada Journal entry,YC117.11.01 - 约瑟夫·奥卡达的日志记录,
type,YC117.11.06 - dictated record,YC117.11.06 - 口述录音,
type,YC117.11.08 - dictated record,YC117.11.08 - 口述录音,
type,Yeni Sarum's Insignia,耶尼·萨拉姆的勋章,
type,Ymir,伊米尔级,ship
type,YO-5000 Rapid Heavy Missile Launcher,YO-5000重型快速导弹发射器,
type,Yoiul Blizzard Firework,尤尔节暴雪焰火,
type,Yoiul Festival Firework,尤尔节烟火,
type,Yoiul Festival Snowball,尤尔节雪球,
type,Yoiul Festival Starburst Firework,尤尔节星爆焰火,
type,Yoiul Spiral Firework,尤尔节螺旋焰火,
type,Yoiul's Ascent Firework,尤尔节的腾空焰火,
type,Ytirium,耶利合金,
type,Ytirium II-Grade,耶利合金（2级）,
type,Ytirium III-Grade,耶利合金（3级）,
type,Ytirium IV-Grade,耶利合金（4级）,
type,Ytterbite,硅铍钇矿,
type,Zainou 'Beancounter' Industry BX-801,载诺 守财奴 工业 BX-801,
type,Zainou 'Beancounter' Industry BX-802,载诺 守财奴 工业 BX-802,
type,Zainou 'Beancounter' Industry BX-804,载诺 守财奴 工业 BX-804,
type,Zainou 'Beancounter' Metallurgy MY-701,载诺 守财奴 冶金学 MY-701,
type,Zainou 'Beancounter' Metallurgy MY-703,载诺 守财奴 冶金学 MY-703,
type,Zainou 'Beancounter' Metallurgy MY-705,载诺 守财奴 冶金学 MY-705,
type,Zainou 'Beancounter' Reprocessing RX-801,载诺 守财奴 提炼 RX-801,
type,Zainou 'Beancounter' Reprocessing RX-802,载诺 守财奴 提炼 RX-802,
type,Zainou 'Beancounter' Reprocessing RX-804,载诺 守财奴 提炼 RX-804,
type,Zainou 'Beancounter' Research RR-601,载诺 守财奴 研究 RR-601,
type,Zainou 'Beancounter' Research RR-603,载诺 守财奴 研究 RR-603,
type,Zainou 'Beancounter' Research RR-605,载诺 守财奴 研究 RR-605,
type,Zainou 'Beancounter' Science SC-801,载诺 守财奴 科学 SC-801,
type,Zainou 'Beancounter' Science SC-803,载诺 守财奴 科学 SC-803,
type,Zainou 'Beancounter' Science SC-805,载诺 守财奴 科学 SC-805,
type,Zainou 'Deadeye' Guided Missile Precision GP-801,载诺 狙击手 导弹精确打击 GP-801,
type,Zainou 'Deadeye' Guided Missile Precision GP-802,载诺 狙击手 导弹精确打击 GP-802,
type,Zainou 'Deadeye' Guided Missile Precision GP-803,载诺 狙击手 导弹精确打击 GP-803,
type,Zainou 'Deadeye' Guided Missile Precision GP-804,载诺 狙击手 导弹精确打击 GP-804,
type,Zainou 'Deadeye' Guided Missile Precision GP-805,载诺 狙击手 导弹精确打击 GP-805,
type,Zainou 'Deadeye' Guided Missile Precision GP-806,载诺 狙击手 导弹精确打击 GP-806,
type,Zainou 'Deadeye' Large Hybrid Turret LH-1001,载诺 狙击手 大型混合炮台 LH-1001,
type,Zainou 'Deadeye' Large Hybrid Turret LH-1002,载诺 狙击手 大型混合炮台 LH-1002,
type,Zainou 'Deadeye' Large Hybrid Turret LH-1003,载诺 狙击手 大型混合炮台 LH-1003,
type,Zainou 'Deadeye' Large Hybrid Turret LH-1004,载诺 狙击手 大型混合炮台 LH-1004,
type,Zainou 'Deadeye' Large Hybrid Turret LH-1005,载诺 狙击手 大型混合炮台 LH-1005,
type,Zainou 'Deadeye' Large Hybrid Turret LH-1006,载诺 狙击手 大型混合炮台 LH-1006,
type,Zainou 'Deadeye' Medium Hybrid Turret MH-801,载诺 狙击手 中型混合炮台 MH-801,
type,Zainou 'Deadeye' Medium Hybrid Turret MH-802,载诺 狙击手 中型混合炮台 MH-802,
type,Zainou 'Deadeye' Medium Hybrid Turret MH-803,载诺 狙击手 中型混合炮台 MH-803,
type,Zainou 'Deadeye' Medium Hybrid Turret MH-804,载诺 狙击手 中型混合炮台 MH-804,
type,Zainou 'Deadeye' Medium Hybrid Turret MH-805,载诺 狙击手 中型混合炮台 MH-805,
type,Zainou 'Deadeye' Medium Hybrid Turret MH-806,载诺 狙击手 中型混合炮台 MH-806,
type,Zainou 'Deadeye' Missile Bombardment MB-701,载诺 狙击手 导弹打击 MB-701,
type,Zainou 'Deadeye' Missile Bombardment MB-702,载诺 狙击手 导弹打击 MB-702,
type,Zainou 'Deadeye' Missile Bombardment MB-703,载诺 狙击手 导弹打击 MB-703,
type,Zainou 'Deadeye' Missile Bombardment MB-704,载诺 狙击手 导弹打击 MB-704,
type,Zainou 'Deadeye' Missile Bombardment MB-705,载诺 狙击手 导弹打击 MB-705,
type,Zainou 'Deadeye' Missile Bombardment MB-706,载诺 狙击手 导弹打击 MB-706,
type,Zainou 'Deadeye' Missile Projection MP-701,载诺 狙击手 导弹动力 MP-701,
type,Zainou 'Deadeye' Missile Projection MP-702,载诺 狙击手 导弹动力 MP-702,
type,Zainou 'Deadeye' Missile Projection MP-703,载诺 狙击手 导弹动力 MP-703,
type,Zainou 'Deadeye' Missile Projection MP-704,载诺 狙击手 导弹动力 MP-704,
type,Zainou 'Deadeye' Missile Projection MP-705,载诺 狙击手 导弹动力 MP-705,
type,Zainou 'Deadeye' Missile Projection MP-706,载诺 狙击手 导弹动力 MP-706,
type,Zainou 'Deadeye' Rapid Launch RL-1001,载诺 狙击手 导弹发射效率 RL-1001,
type,Zainou 'Deadeye' Rapid Launch RL-1002,载诺 狙击手 导弹发射效率 RL-1002,
type,Zainou 'Deadeye' Rapid Launch RL-1003,载诺 狙击手 导弹发射效率 RL-1003,
type,Zainou 'Deadeye' Rapid Launch RL-1004,载诺 狙击手 导弹发射效率 RL-1004,
type,Zainou 'Deadeye' Rapid Launch RL-1005,载诺 狙击手 导弹发射效率 RL-1005,
type,Zainou 'Deadeye' Rapid Launch RL-1006,载诺 狙击手 导弹发射效率 RL-1006,
type,Zainou 'Deadeye' Sharpshooter ST-901,载诺 狙击手 精确射击 ST-901,
type,Zainou 'Deadeye' Sharpshooter ST-902,载诺 狙击手 精确射击 ST-902,
type,Zainou 'Deadeye' Sharpshooter ST-903,载诺 狙击手 精确射击 ST-903,
type,Zainou 'Deadeye' Sharpshooter ST-904,载诺 狙击手 精确射击 ST-904,
type,Zainou 'Deadeye' Sharpshooter ST-905,载诺 狙击手 精确射击 ST-905,
type,Zainou 'Deadeye' Sharpshooter ST-906,载诺 狙击手 精确射击 ST-906,
type,Zainou 'Deadeye' Small Hybrid Turret SH-601,载诺 狙击手 小型混合炮台 SH-601,
type,Zainou 'Deadeye' Small Hybrid Turret SH-602,载诺 狙击手 小型混合炮台 SH-602,
type,Zainou 'Deadeye' Small Hybrid Turret SH-603,载诺 狙击手 小型混合炮台 SH-603,
type,Zainou 'Deadeye' Small Hybrid Turret SH-604,载诺 狙击手 小型混合炮台 SH-604,
type,Zainou 'Deadeye' Small Hybrid Turret SH-605,载诺 狙击手 小型混合炮台 SH-605,
type,Zainou 'Deadeye' Small Hybrid Turret SH-606,载诺 狙击手 小型混合炮台 SH-606,
type,Zainou 'Deadeye' Target Navigation Prediction TN-901,载诺 狙击手 目标导航预测 TN-901,
type,Zainou 'Deadeye' Target Navigation Prediction TN-902,载诺 狙击手 目标导航预测 TN-902,
type,Zainou 'Deadeye' Target Navigation Prediction TN-903,载诺 狙击手 目标导航预测 TN-903,
type,Zainou 'Deadeye' Target Navigation Prediction TN-904,载诺 狙击手 目标导航预测 TN-904,
type,Zainou 'Deadeye' Target Navigation Prediction TN-905,载诺 狙击手 目标导航预测 TN-905,
type,Zainou 'Deadeye' Target Navigation Prediction TN-906,载诺 狙击手 目标导航预测 TN-906,
type,Zainou 'Deadeye' Trajectory Analysis TA-701,载诺 狙击手 弹道分析 TA-701,
type,Zainou 'Deadeye' Trajectory Analysis TA-702,载诺 狙击手 弹道分析 TA-702,
type,Zainou 'Deadeye' Trajectory Analysis TA-703,载诺 狙击手 弹道分析 TA-703,
type,Zainou 'Deadeye' Trajectory Analysis TA-704,载诺 狙击手 弹道分析 TA-704,
type,Zainou 'Deadeye' Trajectory Analysis TA-705,载诺 狙击手 弹道分析 TA-705,
type,Zainou 'Deadeye' Trajectory Analysis TA-706,载诺 狙击手 弹道分析 TA-706,
type,Zainou 'Gnome' Launcher CPU Efficiency LE-601,载诺 侏儒 发射器CPU效率 LE-601,
type,Zainou 'Gnome' Launcher CPU Efficiency LE-602,载诺 侏儒 发射器CPU效率 LE-602,
type,Zainou 'Gnome' Launcher CPU Efficiency LE-603,载诺 侏儒 发射器CPU效率 LE-603,
type,Zainou 'Gnome' Launcher CPU Efficiency LE-604,载诺 侏儒 发射器CPU效率 LE-604,
type,Zainou 'Gnome' Launcher CPU Efficiency LE-605,载诺 侏儒 发射器CPU效率 LE-605,
type,Zainou 'Gnome' Launcher CPU Efficiency LE-606,载诺 侏儒 发射器CPU效率 LE-606,
type,Zainou 'Gnome' Shield Emission Systems SE-801,载诺 侏儒 护盾频散系统 SE-801,
type,Zainou 'Gnome' Shield Emission Systems SE-802,载诺 侏儒 护盾频散系统 SE-802,
type,Zainou 'Gnome' Shield Emission Systems SE-803,载诺 侏儒 护盾频散系统 SE-803,
type,Zainou 'Gnome' Shield Emission Systems SE-804,载诺 侏儒 护盾频散系统 SE-804,
type,Zainou 'Gnome' Shield Emission Systems SE-805,载诺 侏儒 护盾频散系统 SE-805,
type,Zainou 'Gnome' Shield Emission Systems SE-806,载诺 侏儒 护盾频散系统 SE-806,
type,Zainou 'Gnome' Shield Management SM-701,载诺 侏儒 护盾管理 SM-701,
type,Zainou 'Gnome' Shield Management SM-702,载诺 侏儒 护盾管理 SM-702,
type,Zainou 'Gnome' Shield Management SM-703,载诺 侏儒 护盾管理 SM-703,
type,Zainou 'Gnome' Shield Management SM-704,载诺 侏儒 护盾管理 SM-704,
type,Zainou 'Gnome' Shield Management SM-705,载诺 侏儒 护盾管理 SM-705,
type,Zainou 'Gnome' Shield Management SM-706,载诺 侏儒 护盾管理 SM-706,
type,Zainou 'Gnome' Shield Operation SP-901,载诺 侏儒 护盾操作 SP-901,
type,Zainou 'Gnome' Shield Operation SP-902,载诺 侏儒 护盾操作 SP-902,
type,Zainou 'Gnome' Shield Operation SP-903,载诺 侏儒 护盾操作 SP-903,
type,Zainou 'Gnome' Shield Operation SP-904,载诺 侏儒 护盾操作 SP-904,
type,Zainou 'Gnome' Shield Operation SP-905,载诺 侏儒 护盾操作 SP-905,
type,Zainou 'Gnome' Shield Operation SP-906,载诺 侏儒 护盾操作 SP-906,
type,Zainou 'Gnome' Shield Upgrades SU-601,载诺 侏儒 护盾升级 SU-601,
type,Zainou 'Gnome' Shield Upgrades SU-602,载诺 侏儒 护盾升级 SU-602,
type,Zainou 'Gnome' Shield Upgrades SU-603,载诺 侏儒 护盾升级 SU-603,
type,Zainou 'Gnome' Shield Upgrades SU-604,载诺 侏儒 护盾升级 SU-604,
type,Zainou 'Gnome' Shield Upgrades SU-605,载诺 侏儒 护盾升级 SU-605,
type,Zainou 'Gnome' Shield Upgrades SU-606,载诺 侏儒 护盾升级 SU-606,
type,Zainou 'Gnome' Weapon Upgrades WU-1001,载诺 侏儒 武器升级 WU-1001,
type,Zainou 'Gnome' Weapon Upgrades WU-1002,载诺 侏儒 武器升级 WU-1002,
type,Zainou 'Gnome' Weapon Upgrades WU-1003,载诺 侏儒 武器升级 WU-1003,
type,Zainou 'Gnome' Weapon Upgrades WU-1004,载诺 侏儒 武器升级 WU-1004,
type,Zainou 'Gnome' Weapon Upgrades WU-1005,载诺 侏儒 武器升级 WU-1005,
type,Zainou 'Gnome' Weapon Upgrades WU-1006,载诺 侏儒 武器升级 WU-1006,
type,Zainou 'Gypsy' CPU Management EE-601,载诺 吉普赛 CPU管理学 EE-601,
type,Zainou 'Gypsy' CPU Management EE-602,载诺 吉普赛 CPU管理 EE-602,
type,Zainou 'Gypsy' CPU Management EE-603,载诺 吉普赛 CPU管理学 EE-603,
type,Zainou 'Gypsy' CPU Management EE-604,载诺 吉普赛 CPU管理 EE-604,
type,Zainou 'Gypsy' CPU Management EE-605,载诺 吉普赛 CPU管理学 EE-605,
type,Zainou 'Gypsy' CPU Management EE-606,载诺 吉普赛 CPU管理 EE-606,
type,Zainou 'Gypsy' Electronic Warfare EW-901,载诺 吉普赛 电子战 EW-901,
type,Zainou 'Gypsy' Electronic Warfare EW-902,载诺 吉普赛 电子战 EW-902,
type,Zainou 'Gypsy' Electronic Warfare EW-903,载诺 吉普赛 电子战 EW-903,
type,Zainou 'Gypsy' Electronic Warfare EW-904,载诺 吉普赛 电子战 EW-904,
type,Zainou 'Gypsy' Electronic Warfare EW-905,载诺 吉普赛 电子战 EW-905,
type,Zainou 'Gypsy' Electronic Warfare EW-906,载诺 吉普赛 电子战 EW-906,
type,Zainou 'Gypsy' Electronics Upgrades EU-601,载诺 吉普赛 电子升级 EU-601,
type,Zainou 'Gypsy' Electronics Upgrades EU-602,载诺 吉普赛 电子升级 EU-602,
type,Zainou 'Gypsy' Electronics Upgrades EU-603,载诺 吉普赛 电子升级 EU-603,
type,Zainou 'Gypsy' Electronics Upgrades EU-604,载诺 吉普赛 电子升级 EU-604,
type,Zainou 'Gypsy' Electronics Upgrades EU-605,载诺 吉普赛 电子升级 EU-605,
type,Zainou 'Gypsy' Electronics Upgrades EU-606,载诺 吉普赛 电子升级 EU-606,
type,Zainou 'Gypsy' Long Range Targeting LT-801,载诺 吉普赛 远距锁定 LT-801,
type,Zainou 'Gypsy' Long Range Targeting LT-802,载诺 吉普赛 远距锁定 LT-802,
type,Zainou 'Gypsy' Long Range Targeting LT-803,载诺 吉普赛 远距锁定 LT-803,
type,Zainou 'Gypsy' Long Range Targeting LT-804,载诺 吉普赛 远距锁定 LT-804,
type,Zainou 'Gypsy' Long Range Targeting LT-805,载诺 吉普赛 远距锁定 LT-805,
type,Zainou 'Gypsy' Long Range Targeting LT-806,载诺 吉普赛 远距锁定 LT-806,
type,Zainou 'Gypsy' Propulsion Jamming PJ-801,载诺 吉普赛 推进干扰 PJ-801,
type,Zainou 'Gypsy' Propulsion Jamming PJ-802,载诺 吉普赛 推进干扰 PJ-802,
type,Zainou 'Gypsy' Propulsion Jamming PJ-803,载诺 吉普赛 推进干扰 PJ-803,
type,Zainou 'Gypsy' Propulsion Jamming PJ-804,载诺 吉普赛 推进干扰 PJ-804,
type,Zainou 'Gypsy' Propulsion Jamming PJ-805,载诺 吉普赛 推进干扰 PJ-805,
type,Zainou 'Gypsy' Propulsion Jamming PJ-806,载诺 吉普赛 推进干扰 PJ-806,
type,Zainou 'Gypsy' Sensor Linking SL-901,载诺 吉普赛 感应器链 SL-901,
type,Zainou 'Gypsy' Sensor Linking SL-902,载诺 吉普赛 感应器链 SL-902,
type,Zainou 'Gypsy' Sensor Linking SL-903,载诺 吉普赛 感应器链 SL-903,
type,Zainou 'Gypsy' Sensor Linking SL-904,载诺 吉普赛 感应器链 SL-904,
type,Zainou 'Gypsy' Sensor Linking SL-905,载诺 吉普赛 感应器链 SL-905,
type,Zainou 'Gypsy' Sensor Linking SL-906,载诺 吉普赛 感应器链 SL-906,
type,Zainou 'Gypsy' Signature Analysis SA-701,载诺 吉普赛 信号分析 SA-701,
type,Zainou 'Gypsy' Signature Analysis SA-702,载诺 吉普赛 信号分析 SA-702,
type,Zainou 'Gypsy' Signature Analysis SA-703,载诺 吉普赛 信号分析 SA-703,
type,Zainou 'Gypsy' Signature Analysis SA-704,载诺 吉普赛 信号分析 SA-704,
type,Zainou 'Gypsy' Signature Analysis SA-705,载诺 吉普赛 信号分析 SA-705,
type,Zainou 'Gypsy' Signature Analysis SA-706,载诺 吉普赛 信号分析 SA-706,
type,Zainou 'Gypsy' Target Painting TG-901,载诺 吉普赛 目标标记 TG-901,
type,Zainou 'Gypsy' Target Painting TG-902,载诺 吉普赛 目标标记 TG-902,
type,Zainou 'Gypsy' Target Painting TG-903,载诺 吉普赛 目标标记 TG-903,
type,Zainou 'Gypsy' Target Painting TG-904,载诺 吉普赛 目标标记 TG-904,
type,Zainou 'Gypsy' Target Painting TG-905,载诺 吉普赛 目标标记 TG-905,
type,Zainou 'Gypsy' Target Painting TG-906,载诺 吉普赛 目标标记 TG-906,
type,Zainou 'Gypsy' Weapon Disruption WD-901,载诺 吉普赛 武器干扰 WD-901,
type,Zainou 'Gypsy' Weapon Disruption WD-902,载诺 吉普赛 武器干扰 WD-902,
type,Zainou 'Gypsy' Weapon Disruption WD-903,载诺 吉普赛 武器干扰 WD-903,
type,Zainou 'Gypsy' Weapon Disruption WD-904,载诺 吉普赛 武器干扰 WD-904,
type,Zainou 'Gypsy' Weapon Disruption WD-905,载诺 吉普赛 武器干扰 WD-905,
type,Zainou 'Gypsy' Weapon Disruption WD-906,载诺 吉普赛 武器干扰 WD-906,
type,Zainou 'Snapshot' Auto-Targeting Explosion Radius FR-1001,载诺 快照 自动锁定爆炸半径 FR-1001,
type,Zainou 'Snapshot' Auto-Targeting Explosion Radius FR-1002,载诺 快照 自动锁定爆炸半径 FR-1002,
type,Zainou 'Snapshot' Auto-Targeting Explosion Radius FR-1003,载诺 快照 自动锁定爆炸半径 FR-1003,
type,Zainou 'Snapshot' Auto-Targeting Explosion Radius FR-1004,载诺 快照 自动锁定爆炸半径 FR-1004,
type,Zainou 'Snapshot' Auto-Targeting Explosion Radius FR-1005,载诺 快照 自动锁定爆炸半径 FR-1005,
type,Zainou 'Snapshot' Auto-Targeting Explosion Radius FR-1006,载诺 快照 自动锁定爆炸半径 FR-1006,
type,Zainou 'Snapshot' Cruise Missiles CM-601,载诺 快照 巡航导弹 CM-601,
type,Zainou 'Snapshot' Cruise Missiles CM-602,载诺 快照 巡航导弹 CM-602,
type,Zainou 'Snapshot' Cruise Missiles CM-603,载诺 快照 巡航导弹 CM-603,
type,Zainou 'Snapshot' Cruise Missiles CM-604,载诺 快照 巡航导弹 CM-604,
type,Zainou 'Snapshot' Cruise Missiles CM-605,载诺 快照 巡航导弹 CM-605,
type,Zainou 'Snapshot' Cruise Missiles CM-606,载诺 快照 巡航导弹 CM-606,
type,Zainou 'Snapshot' Defender Missiles DM-801,载诺 快照 反弹道导弹 DM-801,
type,Zainou 'Snapshot' Defender Missiles DM-802,载诺 快照 反弹道导弹 DM-802,
type,Zainou 'Snapshot' Defender Missiles DM-803,载诺 快照 反弹道导弹 DM-803,
type,Zainou 'Snapshot' Defender Missiles DM-804,载诺 快照 反弹道导弹 DM-804,
type,Zainou 'Snapshot' Defender Missiles DM-805,载诺 快照 反弹道导弹 DM-805,
type,Zainou 'Snapshot' Defender Missiles DM-806,载诺 快照 反弹道导弹 DM-806,
type,Zainou 'Snapshot' Heavy Assault Missiles AM-701,载诺 快照 重型攻击导弹 AM-701,
type,Zainou 'Snapshot' Heavy Assault Missiles AM-702,载诺 快照 重型攻击导弹 AM-702,
type,Zainou 'Snapshot' Heavy Assault Missiles AM-703,载诺 快照 重型攻击导弹 AM-703,
type,Zainou 'Snapshot' Heavy Assault Missiles AM-704,载诺 快照 重型攻击导弹 AM-704,
type,Zainou 'Snapshot' Heavy Assault Missiles AM-705,载诺 快照 重型攻击导弹 AM-705,
type,Zainou 'Snapshot' Heavy Assault Missiles AM-706,载诺 快照 重型攻击导弹 AM-706,
type,Zainou 'Snapshot' Heavy Missiles HM-701,载诺 快照 重型导弹 HM-701,
type,Zainou 'Snapshot' Heavy Missiles HM-702,载诺 快照 重型导弹 HM-702,
type,Zainou 'Snapshot' Heavy Missiles HM-703,载诺 快照 重型导弹 HM-703,
type,Zainou 'Snapshot' Heavy Missiles HM-704,载诺 快照 重型导弹 HM-704,
type,Zainou 'Snapshot' Heavy Missiles HM-705,载诺 快照 重型导弹 HM-705,
type,Zainou 'Snapshot' Heavy Missiles HM-706,载诺 快照 重型导弹 HM-706,
type,Zainou 'Snapshot' Light Missiles LM-901,载诺 快照 轻型导弹 LM-901,
type,Zainou 'Snapshot' Light Missiles LM-902,载诺 快照 轻型导弹 LM-902,
type,Zainou 'Snapshot' Light Missiles LM-903,载诺 快照 轻型导弹 LM-903,
type,Zainou 'Snapshot' Light Missiles LM-904,载诺 快照 轻型导弹 LM-904,
type,Zainou 'Snapshot' Light Missiles LM-905,载诺 快照 轻型导弹 LM-905,
type,Zainou 'Snapshot' Light Missiles LM-906,载诺 快照 轻型导弹 LM-906,
type,Zainou 'Snapshot' Rockets RD-901,载诺 快照 火箭 RD-901,
type,Zainou 'Snapshot' Rockets RD-902,载诺 快照 火箭 RD-902,
type,Zainou 'Snapshot' Rockets RD-903,载诺 快照 火箭 RD-903,
type,Zainou 'Snapshot' Rockets RD-904,载诺 快照 火箭 RD-904,
type,Zainou 'Snapshot' Rockets RD-905,载诺 快照 火箭 RD-905,
type,Zainou 'Snapshot' Rockets RD-906,载诺 快照 火箭 RD-906,
type,Zainou 'Snapshot' Torpedoes TD-601,载诺 快照 鱼雷 TD-601,
type,Zainou 'Snapshot' Torpedoes TD-602,载诺 快照 鱼雷 TD-602,
type,Zainou 'Snapshot' Torpedoes TD-603,载诺 快照 鱼雷 TD-603,
type,Zainou 'Snapshot' Torpedoes TD-604,载诺 快照 鱼雷 TD-604,
type,Zainou 'Snapshot' Torpedoes TD-605,载诺 快照 鱼雷 TD-605,
type,Zainou 'Snapshot' Torpedoes TD-606,载诺 快照 鱼雷 TD-606,
type,Zainou 'Snapshot' XL Torpedoes XT-601,神经交互强化芯片 - 载诺 精确射击 ZMX10,
type,Zainou 'Snapshot' XL Torpedoes XT-602,神经交互强化芯片 - 载诺 精确射击 ZMX11,
type,Zainou 'Snapshot' XL Torpedoes XT-603,神经交互强化芯片 - 载诺 精确射击 ZMX100,
type,Zainou 'Snapshot' XL Torpedoes XT-604,神经交互强化芯片 - 载诺 精确射击 ZMX110,
type,Zainou 'Snapshot' XL Torpedoes XT-605,神经交互强化芯片 - 载诺 精确射击 ZMX1000,
type,Zainou 'Snapshot' XL Torpedoes XT-606,神经交互强化芯片 - 载诺 精确射击 ZMX1100,
type,Zakura Bazei Firework,百吉樱焰火,
type,Zarmazd,扎玛德级,ship
type,Zealot,狂热级,ship
type,Zelfarios Kashnostramus's Tag,泽法洛斯的铭牌,
type,Zemnar,泽姆纳尔,
type,Zeolites,沸石,
type,Zephyr,微风级,ship
type,Zero-Point Condensate,零度凝缩液,
type,Zero-Point Field Manipulator,零点力场操纵装置,
type,Zero-Point Mass Entangler,零点质量纠缠装置,
type,Zeugma Integrated Analyzer,轭式集成式分析仪,
type,Zircon,锆石,
type,Zirnitra,泽尼塔级,ship
type,Zirnitra Blueprint Data Vault,泽尼塔级蓝图数据仓库,
type,Zohar's Modified Signature Radius Suppressor,佐哈尔改良型信号半径抑制装置,
type,Zor's Custom Navigation Hyper-Link,佐尔氏自制导航超感融入体,
type,Zor's Custom Navigation Link,佐尔氏自制导航融入体,
type,Zor's DNA,佐尔的DNA,
type,Zorya's Entropic Radiation Sink,曙光熵辐射槽,
type,Zorya's Heavy Entropic Disintegrator,曙光重型熵能分解者,
type,Zorya's Light Entropic Disintegrator,曙光轻型熵能分解者,
type,Zorya's Supratidal Entropic Disintegrator,曙光潮上熵能分解者,
type,Zydrine,晶状石英核岩,
type,‘Tyrannos’ Armor Command Burst,“专制者”装甲指挥脉冲波,
type,‘Vigilant’ Shield Command Burst,“警戒”级护盾指挥脉冲波,
region,Aridia,艾里迪亚,
region,Black Rise,暗涌之域,
region,Branch,血脉,
region,Cache,地窖,
region,Catch,卡彻,
region,Cloud Ring,云环,
region,Cobalt Edge,钴蓝边域,
region,Curse,柯尔斯,
region,Deklein,德克廉,
region,Delve,绝地之域,
region,Derelik,德里克,
region,Detorid,底特里德,
region,Devoid,破碎,
region,Domain,多美,
region,Esoteria,埃索特亚,
region,Essence,精华之域,
region,Etherium Reach,琉蓝之穹,
region,Everyshore,埃维希尔,
region,Exordium,始源星域,
region,Fade,斐德,
region,Feythabolis,非塔波利斯,
region,Fountain,源泉之域,
region,Geminate,对舞之域,
region,Genesis,吉勒西斯,
region,Great Wildlands,大荒野,
region,Heimatar,西玛特尔,
region,Immensea,伊梅瑟亚,
region,Impass,绝径,
region,Insmother,因斯姆尔,
region,Kador,卡多尔,
region,Khanid,卡尼迪,
region,Kor-Azor,柯埃佐,
region,Lonetrek,长征,
region,Malpais,糟粕之域,
region,Metropolis,美特伯里斯,
region,Molden Heath,摩登赫斯,
region,Oasa,欧莎,
region,Omist,欧米斯特,
region,Outer Passage,域外走廊,
region,Outer Ring,外环,
region,Paragon Soul,摄魂之域,
region,Period Basis,贝斯,
region,Perrigen Falls,佩利根弗,
region,Placid,宁静之域,
region,Pochven,波赫文,
region,Providence,普罗维登斯,
region,Pure Blind,黑渊,
region,Querious,逑瑞斯,
region,Scalding Pass,灼热之径,
region,Sinq Laison,金纳泽,
region,Solitude,孤独之域,
region,Stain,混浊,
region,Syndicate,辛迪加,
region,Tash-Murkon,塔什蒙贡,
region,Tenal,特纳,
region,Tenerifis,特里菲斯,
region,The Bleak Lands,幽暗之域,
region,The Citadel,赛塔德洱,
region,The Forge,伏尔戈,
region,The Kalevala Expanse,卡勒瓦拉阔地,
region,The Spire,螺旋之域,
region,Tribute,特布特,
region,Vale of the Silent,静寂谷,
region,Venal,维纳尔,
region,Verge Vendor,维格温铎,
region,Wicked Creek,邪恶湾流,
region,Yasna Zakh,雅斯纳·扎赫,
constellation,1st Accord District,第一协和区,
constellation,2nd Accord District,第二协和区,
constellation,3rd Accord District,第三协和区,
constellation,4th Accord District,第四协和区,
constellation,Abthi,爱毕迪,
constellation,Aeman,耶曼,
constellation,Afinoo,埃菲诺,
constellation,Agiesseson,埃杰森,
constellation,Aguh,奥贵,
constellation,Ahrnot,阿尔诺特,
constellation,Aideron,埃德伦,
constellation,Ajah,阿吉亚,
constellation,Akar,埃卡洱,
constellation,Akimamur,阿吉玛穆尔,
constellation,Aldodan,奥铎丹,
constellation,Algintal,阿根塔,
constellation,Almur,奥缪尔,
constellation,Alpakian,阿尔帕坚,
constellation,Alselbosier,阿瑟伯塞尔,
constellation,Ambrye,安布列,
constellation,Amdimmah,埃幕底玛,
constellation,Amevync,安纹印克,
constellation,Anama,埃纳玛,
constellation,Ananah,安纳娜,
constellation,Anares,安纳勒斯,
constellation,Ancbeu,安克贝,
constellation,Angils,安杰尔斯,
constellation,Ani,安妮,
constellation,Anidaza,阿妮达扎,
constellation,Ankard,按卡德,
constellation,Anttanen,安塔勒恩,
constellation,Anwyns,安维恩斯,
constellation,Aokinen,奥吉能,
constellation,Aptetter,爱普忒特,
constellation,Arand,阿兰德,
constellation,Araz,埃拉茨,
constellation,Arekin,埃勒金,
constellation,Argeir,阿戈尔,
constellation,Armi,艾米,
constellation,Arniri,阿妮日,
constellation,Arvachah,阿瓦查,
constellation,Asalola,阿沙罗拉,
constellation,Ashela,埃诗娜,
constellation,Assilot,阿西洛特,
constellation,Aulari,奥拉日,
constellation,Aven,亚雯,
constellation,Avib,埃维布,
constellation,Balenne,贝勒尼,
constellation,Balrille,巴利勒,
constellation,Barvigrard,巴维格拉德,
constellation,Basilisk,巴西尔斯克,
constellation,Bedaleya,贝达列亚,
constellation,Belt,衣带,
constellation,Benurad,本努拉德,
constellation,Besateoden,贝萨特琉登,
constellation,Beyt,别特,
constellation,Braille,布莱勒,
constellation,Brazinget,巴津格特,
constellation,Budar,布达尔,
constellation,Caldari Border Zone,加达里边境地区,
constellation,Centaur,半人马,
constellation,Charak,查拉克,
constellation,Chardu,扎尔杜,
constellation,Chasnaye,贾斯纳耶,
constellation,Chimera,狮妖,
constellation,Comadu,克马杜,
constellation,Coriault,柯廖特,
constellation,Crown,皇冠,
constellation,Crux,库拉克斯,
constellation,Damadil,达马迪尔,
constellation,Daredan,德拉丹,
constellation,Disier,狄塞尔,
constellation,Duzna Kah,杜兹纳·卡尔,
constellation,Ekrin,埃克林,
constellation,Elalan,厄拉兰,
constellation,Elerelle,埃勒雷乐,
constellation,Elfrard,厄佛拉德,
constellation,Elose,埃勒斯,
constellation,Elysium,极乐,
constellation,Emsek,埃马赛克,
constellation,Enka,恩咖,
constellation,Eoldulf,尤多佛,
constellation,Erada,厄拉达,
constellation,Ergruk,厄尔衮克,
constellation,Essin,艾欣,
constellation,Etsala,厄沙拉,
constellation,Eugidi,尤杰迪,
constellation,Eustron,尤什特农,
constellation,Evannater,伊万纳特,
constellation,Fabai,法拜,
constellation,Fabas,法巴斯,
constellation,Favo,法沃,
constellation,Febihkin,菲彼金,
constellation,Federation Free-Zone,联邦自由区,
constellation,Fekhoya,菲霍亚,
constellation,Finaka,芬纳伽,
constellation,Finena,费呐哪,
constellation,Firille,菲惹勒,
constellation,Fislipesnes,费希培森,
constellation,Fittakan,费塔坎,
constellation,Frar,夫拉尔,
constellation,Fribrodi,弗里波迪,
constellation,Fua,伏尔,
constellation,Gallente Border Zone,盖伦特边境地区,
constellation,Ganoure,戈诺勒,
constellation,Gebem,基伯姆,
constellation,Gedur,戈多洱,
constellation,Giatole,嘎亚托,
constellation,Goins,戈印斯,
constellation,Griffin,狮鹫级,
constellation,Hale,硬朗,
constellation,Haurala,郝拉拉,
constellation,Haven,避难所,
constellation,Heart,心形,
constellation,Heaven,天堂,
constellation,Hed,海德,
constellation,Helab,赫拉,
constellation,Heti,荷逖,
constellation,Hevaka,赫瓦卡,
constellation,Homroon,霍尔龙,
constellation,Hoosa,霍沙,
constellation,Hulf,郝夫,
constellation,Huvilma,胡威尔玛,
constellation,Hydra,怪蛇,
constellation,Ichida,伊齐达,
constellation,Ieyama,耶雅玛,
constellation,Ihatalo,以哈塔罗,
constellation,Ihilakken,伊西拉肯,
constellation,Imurukka,伊姆鲁卡,
constellation,Inkelm,因科姆,
constellation,Inolari,伊诺拉利,
constellation,Ishaga,伊沙珈,
constellation,Isoma,伊索玛,
constellation,Jakemhih,贾科姆西,
constellation,Jatari,加塔利,
constellation,Jayai,羯亚,
constellation,Jeon,杰恩,
constellation,Joas,乔斯,
constellation,Jonar,乔纳尔,
constellation,Jonenor,乔尼诺尔,
constellation,Josmaert,乔斯米尔特,
constellation,Kaala,卡拉,
constellation,Kabo,凯波,
constellation,Kainokai,凯诺凯,
constellation,Kakol,卡柯尔,
constellation,Kalangin,卡兰金,
constellation,Kantanen,坎塔伦,
constellation,Karnola,咖诺拉,
constellation,Kashag,凯莎戈,
constellation,Kehina,克希娜,
constellation,Kekah,卡卡,
constellation,Kiartanne,加尔特尼,
constellation,Kihkounad,吉奎纳德,
constellation,Kimotoro,木本呂,
constellation,Kisana,基萨娜,
constellation,Koichi,考伊奇,
constellation,Krai Perun,雷电裔边疆,
constellation,Krai Svarog,熔火裔边疆,
constellation,Krai Veles,暗泽裔边疆,
constellation,Kraken,海怪,
constellation,Kurala,库纳拉,
constellation,Leseasesh,勒西赛什,
constellation,Liela,列娜,
constellation,Lolbrerie,罗伯勒,
constellation,Lorundio,罗伦蒂,
constellation,Maal,玛阿尔,
constellation,Maddam,玛德姆,
constellation,Makh,玛克,
constellation,Makiriemi,玛几利米,
constellation,Mal,玛尔,
constellation,Malariya,玛拉日雅,
constellation,Mallugier,毛鲁戈尔,
constellation,Mamouna,玛莫纳,
constellation,Manifest District,曼尼菲斯特区,
constellation,Manticore,狮蝎人,
constellation,Mareerieh,马瑞历赫,
constellation,Marele,玛耳勒,
constellation,Maseend,马森德,
constellation,Mayonhen,迈约恒,
constellation,Mazake,玛扎克,
constellation,Megeh,梅戈,
constellation,Meinigefur,梅尼格夫,
constellation,Mekashtad,莫卡什塔德,
constellation,Meli,梅里,
constellation,Mermaid,美人鱼,
constellation,Miennue,缪努尔,
constellation,Mih,米尔,
constellation,Mimishia,米米西亚,
constellation,Minnen,米呐恩,
constellation,Minotaur,牛头,
constellation,Mise,米赛,
constellation,Mito,弥陀,
constellation,Mivora,米沃拉,
constellation,Mobit,莫比忒,
constellation,Mobrault,魔布拉奥,
constellation,Mofa,莫伐,
constellation,Moghiz,莫戈西兹,
constellation,Monalaz,莫纳拉茨,
constellation,Mossas,莫莎斯,
constellation,Mulata,玛拉塔,
constellation,Nadire,纳迪惹,
constellation,Nagaslaiken,纳伽赛肯,
constellation,Nakid,纳基德,
constellation,Naloran,纳洛然,
constellation,Nashar,纳夏,
constellation,Nasorin,那什林,
constellation,Nazdirer,纳茨迪尔,
constellation,Nexus,尼克苏斯,
constellation,Nimedaz,尼梅达茨,
constellation,Nohshayess,诺莎耶斯,
constellation,Norgoh,诺高,
constellation,Obray,欧比瑞,
constellation,Odengsolf,欧登索夫,
constellation,Odilis,欧迪里斯,
constellation,Ohvarainen,欧瓦瑞冷,
constellation,Okakuola,欧卡寇拉,
constellation,Okela,欧克拉,
constellation,Okkelen,欧克勒恩,
constellation,Okomon,欧柯蒙,
constellation,Okunda,奥昆达,
constellation,Ombil,奥比尔,
constellation,Onirvura,奥尼尔瓦纳,
constellation,Oraron,奥拉隆,
constellation,Orpana,厄尔帕纳,
constellation,Orshed,奥尔什德,
constellation,Ortner,厄尔特勒,
constellation,Orus,奥拉斯,
constellation,Orvanne,欧尔万,
constellation,Osnins,奥斯宁斯,
constellation,Osta,奥斯塔,
constellation,Otawasa,奥塔瓦萨,
constellation,Otsabaira,欧特萨贝拉,
constellation,Outartoh,欧塔托,
constellation,Panorad,帕诺拉德,
constellation,Panoumid,帕诺米德,
constellation,Paradise,乐土,
constellation,Parrosa,帕罗萨,
constellation,Parud,帕鲁德,
constellation,Patrie,帕特里,
constellation,Peccanouette,佩卡琉特,
constellation,Pegasus,飞马,
constellation,Pegeler,佩戈乐,
constellation,Peges,佩戈斯,
constellation,Pezarba,佩扎巴,
constellation,Phoenix,凤凰座,
constellation,Pietanen,皮塔嫩,
constellation,Prelle,普维勒,
constellation,Qermi,奎尔米,
constellation,Qeti,杰逖,
constellation,Rapture,永欢,
constellation,Ravin,拉雯,
constellation,Regalia,家纹,
constellation,Reya,瑞亚,
constellation,Rifenda,里芬达,
constellation,Rollera,罗勒拉,
constellation,Ruomo,诺莫,
constellation,Ryra,日旯,
constellation,San Matar,姗玛塔尔,
constellation,Sanair,萨娜伊,
constellation,Sanctum,胜地,
constellation,Santenpaa,萨藤帕,
constellation,Sasen,萨森,
constellation,Satyr,赛特斯,
constellation,Sazdih,姗茨迪,
constellation,Scepter,权杖,
constellation,Seevadin,塞瓦丁,
constellation,Sela,塞拉,
constellation,Selonat,瑟罗纳特,
constellation,Semou,瑟莫,
constellation,Serthoulde,萨托洱德,
constellation,Sib,希伯,
constellation,Skaven,斯卡文,
constellation,Sole,金鞋,
constellation,Somi,索米,
constellation,Sosarir,索沙里尔,
constellation,Sound,回声,
constellation,Spaen,素帕伊恩,
constellation,Sphinx,斯芬克斯,
constellation,Stadakorn,斯塔达克隆,
constellation,Stion,西斯,
constellation,Strokar,斯托卡,
constellation,Subhatoub,萨巴托布,
constellation,Subi,苏比,
constellation,Sukanan,萨坎兰,
constellation,Suon,舜,
constellation,Sveipar,斯维帕,
constellation,Sword,皇剑,
constellation,Tandoiras,坦多拉斯,
constellation,Tartatven,塔达文,
constellation,Tasen,达森,
constellation,Taurus,金牛,
constellation,Tendrara,腾达拉,
constellation,The Crucible,试炼场,
constellation,Thoulde,驮尔德,
constellation,Throne Worlds,铎沃,
constellation,Tiat,提亚特,
constellation,Tid,泰德,
constellation,Tinnimerci,残冷,
constellation,Tranquility,安宁,
constellation,Trigentia,泰根提亚,
constellation,Tsemshatel,瑟沙特,
constellation,Ubar,乌巴,
constellation,Umamon,乌玛曼,
constellation,Unicorn,麒麟,
constellation,Unour,乌劳尔,
constellation,Urpiken,乌尔皮肯,
constellation,Urtfer,温特法,
constellation,Uusasai,乌萨塞,
constellation,Vaarma,瓦尔玛,
constellation,Velvet,丝绒,
constellation,Vieres,维勒斯,
constellation,Viriette,维列特,
constellation,Wiedadur,维达杜尔,
constellation,Wield,飞挥,
constellation,Woenckee,沃恩基,
constellation,Wyllequet,维勒奎特,
constellation,Wyvern,飞龙座,
constellation,Yekti,耶克提,
constellation,Yestadan,耶斯塔但,
constellation,Youledian,尤勒典,
constellation,Yrton,耶顿,
constellation,Ysiette,舍特,
constellation,Zemont,泽蒙特,
system,Aakari,阿尔卡利,
system,Abagawa,埃巴加瓦,
system,Abai,艾拜,
system,Abaim,阿拜姆,
system,Aband,阿班德,
system,Abath,埃巴特,
system,Abenync,爱贝宁科,
system,Abha,阿布哈,
system,Abhan,阿比翰,
system,Abrat,阿巴拉特,
system,Abstention,阿布斯滕申,
system,Abudban,阿布德班,
system,Abune,埃布尼,
system,Access,埃克瑟斯,
system,Aclan,阿克兰,
system,Actee,埃克提,
system,Adacyne,挨达辛,
system,Adahum,阿达胡姆,
system,Adallier,安大略尔,
system,Adar,阿达尔,
system,Adaz,阿达兹,
system,Adeel,埃德尔,
system,Aderkan,艾德卡恩,
system,Adia,阿迪亚,
system,Adiere,埃迪尔勒,
system,Adirain,埃迪瑞恩,
system,Adrallezoen,埃卓勒祖恩,
system,Adrel,埃卓尔,
system,Adreland,埃卓蓝德,
system,Adroit,阿德罗瓦,
system,Aedald,埃伊达特,
system,Aeddin,埃伊丁,
system,Aeditide,耶蒂泰德,
system,Aere,埃尔勒,
system,Aeschee,耶舒尔,
system,Aeter,爱伊提尔,
system,Aetree,爱伊特维,
system,Afivad,埃菲瓦德,
system,Afnakat,埃纳卡特,
system,Afrah,埃夫拉,
system,Agal,安迦尔,
system,Agaullores,埃加罗尔斯,
system,Agha,艾格哈,
system,Aghesi,阿戈西,
system,Agil,埃基尔,
system,Agoze,埃格则,
system,Agrallarier,阿瓜拉瑞尔,
system,Agtver,艾格塔威尔,
system,Ahala,阿哈拉,
system,Aharalel,艾哈拉勒,
system,Ahbazon,阿巴宗,
system,Ahkour,安考尔,
system,Ahmak,阿马科,
system,Ahraghen,阿拉恒,
system,Ahrosseas,阿罗瑟亚斯,
system,Ahteer,埃特依尔,
system,Ahtila,艾特拉,
system,Ahtulaima,阿图莱玛,
system,Ahynada,阿西纳达,
system,Aice,艾瑟,
system,Aidart,埃达尔特,
system,Aikantoh,埃卡恩托,
system,Aikoro,埃柯罗,
system,Aimoguier,埃莫古尔,
system,Ainaille,埃莱勒,
system,Ainsan,艾恩山,
system,Airaken,艾拉肯,
system,Airkio,埃尔克伊欧,
system,Airmia,艾尔米亚,
system,Airshaz,厄尔莎茨,
system,Aivoli,艾沃里,
system,Aivonen,艾沃能,
system,Ajanen,埃加尼恩,
system,Ajna,安吉纳,
system,Akes,阿克苏,
system,Akeva,阿克瓦,
system,Akhmoh,阿克蒙,
system,Akhrad,埃克拉德,
system,Akhragan,埃克拉甘,
system,Akhwa,埃克哈瓦,
system,Akiainavas,阿克艾娜瓦斯,
system,Akidagi,阿基达戈,
system,Akila,埃基拉,
system,Akkilen,埃吉伦,
system,Akkio,埃加奥,
system,Akonoinen,埃克诺伊勒,
system,Akora,爱科拉,
system,Akpivem,埃克葡温姆,
system,Ala,埃拉,
system,Alachene,爱拉彻里,
system,Alakgur,阿拉库古,
system,Alal,阿尔,
system,Alamel,埃拉梅尔,
system,Aldagolf,阿尔达哥夫,
system,Aldali,阿尔达里,
system,Aldik,埃迪克,
system,Aldilur,奥迪鲁尔,
system,Aldoras,阿尔多拉斯,
system,Aldranette,阿尔达然特,
system,Aldrat,奥德拉特,
system,Alenia,埃列尼亚,
system,Alentene,阿伦特尼,
system,Alf,阿尔夫,
system,Algasienan,阿加圣纳,
system,Algogille,埃戈吉勒,
system,Aliette,埃列提,
system,Alikara,阿里卡拉,
system,Alillere,埃里列热,
system,Alkabsi,埃卡比斯,
system,Alkez,阿克兹,
system,Allamotte,厄拉莫特,
system,Allebin,阿勒宾,
system,Alles,阿列斯,
system,Allipes,阿利佩斯,
system,Alparena,阿尔帕伦纳,
system,Alperaute,阿尔皮劳特,
system,Alra,埃尔拉,
system,Alsavoinon,奥萨温伦,
system,Alsottobier,埃索托比尔,
system,Altbrard,埃特布拉德,
system,Altrinur,阿提努尔,
system,Amafi,阿玛菲,
system,Amamake,埃玛马克,
system,Amane,安玛尼,
system,Amarr,艾玛,
system,Amasiree,阿玛西尔,
system,Amattens,爱马特恩,
system,Ambeke,安贝克,
system,Amdonen,安姆多尼,
system,Ameinaka,埃美纳卡,
system,Ami,安米,
system,Ammold,埃莫奥德,
system,Amo,阿莫,
system,Amod,阿莫德,
system,Amoderia,安德瑞亚,
system,Amoen,阿曼恩,
system,Amphar,阿曼法尔,
system,Amsen,安森,
system,Amygnon,埃米格农,
system,Ana,埃纳,
system,Anara,安娜拉,
system,Anath,安特,
system,Anbald,安巴德,
system,Anchauttes,安乔特斯,
system,Anckee,安克尔,
system,Andabiar,安达比尔,
system,Andole,安多勒,
system,Andrub,安朱比,
system,Ane,安尼,
system,Angatalie,安加塔列,
system,Angur,安古尔,
system,Angymonne,安吉蒙勒,
system,Anher,安赫尔,
system,Anila,安妮拉,
system,Anin,安印,
system,Anjedin,安杰丁,
system,Anka,安卡,
system,Annad,安恩那德,
system,Annages,安纳格斯,
system,Annancale,阿南克勒,
system,Annaro,安那罗,
system,Annelle,安尼列,
system,Anohel,安罗赫,
system,Ansalle,安萨列,
system,Ansasos,安萨索斯,
system,Ansen,安歇恩,
system,Ansher,安歇尔,
system,Ansila,安斯拉,
system,Ansone,安索尼,
system,Anstard,安斯塔德,
system,Antem,安特姆,
system,Antiainen,安提雅勒恩,
system,Antollare,安托拉热,
system,Anttiri,安提利,
system,Anyed,安耶德,
system,Anzalaisio,安扎莱索,
system,Aokannitoh,奥坎尼托,
system,Apanake,安帕纳克,
system,Aphend,埃费恩的,
system,Aphi,埃费,
system,Aporulie,阿波鲁列,
system,Appen,埃皮恩,
system,Arakor,阿拉克尔,
system,Aralgrund,阿拉古鲁迪,
system,Aramachi,阿尔玛至,
system,Aranir,阿拉尼尔,
system,Arant,阿冉特,
system,Arasare,阿拉撒热,
system,Arayar,埃拉亚尔,
system,Arbaz,阿尔巴茨,
system,Archavoinet,埃察沃内特,
system,Archee,阿尔谢,
system,Ardallabier,挨达拉拜尔,
system,Ardar,阿尔达,
system,Ardene,阿尔蒂尼,
system,Arderonne,阿德罗尼,
system,Ardhis,阿尔迪斯,
system,Ardishapur Prime,阿狄莎波首星,
system,Arena,艾瑞纳,
system,Arera,阿勒拉,
system,Arifsdald,埃法斯达德,
system,Aring,阿尔林,
system,Arittant,埃里坦特,
system,Arkoz,阿尔库茨,
system,Arlek,阿尔勒克,
system,Arlulf,阿尔卢浮,
system,Armala,阿尔马拉,
system,Arnatele,爱马特利,
system,Arnher,阿希尔,
system,Arnola,艾尔莫拉,
system,Arnon,阿尔蒙,
system,Arnstur,恩斯图尔,
system,Arodan,埃罗丹,
system,Arraron,埃拉隆,
system,Arshat,埃尔沙特,
system,Artisine,阿尔提辛,
system,Arton,阿尔通,
system,Artoun,阿尔托恩,
system,Arvasaras,埃瓦萨拉斯,
system,Arveyil,埃尔维伊,
system,Arwa,阿尔瓦,
system,Arza,阿尔察,
system,Arzad,阿尔扎德,
system,Arzanni,阿尔扎尼,
system,Arzi,阿尔兹,
system,Arzieh,阿茨厄,
system,Asabona,埃萨伯纳,
system,Asakai,艾萨凯,
system,Asanot,埃萨诺特,
system,Asesamy,艾瑟萨美,
system,Aset,艾瑟特,
system,Asezai,阿瑟扎伊,
system,Asgeir,艾格瑟尔,
system,Asghatil,埃斯格哈提尔,
system,Asghed,阿斯戈德,
system,Ashab,阿沙比,
system,Ashi,阿什伊,
system,Ashitsu,埃希策,
system,Ashkoo,埃什库,
system,Ashmarir,埃什马瑞尔,
system,Ashokon,阿希空,
system,Asilem,埃斯勒姆,
system,Askonak,阿斯科纳克,
system,Asoutar,奥索达,
system,Asrios,阿斯里欧斯,
system,Assah,艾沙哈,
system,Assez,阿瑟茨,
system,Assiad,艾赛亚德,
system,Assiettes,爱谢特斯,
system,Astabih,埃斯塔比赫,
system,Astoh,阿希多,
system,Atai,阿塔伊,
system,Atarli,爱塔利,
system,Atgur,埃特古尔,
system,Athinard,埃提纳的,
system,Athounon,埃托伦,
system,Atier,埃提尔,
system,Ation,埃谢恩,
system,Atioth,艾蒂斯,
system,Atlangeins,亚特兰杰斯,
system,Atlanins,艾塔尼丝,
system,Atlar,埃塔拉尔,
system,Atlulle,阿特鲁勒,
system,Atonder,埃顿德尔,
system,Atoosh,奥图西,
system,Atreen,阿特冷,
system,Attyn,阿泰恩,
system,Aubenall,奥贝纳尔,
system,Auberulle,奥贝鲁勒,
system,Aubonnie,奥波涅,
system,Audaerne,奥德尔尼,
system,Audesder,奥德斯代尔,
system,Aufay,奥法瑞,
system,Auga,奥加,
system,Augnais,奥格奈斯,
system,Aulbres,奥布勒斯,
system,Aunenen,奥尼能,
system,Auner,奥尼尔,
system,Aunia,奥尼亚,
system,Aunsou,奥索,
system,Aurcel,奥瑞瑟尔,
system,Aurejet,奥勒杰特,
system,Auren,奥伦,
system,Aurohunen,奥罗胡恩,
system,Ausmaert,奥苏马特,
system,Austraka,奥斯塔卡,
system,Autama,奥塔马,
system,Autaris,奥塔里斯,
system,Auvergne,奥威尔金,
system,Auviken,奥围肯,
system,Avada,埃瓦达,
system,Avair,埃瓦尔,
system,Avaux,埃瓦奥克,
system,Avele,亚维尔,
system,Avenod,埃文诺德,
system,Averon,亚维伦,
system,Avesber,埃维斯贝尔,
system,Avyuh,奥维乌,
system,Axiosere,阿克西奥塞尔,
system,Aydoteaux,爱多陶克斯,
system,Ayeroilen,埃耶罗伊勒,
system,Aymaerne,爱马尔列,
system,Azedi,埃泽蒂,
system,Azer,埃泽尔,
system,Azerakish,埃泽拉克什,
system,Azhgabid,阿兹贾比,
system,Azizora,阿茨左拉,
system,Babirmoult,巴比尔莫特,
system,Badivefi,巴蒂维夫,
system,Bagodan,巴戈丹,
system,Bahromab,巴罗马布,
system,Bairshir,巴尔士尔,
system,Balanaz,巴拉那茨,
system,Balas,巴拉斯,
system,Balginia,宝吉尼亚,
system,Balle,巴勒,
system,Bamiette,巴米耶特,
system,Bania,巴尼亚,
system,Bantish,班提什,
system,Bapraya,巴普拉亚,
system,Bar,巴尔,
system,Baratar,巴拉塔尔,
system,Barira,巴日拉,
system,Barkrik,巴尔克里克,
system,Barleguet,巴尔勒归斯,
system,Barmalie,巴麦列,
system,Basan,巴姗,
system,Basgerin,巴斯基林,
system,Bashakru,巴沙克鲁,
system,Bashyam,巴什雅姆,
system,Baviasi,巴维亚希,
system,Bawilan,巴维兰,
system,Bayuka,巴宇卡,
system,Bazadod,把杂铎德,
system,Bei,贝伊,
system,Beke,贝柯,
system,Bekirdod,被吉尔多德,
system,Bereye,贝勒耶,
system,Bersyrim,贝尔希里姆,
system,Berta,贝尔塔,
system,Bherdasopt,博达斯伯特,
system,Bhizheba,必泽巴,
system,Bika,碧卡,
system,Bille,拜勒,
system,Bimener,拜盟尼尔,
system,Biphi,拜法,
system,Bittanshal,比丹莎尔,
system,Blameston,布拉梅斯顿,
system,Bogelek,伯格勒克,
system,Boillair,波伊莱尔,
system,Bomana,波玛纳,
system,Bongveber,邦戈维贝尔,
system,Boranai,博拉那伊,
system,Bordan,波尔丹,
system,Bosboger,波斯伯格,
system,Bosena,伯瑟娜,
system,Botane,波塔尼,
system,Bourar,博拉尔,
system,Bourynes,博因列斯,
system,Boystin,波伊斯汀,
system,Brapelille,布拉佩列,
system,Brarel,布拉热,
system,Brellystier,布瑞利斯迪尔,
system,Bridi,布里迪,
system,Brin,布林,
system,Brundakur,部洛达库尔,
system,Brybier,布莱比尔,
system,Buftiar,布夫提亚,
system,Bukah,波卡,
system,Bundindus,邦丁达斯,
system,Bushemal,布舍马尔,
system,Cabeki,卡贝基,
system,Cadelanne,卡德兰尼,
system,Cailanar,柴兰纳尔,
system,Camal,加莫尔,
system,Canard,坎纳尔德,
system,Caretyn,卡勒汀,
system,Carirgnottin,卡利庸汀,
system,Carrou,卡罗尔,
system,Caslemon,卡瑟蒙,
system,Cat,卡特,
system,Celerity,塞莱里蒂,
system,Central Point,中心点,
system,Chainelant,查因兰特,
system,Chaktaren,查克塔伦,
system,Chamemi,查尔梅米,
system,Chamja,查姆贾,
system,Chamume,查姆梅,
system,Chaneya,查尼亚,
system,Channace,加纳森,
system,Chanoun,查浓,
system,Chantrousse,查卓斯,
system,Chardalane,查尔达兰,
system,Charmerout,查莫罗特,
system,Charra,查尔拉,
system,Chaven,查文,
system,Chej,切基,
system,Chelien,彻列恩,
system,Chemilip,彻米里普,
system,Cherore,彻尔勒,
system,Chesiette,彻谢特,
system,Chesoh,切索,
system,Chibi,赤壁,
system,Chidah,赤达夫,
system,Chiga,赤伽,
system,Chitiamem,齐提雅蒙,
system,Chivalric,希瓦里克,
system,Choga,查欧加,
system,Choonka,切文卡,
system,Cistuvaert,茨图瓦尔特,
system,Clacille,克拉西勒,
system,Claini,克莱尼,
system,Clarelam,客拉瑞拉姆,
system,Claulenne,克劳勒尼,
system,Claysson,克莱辛,
system,Clellinon,克勒里农,
system,Cleyd,克雷德,
system,Clorteler,克洛特勒,
system,Col,科尔,
system,Colcer,考茨尔,
system,Colelie,克勒列,
system,Conoban,康诺班,
system,Conomette,卡诺梅特,
system,Costolle,靠斯托勒,
system,Couster,寇斯特,
system,Couth,库斯,
system,Covryn,卡维因,
system,Crielere,克莱勒瑞,
system,Croleur,克洛鲁尔,
system,Cumemare,卡梅玛尔,
system,Dabrid,大布里德,
system,Dakba,达卡巴,
system,Dal,达尔,
system,Dammalin,达马林,
system,Danera,达尼拉,
system,Dantan,丹塔恩,
system,Dantbeinn,坦特贝因,
system,Dantumi,丹图米,
system,Danyana,丹亚娜,
system,Daran,达然,
system,Daras,达拉斯,
system,Dastryns,达斯顿斯,
system,Datulen,达图伦,
system,Dead End,绝境,
system,Decon,德康,
system,Decorum,德科鲁姆,
system,Deepari,迪帕里,
system,Defsunun,德苏伦,
system,Dehrokh,德洛克,
system,Deltole,底托勒,
system,Deninard,德妮娜的,
system,Derririntel,德瑞林特,
system,Dettisolin,德蒂索林,
system,Deven,德温,
system,Diaderi,迪亚德里,
system,Dihra,蒂尔拉,
system,Dimoohan,代莫罕,
system,Direrie,戴瑞尔,
system,Diromitur,迪洛米图,
system,Dital,迪塔尔,
system,Djimame,基玛梅,
system,Dodenvale,多登瓦勒,
system,Dodixie,多迪谢,
system,Dom-Aphis,多姆-艾菲斯,
system,Dooz,多泽,
system,Doril,多尼尔,
system,Dour,朵儿,
system,Doussivitte,多苏维特,
system,Doza,多扎,
system,Dranga,德兰加,
system,Dresi,德勒斯,
system,Droselory,卓瑟罗瑞,
system,Du Annes,杜安尼斯,
system,Dudreda,杜德瑞达,
system,Dumkirinur,杜吉里努尔,
system,Dunraelare,顿瑞尔拉,
system,Duripant,杜利潘特,
system,Dyka-hau,戴-卡豪,
system,Dysa,戴萨,
system,Ealur,尤洱鲁尔,
system,Earled,艾尔勒的,
system,Earwik,伊尔维克,
system,Eba,埃巴,
system,Ebasez,埃巴瑟茨,
system,Ebasgerdur,爱巴格杜尔,
system,Ebidan,厄博丹,
system,Ebo,厄博,
system,Ebodold,埃博多德,
system,Ebolfer,伊波菲尔,
system,Ebtesham,埃贝特斯哈姆,
system,Edani,俄达尼,
system,Eddar,埃达尔,
system,Edilkam,厄迪坎姆,
system,Edmalbrurdus,伊德马博多斯,
system,Efa,埃尔法,
system,Efu,厄夫,
system,Egbinger,伊格贝格尔,
system,Egbonbet,伊戈伯特,
system,Egghelende,伊格赫伦德,
system,Eggheron,伊格横农,
system,Eglennaert,安吉纳尔特,
system,Egmar,艾格玛尔,
system,Egmur,伊格缪尔,
system,Eha,伊哈,
system,Ehnoum,恩诺姆,
system,Eifer,埃伊费尔,
system,Eiluvodi,伊鲁沃底,
system,Eitu,尤图,
system,Ejahi,伊加西,
system,Ekid,厄基德,
system,Ekuenbiron,俄库恩比伦,
system,Ekura,埃库拉,
system,Elanoda,厄兰诺达,
system,Elarel,厄尔瑞,
system,Eldjaerin,伊尔亚林,
system,Eldulf,伊尔多夫,
system,Eletta,伊勒达,
system,Elgoi,伊尔戈伊,
system,Ellmay,厄尔迈,
system,Elmed,厄尔梅德,
system,Elonaya,厄洛纳亚,
system,Elore,伊尔罗,
system,Elunala,伊伦娜拉,
system,Embod,恩伯德,
system,Emolgranlan,伊莫戈兰伦,
system,Emrayur,厄姆拉亚,
system,Emsar,厄姆萨,
system,Enal,恩纳,
system,Enaluri,伊娜鲁瑞,
system,Endatoh,恩达托,
system,Enden,艾恩顿,
system,Enderailen,埃德诺冷,
system,Endrulf,恩多拉夫,
system,Enedore,厄勒多尔,
system,Engosi,因戈斯,
system,Ennur,恩努尔,
system,Equity,埃奎蒂,
system,Eram,伊尔拉姆,
system,Eranakko,依然纳克,
system,Eredan,尤洱丹,
system,Erego,俄拉戈,
system,Erenta,以尔恩塔,
system,Erila,伊瑞纳,
system,Erindur,伊林杜尔,
system,Erkinen,厄尔基尼,
system,Erlendur,伊尔伦杜,
system,Erme,厄尔梅,
system,Erstet,伊尔塞特,
system,Erstur,伊斯图尔,
system,Ertoo,尤洱杜,
system,Erudite,埃鲁代特,
system,Eruka,伊卢卡,
system,Ervekam,伊维卡姆,
system,Erzoh,洱左,
system,Esa,俄萨,
system,Esaeel,俄萨尔,
system,Esescama,厄瑟斯坎马,
system,Esesier,伊瑟塞尔,
system,Eshtah,伊什塔,
system,Eshwil,厄什威尔,
system,Eskunen,尤斯库仑,
system,Esmes,伊斯密斯,
system,Espigoure,厄斯皮格尔,
system,Estaunitte,伊斯塔尼特,
system,Esteban,厄斯特班,
system,Estene,伊斯特内,
system,Esubara,尤苏巴拉,
system,Eszur,伊斯祖尔,
system,Etav,伊塔,
system,Ethernity,伊特尔尼迪,
system,Eugales,尤加勒斯,
system,Eurgrana,尤加拉那,
system,Eust,尤斯特,
system,Evati,伊瓦提,
system,Evaulon,伊万伦,
system,Evettullur,伊为图鲁尔,
system,Evuldgenzo,伊乌登左,
system,Exit,出口,
system,Eygfe,伊戈菲,
system,Eystur,尤斯塔,
system,Eytjangard,伊亚加德,
system,Ezzara,俄扎拉,
system,Fabin,法宾,
system,Fabum,发布恩,
system,Fageras,法格拉斯,
system,Fahruni,法胡尔,
system,Faktun,法克顿,
system,Fanathor,法纳托尔,
system,Farit,法里忒,
system,Faspera,法斯佩拉,
system,Fasse,法谢尔,
system,Faswiba,法苏巴,
system,Faurent,法尔伦特,
system,Faurulle,法鲁里,
system,Fegomenko,菲格蒙克,
system,Fensi,芬斯,
system,Fera,法瑞亚,
system,Ferira,费尔利拉,
system,Feshur,费舒尔,
system,Fihrneh,费尔勒,
system,Fildar,费尔达尔,
system,Finanar,芬纳尔,
system,Finid,芬尼迪,
system,Firbha,费尔巴,
system,Fliet,弗列特,
system,Floseswin,弗洛瑟文,
system,Flost,弗洛斯特,
system,Fluekele,弗琉克勒,
system,Fobiner,费比尼尔,
system,Fora,弗纳,
system,Forte,福特,
system,Fortitude,福蒂图德,
system,Foves,法维斯,
system,Fovihi,夫维希,
system,Frarie,弗拉烈,
system,Frarn,法若恩,
system,Frarolle,弗拉洛勒,
system,Freatlidur,弗瑞特利杜,
system,Fredagod,弗雷达加德,
system,Frerstorn,福尔塞多姆,
system,Fricoure,菲尔克勒,
system,Friggi,弗瑞吉,
system,Frulegur,弗鲁勒古,
system,Funtanainen,法塔尼冷,
system,Furskeshin,福尔斯可辛,
system,Fuskunen,夫斯库仑,
system,Futzchag,弗茨查格,
system,Gademam,加德曼,
system,Gaha,伽哈,
system,Gaknem,伽克勒姆,
system,Galeh,伽勒,
system,Gallant,加兰特,
system,Gallareue,加拉瑞尔,
system,Gallusiene,加鲁希恩,
system,Galnafsad,嘎纳夫撒德,
system,Gamdis,贾姆迪斯,
system,Gamis,加密斯,
system,Gammel,加姆梅尔,
system,Gare,加勒,
system,Garisas,咖利萨斯,
system,Gasavak,加萨瓦基,
system,Gateway,通路,
system,Gayar,嘎亚尔,
system,Gebuladi,加柏拉蒂,
system,Gedugaud,吉杜加德,
system,Geffur,格夫尔,
system,Gehi,盖溪,
system,Gekutami,格昆塔米,
system,Gelfiven,杰斐文,
system,Gelhan,格汉,
system,Gemodi,格莫迪,
system,Gens,基恩斯,
system,Gensela,基恩瑟拉,
system,Geras,基尔拉斯,
system,Gerbold,吉尔伯德,
system,Gerek,吉尔勒克,
system,Gererique,吉尔瑞克,
system,Gergish,格尔基什,
system,Gerper,基尔佩尔,
system,Gesh,戈西,
system,Getrenjesa,戈顿杰萨,
system,Geztic,各茨提克,
system,Ghekon,戈孔,
system,Ghesis,戈西斯,
system,Gheth,戈忒,
system,Ghishul,吉舒尔,
system,Gicodel,基科德,
system,Gid,基达,
system,Gidali,吉达利,
system,Girani-Fa,吉尼-法,
system,Gisleres,基斯尔勒斯,
system,Goinard,戈伊纳德,
system,Gomati,格马提,
system,Gonan,果南,
system,Gonditsa,贡蒂萨,
system,Gonheim,戈西姆,
system,Goni,格尼,
system,Goram,戈拉姆,
system,Gosalav,戈萨拉夫,
system,Goudiyah,各乌迪亚,
system,Gousoviba,古索维巴,
system,Gratesier,格瑞特西尔,
system,Grinacanne,格里安卡尼,
system,Grispire,吉斯拜尔,
system,Groothese,格鲁提西斯,
system,Gukarla,古卡尔拉,
system,Gulfonodi,古夫诺蒂,
system,Gulmorogod,古摩洛歌德,
system,Gultratren,瓜塔特伦,
system,Gusandall,古萨恩杜,
system,Gyerzen,基尔泽恩,
system,Gyng,吉格,
system,Haajinen,哈尔基能,
system,Haatomo,哈托莫,
system,Habu,哈布,
system,Hadaugago,哈德加戈,
system,Hadji,哈德吉,
system,Hadonoo,哈多诺,
system,Hadozeko,哈多泽克,
system,Hageken,哈格科恩,
system,Hagilur,哈吉鲁尔,
system,Hahda,哈达,
system,Hahyil,哈希尔,
system,Hai,哈伊,
system,Haimeh,海玫,
system,Haine,海勒,
system,Hakana,哈卡纳,
system,Hakatiz,哈卡提茨,
system,Hakeri,哈克尔利,
system,Hakisalki,哈吉萨基,
system,Hakodan,哈克坦,
system,Hakonen,哈克农,
system,Hakshma,哈克什马,
system,Halaima,哈莱玛,
system,Halenan,赫勒南,
system,Half,哈夫,
system,Halibai,哈利拜,
system,Hallanen,哈尔那能,
system,Halle,哈尔勒,
system,Halmah,哈马,
system,Ham,哈姆,
system,Hama,哈玛,
system,Hampinen,哈比伦,
system,Hamse,哈姆瑟,
system,Hanan,哈南,
system,Hangond,汉格昂特,
system,Hapala,哈巴拉,
system,Haras,哈拉斯,
system,Hardbako,哈德巴克,
system,Hare,哈勒,
system,Harerget,哈瑞格特,
system,Harner,哈尔列尔,
system,Harroule,哈洛勒,
system,Harva,哈洱瓦,
system,Hasama,哈萨马,
system,Hasateem,哈萨蒂姆,
system,Hasiari,哈斯那利,
system,Hasmijaala,哈斯米贾拉,
system,Hatakani,哈塔卡尼,
system,Hath,哈特,
system,Hati,哈提,
system,Hatori,哈托里,
system,Hayumtom,哈扬托姆,
system,Hebisa,赫比撒,
system,Hecarrin,赫查理林,
system,Hedaleolfarber,赫达列法,
system,Hedgiviter,赫德基维特,
system,Hedion,赫迪农,
system,Hedoubel,赫多贝尔,
system,Hegfunden,赫古芬登,
system,Heild,海蒂,
system,Hek,赫克,
system,Helgatild,赫加特德,
system,Heluene,希伦尼,
system,Hemin,赫明,
system,Hemouner,西莫尼尔,
system,Henebene,哈勒贝尼,
system,Hentogaira,恒托加拉,
system,Heorah,希拉,
system,Herila,赫利拉,
system,Hesarid,赫萨里德,
system,Hevrice,西维斯,
system,Heydieles,希迭勒斯,
system,Hezere,赫泽勒,
system,Hibi,西比,
system,Hier,希尔,
system,Hikansog,西卡恩索,
system,Hikkoken,希克肯,
system,Hilaban,希拉班,
system,Hilfhurmur,希尔伐姆,
system,Hilmar,西玛尔,
system,Hiramu,西拉姆,
system,Hiremir,希米尔,
system,Hirizan,希礼赞,
system,Hiroudeh,希罗德,
system,Hirri,荷利,
system,Hirtamon,希尔塔蒙,
system,Hishai,细莎伊,
system,Hisoufad,西索法德,
system,Hitanishio,西坦尼西欧,
system,Hizhara,西扎拉,
system,Hjoramold,加拉摩德,
system,Hjortur,乔托尔,
system,Hodrold,霍多德,
system,Hofjaldgund,赫加格德,
system,Hofs,霍夫斯,
system,Hogimo,霍基莫,
system,Hoona,胡纳,
system,Hophib,霍夫比,
system,Horaka,赫拉卡,
system,Horir,霍利尔,
system,Horkkisen,霍尔吉森,
system,Hoseen,霍希恩,
system,Hoshoun,霍朔恩,
system,Hostakoh,霍斯塔阔,
system,Hostni,霍斯特尼,
system,Hotak,霍塔克,
system,Hothomouh,霍特毛乌,
system,Hotrardik,霍塔迪克,
system,Hrober,希尔伯,
system,Hroduko,霍杜科,
system,Hrokkur,希尔库乌,
system,Hrondedir,农德迪尔,
system,Hrondmund,农德马蒂,
system,Hror,霍尔,
system,Hulm,休姆,
system,Hulmate,胡尔马特,
system,Huna,湖那,
system,Huola,霍拉,
system,Hurjafren,胡尔加芬,
system,Hurtoken,胡尔托肯,
system,Hutian,胡天,
system,Huttaken,胡塔肯,
system,Hykanima,西卡尼亚,
system,Hykkota,西卡塔,
system,Hysera,希瑟拉,
system,Iaokit,艾奥基特,
system,Ibani,伊巴尼,
system,Ibaria,伊巴利亚,
system,Ibash,伊巴什,
system,Ibura,依布拉,
system,Ichinumi,伊鲁米,
system,Ichorah,伊科拉,
system,Ichoriya,伊切尼亚,
system,Iderion,伊德里庸,
system,Ides,埃德斯,
system,Ienakkamon,伊那卡蒙,
system,Iesa,伊俄萨,
system,Iffrue,伊弗尤尔,
system,Iges,埃格斯,
system,Ignebaener,伊杰巴尼尔,
system,Ignoitton,伊格诺伊顿,
system,Ihakana,以哈坎拿,
system,Ihal,伊哈尔,
system,Iidoken,利多肯,
system,Iitanmadan,里坦马丹,
system,Iivinen,利维能,
system,Ikami,伊卡密,
system,Ikao,伊考,
system,Ikoskio,伊克斯加,
system,Ikuchi,伊库奇,
system,Ilahed,伊拉赫德,
system,Ilas,伊拉瑟,
system,Illamur,伊拉缪尔,
system,Illi,伊利,
system,Illinfrik,伊林福理克,
system,Illuin,伊琉因,
system,Ilonarav,伊洛娜拉夫,
system,Iluin,伊留恩,
system,Imata,伊马塔,
system,Imeshasa,伊梅沙撒,
system,Imih,伊米尔,
system,Immuri,伊姆利,
system,Imya,伊玛雅,
system,Inari,伊纳惹,
system,Inaro,伊纳洛,
system,Inaya,因纳亚,
system,Inder,因德尔,
system,Indregulle,印卓古勒,
system,Inghenges,印恒基斯,
system,Ingunn,因加恩,
system,Inis-Ilix,埃斯-伊利斯,
system,Innia,因尼亚,
system,Inoue,伊诺尤,
system,Intaki,印塔基,
system,Iosantin,艾萨恩汀,
system,Ipref,伊佩佛,
system,Iralaja,依拉勒贾,
system,Irgrus,伊尔贵斯,
system,Irjunen,伊尔君勒,
system,Irmalin,依尔玛琳,
system,Irnal,伊那尔,
system,Irnin,伊明,
system,Iro,伊洛,
system,Irshah,伊列莎,
system,Isamm,伊萨姆恩,
system,Isanamo,伊萨纳莫,
system,Isaziwa,伊萨茨瓦,
system,Isbrabata,伊斯巴巴塔,
system,Isenairos,伊森纳洛斯,
system,Isenan,伊瑟南,
system,Isendeldik,伊森杜迪克,
system,Ishisomo,伊什索蒙,
system,Ishkad,伊始卡德,
system,Ishomilken,伊索米肯,
system,Isid,伊斯德,
system,Isie,伊斯厄,
system,Isikano,伊斯卡诺,
system,Isikemi,伊斯科米,
system,Isikesu,伊斯克索,
system,Isinokka,伊辛罗加,
system,Isseras,伊瑟拉斯,
system,Istodard,伊斯塔德,
system,Isutaka,伊斯塔卡,
system,Iswa,伊斯瓦,
system,Itamo,伊塔莫,
system,Ithar,伊塔尔,
system,Itrin,伊特林,
system,Itsyamil,伊茨亚米,
system,Ivar,伊瓦尔,
system,Ivih,伊维赫,
system,Ivorider,伊沃莱德尔,
system,Iwisoda,伊维苏达,
system,Iyen-Oursta,伊恩-奥斯塔,
system,Jachanu,贾查努,
system,Jakanerva,贾卡纳尔维,
system,Jakri,贾吉利,
system,Jambu,贾姆布,
system,Jamunda,加蒙达,
system,Jan,简,
system,Jangar,加恩加尔,
system,Janus,加纳斯,
system,Jarizza,贾日扎,
system,Jark,加尔克,
system,Jarkkolen,加尔克楞,
system,Jarshitsan,贾什赞,
system,Jarzalad,加尔扎拉德,
system,Jaschercis,加舒尔茨,
system,Jasson,贾森,
system,Jaswelu,贾苏鲁,
system,Jatate,贾塔特,
system,Javrendei,加仑德,
system,Jaymass,亚玛斯,
system,Jayneleb,杰尼勒布,
system,Jedandan,杰丹达恩,
system,Jel,杰尔,
system,Jeni,杰尼,
system,Jennim,简尼姆,
system,Jeras,杰拉斯,
system,Jerhesh,杰尔赫什,
system,Jerma,杰尔马,
system,Jeshideh,杰士德,
system,Jesoyeh,耶索耶,
system,Jinizu,基尼祖,
system,Jinkah,金喀,
system,Jita,吉他,
system,Joamma,乔亚马,
system,Jofan,乔法恩,
system,Jolevier,乔勒韦尔,
system,Jolia,乔利亚,
system,Jondik,乔迪克,
system,Joppaya,乔巴亚,
system,Joramok,尤拉默克,
system,Jorund,乔伦德,
system,Jorus,尤瑞斯,
system,Josameto,乔萨密陀,
system,Josekorn,乔瑟克恩,
system,Jotenen,乔特能,
system,Jouvulen,乔文勒恩,
system,Jovainnon,乔万农,
system,Juddi,朱迪,
system,Judra,朱德拉,
system,Jufvitte,吉夫维特,
system,Junsen,君森,
system,Junsoraert,郡索尔特,
system,Jurlesel,爵尔勒瑟,
system,Juunigaishi,郡尼加什,
system,Kaaputenen,卡普特伦,
system,Kadlina,卡德里纳,
system,Kador Prime,卡多尔首星,
system,Kahah,卡尔哈,
system,Kaimon,凯蒙,
system,Kaira,凯拉,
system,Kakakela,卡卡克拉,
system,Kakki,卡基,
system,Kamda,卡姆达,
system,Kamela,卡美拉,
system,Kamih,卡米荷,
system,Kamio,卡密欧,
system,Kamokor,卡莫科尔,
system,Kanta,坎塔,
system,Kappas,卡帕斯,
system,Karan,卡兰,
system,Kari,卡利,
system,Karjataimon,卡尔加塔伊蒙,
system,Kasi,卡茨,
system,Kasrasi,卡斯拉斯,
system,Kassigainen,卡斯简恩,
system,Kattegaud,卡特加德,
system,Katugumur,卡图古姆,
system,Kaunokka,库瓦诺加,
system,Kausaaja,考萨贾,
system,Kazna,卡兹纳,
system,Keba,克巴,
system,Keberz,克博兹,
system,Kedama,柯达玛,
system,Kehjari,克加里,
system,Kehour,克霍尔,
system,Kehrara,克拉拉,
system,Keikaken,科伊卡肯,
system,Kemerk,科梅尔克,
system,Kenahehab,克纳赫哈布,
system,Kenninck,克宁科,
system,Kenobanala,科诺巴纳拉,
system,Keproh,科坡罗,
system,Kerepa,克勒伯,
system,Keri,克里,
system,Kerying,克里因,
system,Keseya,克瑟亚,
system,Keshirou,克什罗,
system,Khabara,卡巴拉,
system,Khabi,卡比,
system,Khafis,卡菲斯,
system,Khanid Prime,卡尼迪首星,
system,Khankenirdia,坎克尼迪亚,
system,Kheram,客拉姆,
system,Khnar,卡纳尔,
system,Khopa,科帕,
system,Kiainti,吉安提,
system,Kibursha,基布尔沙,
system,Kiereend,加冷德,
system,Kihtaled,基塔里德,
system,Kinakka,吉纳卡,
system,Kino,吉诺,
system,Kirras,基腊斯,
system,Kiskoken,吉斯克肯,
system,Kisogo,基索加,
system,Kita-Aino,基塔-艾诺,
system,Kizama,基扎马,
system,Klaevik,克拉维科,
system,Klingt,克林格特,
system,Klir,克里尔,
system,Klogori,克洛格力,
system,Knophtikoo,诺夫提科,
system,Kobam,克班姆,
system,Komaa,科马尔,
system,Komo,克莫,
system,Konola,卡诺拉,
system,Konora,克挪腊,
system,Koona,库纳,
system,Kooreng,酷热恩,
system,Kor-Azor Prime,柯埃佐首星,
system,Korama,坷拉玛,
system,Korasen,科拉森,
system,Korridi,克里蒂,
system,Korsiki,库尔斯基,
system,Kothe,科特,
system,Kourmonen,阔尔蒙尼,
system,Krilmokenur,基里莫科努尔,
system,Krirald,克里拉德,
system,Kronsur,库罗素尔,
system,Kubinen,库比伦,
system,Kudi,库迪,
system,Kuharah,库哈拉赫,
system,Kuhri,库里,
system,Kulelen,库勒仑,
system,Kulu,库鲁,
system,Kuoka,库欧卡,
system,Kuomi,库欧米,
system,Kurmaru,库尔玛鲁,
system,Kurniainen,库尔尼埃能,
system,Kusomonmon,库索蒙莫,
system,Kylmabe,基尔玛贝,
system,Laah,腊阿,
system,Labapi,拉巴比,
system,Lachailes,拉彻列斯,
system,Laddiaha,拉迪亚哈,
system,Ladistier,拉底赛迪尔,
system,Lahnina,拉妮拉,
system,Laic,莱茨,
system,Lamaa,拉马亚,
system,Lamadent,拉马登,
system,Lang,朗,
system,Lanngisi,朗基斯,
system,Lansez,兰瑟茨,
system,Lantorn,兰多恩,
system,Lari,赖瑞,
system,Larkugei,拉尔库戈伊,
system,Larryn,莱瑞因,
system,Lashesih,拉什希亚,
system,Lashkai,拉什凯,
system,Lasleinur,拉斯勒努尔,
system,Latari,拉达里,
system,Laurvier,劳韦尔,
system,Lazara,拉扎纳,
system,Lazer,拉泽尔,
system,Lela,勒拿,
system,Lenity,莱尼蒂,
system,Leran,勒然,
system,Leremblompes,里瑞布洛佩斯,
system,Lermireve,里尔米勒维,
system,Leurtmar,略特玛,
system,Leva,勒瓦,
system,Libold,利伯德,
system,Liekuri,列库里,
system,Ligare,利加雷,
system,Lilmad,里尔玛的,
system,Liparer,利帕尔,
system,Lirerim,里尔利姆,
system,Lirsautton,勒萨乌敦,
system,Lisbaetanne,里斯巴塔尼,
system,Lisudeh,里苏德尔,
system,Litiura,利提乌拉,
system,Litom,利顿,
system,Liukikka,琉基卡,
system,Loes,罗耶斯,
system,Loguttur,洛古图尔,
system,Lor,罗尔,
system,Lossa,罗西亚,
system,Lour,罗乌尔,
system,Lower Debyl,下德比,
system,Lulm,鲁尔姆,
system,Lumegen,鲁美根,
system,Luminaire,泛光之源,
system,Luromooh,努罗莫,
system,Luse,鲁瑟,
system,Lustre,拉斯特,
system,Lustrevik,劳斯特威克,
system,Maalna,玛尔纳,
system,Mabnen,玛布冷,
system,Madimal,马蒂玛尔,
system,Madirmilire,马蒂米里若,
system,Madomi,马多米,
system,Mafra,马弗拉,
system,Magiko,玛吉库,
system,Mahnagh,曼那格,
system,Mahrokht,马霍克特,
system,Mahti,马哈蒂,
system,Mahtista,玛提斯塔,
system,Mai,玛依,
system,Maiah,迈尔阿,
system,Maila,马伊拉,
system,Maire,麦勒,
system,Majamar,玛加玛尔,
system,Makhwasan,马科瓦萨,
system,Malkalen,莫卡冷,
system,Malma,玛尔玛,
system,Malpara,马尔帕拉,
system,Malukker,马鲁克克,
system,Mamenkhanar,马蒙卡纳尔,
system,Mamet,玛美特,
system,Manarq,马纳克,
system,Manatirid,马拉迪里德,
system,Mandoo,曼铎,
system,Mani,马尼,
system,Manifest,曼尼菲斯特,
system,Manjonakko,曼贾纳克,
system,Mannar,马纳尔,
system,Mantenault,曼特劳提,
system,Mara,马拉,
system,Marmeha,玛么哈,
system,Marosier,马洛希尔,
system,Martha,马耳他,
system,Marthia,马尔提雅,
system,Martoh,马尔托,
system,Masalle,马萨勒,
system,Masanuh,马萨努,
system,Maseera,马瑟拉,
system,Mashtarmem,玛什塔蒙,
system,Maso,马索,
system,Maspah,玛斯帕,
system,Mastakomon,马斯塔克蒙,
system,Mateber,马特贝尔,
system,Mattere,玛提瑞,
system,Maturat,马图拉特,
system,Matyas,马特亚斯,
system,Maurasi,玛乌纳斯,
system,Maut,毛特,
system,Mazitah,玛兹塔,
system,Mazor,马佐尔,
system,Mehatoor,莫哈托尔,
system,Meildolf,梅尔多夫,
system,Meimungen,梅蒙根,
system,Meirakulf,梅拉库夫,
system,Melmaniel,梅马尼尔,
system,Menai,梅耐,
system,Mendori,蒙多利,
system,Menri,门利,
system,Mercomesier,梅尔克密西尔,
system,Merolles,梅尔罗勒斯,
system,Merz,梅尔茨,
system,Mesokel,美索克尔,
system,Messoya,米瑟约亚,
system,Mesybier,美希比尔,
system,Metserel,梅茨瑞,
system,Mettle,梅特尔,
system,Meunvon,缪封,
system,Meves,梅温斯,
system,Miah,米娅,
system,Miakie,米亚基,
system,Mies,米尔斯,
system,Mifrata,米弗拉塔,
system,Mikhir,米克希尔,
system,Milal,密拉尔,
system,Mili,米里,
system,Milu,米鲁,
system,Mimen,米蒙,
system,Mimime,米迷梅,
system,Mimiror,米米洛,
system,Minin,米宁,
system,Mirilene,米尔伦,
system,Miroitem,米洛伊特姆,
system,Miroona,米罗纳,
system,Misaba,米萨巴,
system,Misha,米厦,
system,Mishi,米什,
system,Misneden,密斯列登,
system,Mista,密斯塔,
system,Mitsolen,密茨伦,
system,Miyeli,米耶利,
system,Moclinamaud,莫克琳纳摩德,
system,Mod,莫德,
system,Modun,默顿,
system,Moh,摩亚,
system,Mohas,莫哈瑟,
system,Molea,莫利亚,
system,Mollin,默林,
system,Mondaekus,蒙达库斯,
system,Moniyyuku,蒙尼尤库,
system,Mora,魔纳,
system,Mormelot,毛尔梅罗特,
system,Mormoen,莫尔蒙,
system,Moro,摩洛,
system,Moselgi,摩赛吉,
system,Mosson,漠森,
system,Motsu,莫茨,
system,Moussou,毛索,
system,Moutid,莫提德,
system,Mozzidit,莫茨蒂特,
system,Muer,姆尔,
system,Muetralle,缪塔勒尔,
system,Munory,蒙诺瑞,
system,Murema,穆勒马,
system,Murethand,缪勒坦,
system,Murini,穆利尼,
system,Murzi,穆尔茨,
system,Mushikegi,姆什克基,
system,Muttokon,马顿克恩,
system,Muvolailen,姆沃莱伦,
system,Mya,麦亚,
system,Myyhera,麦伊赫拉,
system,Nadohman,那朵曼,
system,Naeel,娜伊尔,
system,Nafomeh,纳夫梅,
system,Nafrivik,纳夫李维克,
system,Naga,纳伽,
system,Nagamanen,那加玛嫩,
system,Naguton,纳古顿,
system,Nahol,纳霍尔,
system,Nahrneder,纳赫米德尔,
system,Nahyeen,纳伊恩,
system,Naka,拿卡,
system,Nakah,纳卡赫,
system,Nakatre,纳克特勒,
system,Nakis,那吉斯,
system,Nakregde,纳奎格德,
system,Nakri,那奎利,
system,Nakugard,纳库加德,
system,Nalnifan,纳尼范,
system,Nalu,哪鲁,
system,Nalvula,纳瓦拉,
system,Namaili,娜玛丽,
system,Nandeza,南德扎,
system,Nani,拿尼,
system,Nannaras,纳恩纳拉斯,
system,Narai,纳莱,
system,Nardiarang,纳尔迪亚然,
system,Nare,纳勒,
system,Nasesharafa,纳瑟沙拉法,
system,Nasreri,纳斯勒里,
system,Nausschie,劳舒耶,
system,Nazhgete,纳泽格特,
system,Nebian,勒比亚,
system,Neburab,勒布拉比,
system,Ned,讷德,
system,Neda,勒达,
system,Nedegulf,内德古夫,
system,Neesher,尼什尔,
system,Nehkiah,讷赫吉亚,
system,Nein,尼恩,
system,Nema,呐玛,
system,Nennamaila,涅娜麦拉,
system,Nererut,尼勒鲁特,
system,Netsalakka,勒萨拉卡,
system,New Caldari,新加达里,
system,New Eden,新伊甸,
system,Ney,勒伊,
system,Neyi,尼伊,
system,Neziel,勒茨尔,
system,Niarja,米亚尔加,
system,Nibainkier,尼拜恩界,
system,Niballe,黎巴勒,
system,Nidebora,尼德博拉,
system,Nidupad,尼杜帕德,
system,Nielez,捏勒索,
system,Nieril,列日珥,
system,Nifflung,妮弗伦,
system,Nifshed,尼夫沙德,
system,Nikh,尼克,
system,Nikkishina,尼基什那,
system,Nimambal,尼曼巴尔,
system,Nirbhi,尼尔比,
system,Nishah,尼沙尔,
system,Nisuwa,尼苏瓦,
system,Niyabainen,尼亚拜伦,
system,Noghere,诺格希尔,
system,Noli,诺里,
system,Nomaa,诺玛尔,
system,Nomash,诺玛什,
system,Nonni,诺恩尼,
system,Noranim,洛南尼姆,
system,Nordar,诺尔达,
system,Nosodnis,诺索德尼斯,
system,Notoras,诺托拉斯,
system,Nourbal,诺尔巴,
system,Nourvukaiken,努尔瓦凯肯,
system,Nouta,诺塔,
system,Nuken,鲁肯,
system,Nuzair,努扎义尔,
system,Obalyu,欧宝耶,
system,Obanen,奥班伦,
system,Obe,欧贝,
system,Oberen,欧贝伦,
system,Obrolber,欧布洛贝尔,
system,Octanneve,奥克坦尼维,
system,Odamia,奥达米亚,
system,Odatrik,奥达特里克,
system,Oddelulf,欧德鲁法,
system,Odebeinn,欧德贝因,
system,Odette,奥德特,
system,Odin,欧丁,
system,Odinesyn,欧丁森,
system,Odixie,奥迪科希尔,
system,Odlib,欧迪博,
system,Odotte,欧多迪特,
system,Oerse,欧尔瑟,
system,Ofage,欧法戈,
system,Offikatlin,欧菲卡塔林,
system,Offugen,奥弗根,
system,Ofstold,欧法斯托德,
system,Ogaria,奥贾瑞亚,
system,Ogoten,欧格特恩,
system,Oguser,欧古瑟尔,
system,Ohbochi,欧泊切,
system,Ohide,欧西德,
system,Ohkunen,欧库仑,
system,Ohmahailen,奥马海仑,
system,Ohvosamon,欧沃萨蒙,
system,Oichiya,欧伊茨亚,
system,Oicx,奥伊瑟克斯,
system,Oijamon,欧贾蒙,
system,Oijanen,欧加仑,
system,Oimmo,欧伊莫,
system,Oinasiken,欧纳斯肯,
system,Oiniken,欧伊尼肯,
system,Oipo,欧伊博,
system,Oirtlair,欧伊特莱尔,
system,Oishami,欧伊沙米,
system,Oisio,欧希约,
system,Okagaiken,欧卡伽肯,
system,Okkamon,奥卡蒙,
system,Olbra,奥布拉,
system,Old Man Star,老人星,
system,Olelon,欧勒伦,
system,Olettiers,奥勒迪尔斯,
system,Olfeim,欧菲姆,
system,Olide,欧里德,
system,Olin,欧林,
system,Olo,欧罗,
system,Omam,欧漫,
system,Omigiav,欧米加,
system,Ommaerrer,欧玛依惹,
system,Ommare,欧玛尔,
system,Onanam,欧纳南姆,
system,Onatoh,欧纳托,
system,Onazel,欧纳泽尔,
system,Ondree,昂卓耶,
system,Onga,昂加,
system,Ongund,奥古恩德,
system,Onnamon,欧拿蒙,
system,Onne,欧尼,
system,Ono,欧诺,
system,Onsooh,昂苏,
system,Ontorn,昂托恩,
system,Onuse,温努斯,
system,Oppold,欧泊德,
system,Oraekja,欧拉厄贾,
system,Ordat,欧尔达特,
system,Ordion,欧尔迪恩,
system,Ordize,厄尔戴斯,
system,Orduin,欧尔杜因,
system,Oremmulf,欧勒姆福,
system,Orfrold,欧尔弗德,
system,Orgron,奥尔古伦,
system,Orien,欧瑞恩,
system,Orkashu,欧卡舒,
system,Oruse,奥瑞瑟,
system,Orva,欧尔瓦,
system,Orvolle,俄沃勒,
system,Osaa,奥斯阿,
system,Osaumuni,奥萨姆尼,
system,Oshaima,奥沙伊马,
system,Osis,奥塞斯,
system,Osmallanais,奥斯玛兰奈斯,
system,Osmeden,奥斯梅登,
system,Osmomonne,奥斯蒙莫尼,
system,Osmon,欧斯蒙,
system,Osoggur,奥索古尔,
system,Ossa,奥萨,
system,Ostingele,奥斯汀格勒,
system,Osvestmunnur,奥斯威斯特诺,
system,Osvetur,欧斯维图,
system,Otakod,欧塔科德,
system,Otalieto,奥塔列托,
system,Otanuomi,欧塔诺米,
system,Otela,乌特拉,
system,Otelen,欧特能,
system,Otitoh,欧提托,
system,Oto,欧图,
system,Otomainen,欧塔迈伦,
system,Otosela,奥塔希拉,
system,Otou,欧托乌,
system,Otraren,奥特拉伦,
system,Otsasai,欧塔萨塞,
system,Otsela,欧特色拉,
system,Ouelletta,欧乐达,
system,Oulley,奥列,
system,Ouranienen,欧拉涅内,
system,Ourapheh,奥拉菲特,
system,Oursulaert,奥苏拉尔特,
system,Outuni,欧图尼,
system,Oyeman,欧耶曼,
system,Oyonata,欧约纳塔,
system,Paala,帕拉,
system,Paara,帕尔拉,
system,Pahineh,帕西呐,
system,Pain,佩恩,
system,Pakhshi,帕克什,
system,Pakkonen,帕卡能,
system,Palas,帕拉斯,
system,Palmon,帕尔蒙,
system,Palpis,帕皮斯,
system,Pamah,波玛,
system,Pamirasu,帕米拉苏,
system,Pananan,帕纳南,
system,Parchanier,帕查尼尔,
system,Parouz,帕若茨,
system,Parses,帕尔瑟斯,
system,Partod,帕尔托德,
system,Parts,帕特斯,
system,Pasha,伯萨,
system,Pashanai,帕厦纳伊,
system,Passari,帕萨利,
system,Pator,帕多尔,
system,Patzcha,帕茨查,
system,Pavanakka,帕瓦纳卡,
system,Paye,培耶,
system,Pedel,培德尔,
system,Pelille,佩里勒,
system,Pelkia,佩吉亚,
system,Pemene,佩门勒,
system,Pemsah,佩姆萨,
system,Penirgman,佩尼尔格曼,
system,Pera,佩腊,
system,Perbhe,佩布赫,
system,Perckhevin,佩尔克希文,
system,Perdan,皮尔丹,
system,Perimeter,皮尔米特,
system,Pertnineere,皮特涅尔,
system,Petidu,佩蒂杜,
system,Pettinck,佩汀克,
system,Peyiri,佩伊利,
system,Phoren,费伦,
system,Piak,皮亚卡,
system,Piekura,皮埃库拉,
system,Pimebeka,皮梅北卡,
system,Pimsu,普姆索,
system,Piri,皮惹,
system,Pirna,坡纳,
system,Pirohdim,皮洛西丁,
system,Pochelympe,波彻林佩,
system,Podion,波迪恩,
system,Poinen,波耶伦,
system,Poitot,波伊托特,
system,Polaris,北极星,
system,Polfaly,包法利,
system,Polstodur,波斯杜尔,
system,Porsharrah,波尔莎拉,
system,Postouvin,波斯托温,
system,Pout,博特,
system,Pozirblant,伯茨布兰特,
system,Prism,普利斯姆,
system,Promised Land,承诺之地,
system,Psasa,帕萨沙,
system,Pserz,瑟茨,
system,Pucherie,普彻瑞尔,
system,Pulin,普林,
system,Purjola,普尔乔拉,
system,Pynekastoh,派尼佳斯托,
system,Quier,库伊尔,
system,Raa,若尔,
system,Radima,瑞蒂玛,
system,Raeghoscon,瑞果斯昆,
system,Rafeme,拉菲姆,
system,Ragnarg,拉哥那格,
system,Rahabeda,拉哈贝达,
system,Rahadalon,拉哈达隆,
system,Raihbaka,莱贝卡,
system,Rairomon,劳洛蒙,
system,Rakapas,拉卡帕斯,
system,Rammi,拉姆米,
system,Rancer,兰瑟,
system,Rand,兰德,
system,Raneilles,拉涅列斯,
system,Ranni,阮妮,
system,Rannoze,兰诺泽,
system,Raravath,拉纳瓦斯,
system,Raravoss,拉拉沃斯,
system,Raren,拉仁,
system,Rashagh,拉沙葛,
system,Rashy,拉谢尔,
system,Rasile,拉希勒,
system,Ratillose,拉提罗瑟,
system,Ratiocinate,拉提奥辛内特,
system,Rauntaka,拉温塔克,
system,Raussinen,罗夏勒恩,
system,Ravarin,拉瓦林,
system,Rayeret,莱耶勒特,
system,Rayl,莱尔,
system,Reblier,瑞比里尔,
system,Reisen,莱伊森,
system,Reitsato,雷苏多,
system,Remoriu,勒莫瑞,
system,Renarelle,瑞纳惹勒,
system,Rens,伦斯,
system,Renyn,伦因,
system,Rephirib,勒非利布,
system,Repute,雷普特,
system,Resbroko,勒斯布洛克,
system,Reschard,瑞舒尔德,
system,Reset,重置,
system,Reteka,勒特卡,
system,Rethan,乐丹,
system,Reyi,勒里,
system,Reynire,瑞尼尔,
system,Riavayed,瑞瓦耶德,
system,Ridoner,瑞多尼尔,
system,Rigor,里戈,
system,Rilera,利勒拉,
system,Rimbah,利姆巴,
system,Riramia,瑞拉米娅,
system,Rohamaa,罗哈马,
system,Rokofur,洛克菲尔,
system,Roleinn,洛雷恩,
system,Romi,罗密,
system,Roniko,罗尼考,
system,Ronne,罗尼,
system,Rorsins,罗辛斯,
system,Rotonos,罗托诺斯,
system,Roua,若阿,
system,Roushzar,罗什扎尔,
system,Ruchy,鲁赤,
system,Ruerrotta,瑞罗塔,
system,Rumida,鲁米达,
system,Ruvas,路瓦斯,
system,Ryddinjorn,莱丁乔尔,
system,Saana,仙娜,
system,Saatuban,萨尔图班,
system,Sabusi,撒布斯,
system,Sacalan,萨贾兰,
system,Sadana,萨达纳,
system,Sadye,撒德耶,
system,Safilbab,莎费尔堡,
system,Safizon,萨费安,
system,Safshela,萨夫舍拉,
system,Sagacity,萨加西蒂,
system,Sagain,萨伽因,
system,Sahda,萨哈达,
system,Sahdil,萨蒂尔,
system,Saheri,萨赫利,
system,Sahtogas,萨托加斯,
system,Saidusairos,塞杜萨瑞斯,
system,Saikamon,塞卡蒙,
system,Saikanen,塞卡伦,
system,Saila,塞伊拉,
system,Saisio,赛西奥,
system,Sakenta,萨肯达,
system,Sakht,萨特,
system,Sakhti,萨科提,
system,Sakizra,萨基兹拉,
system,Sakkikainen,萨基凯伦,
system,Sakulda,萨库尔达,
system,Salah,萨拉赫,
system,Salashayama,萨拉莎亚玛,
system,Saloti,赛罗提,
system,Samanuni,萨马奴尼,
system,Saminer,萨米尼尔,
system,Sankkasen,三卡森,
system,Santola,萨托拉,
system,Saphthar,萨法特尔,
system,Saranen,萨然恩,
system,Sarekuwa,撒了库瓦,
system,Sarenemi,撒勒尼米,
system,Sari,萨里,
system,Sarline,萨尔林,
system,Sarum Prime,萨拉姆首星,
system,Sasiekko,萨塞克,
system,Sasoutikh,萨索逖库,
system,Sassecho,萨瑟克,
system,Sasta,萨斯塔,
system,Satalama,萨塔拉马,
system,Sayartchen,萨亚尔臣,
system,Sazilid,萨茨里德,
system,Sazre,萨泽勒,
system,Scheenins,舍尔宁斯,
system,Schmaeel,歇玛耶尔,
system,Schoorasana,舒拉撒拿,
system,Scolluzer,舒鲁茨尔,
system,Scuelazyns,彻拉金斯,
system,Sechmaren,瑟西玛伦,
system,Sehmosh,瑟莫什,
system,Sehmy,瑟米,
system,Sehsasez,瑟尔萨瑟,
system,Seil,瑟依尔,
system,Seiradih,希尔拉迪,
system,Seitam,赛丹姆,
system,Semiki,瑟米吉,
system,Senda,森达,
system,Sendaya,森达雅,
system,Serad,瑟拉德,
system,Serpentis Prime,天蛇首星,
system,Serren,瑟轮,
system,Seshala,瑟什拉,
system,Seshi,瑟什,
system,Seyllin,瑟伊林,
system,Shabura,沙布拉,
system,Shach,莎彻,
system,Shafrak,沙夫拉克,
system,Shaggoth,沙格特,
system,Shaha,莎赫,
system,Shajarleg,莎迦尔勒,
system,Shakasi,沙卡斯,
system,Shala,莎拉,
system,Shalne,沙尔尼,
system,Shamahi,沙玛希,
system,Shapisin,沙比辛,
system,Sharhelund,沙尔赫伦德,
system,Sharios,莎瑞欧斯,
system,Sharir,沙日耳,
system,Sharji,沙尔基,
system,Sharuveil,沙鲁维尔,
system,Sharza,沙尔扎,
system,Shastal,莎斯塔尔,
system,Shedoo,舍多,
system,Shemah,舍马尔,
system,Shenda,舍恩达,
system,Shenela,舍勒拉,
system,Shera,舍拉,
system,Sheri,希利,
system,Sheroo,歇尔洛,
system,Shesha,谢尔沙,
system,Shihuken,什胡肯,
system,Shintaht,辛塔特,
system,Shirshocin,希尔希茨,
system,Shokal,雪喀,
system,Shousran,舒斯然,
system,Shumam,舒曼,
system,Shura,舒尔拉,
system,Shuria,舒利亚,
system,Sibe,希贝,
system,Sibot,希伯特,
system,Sieh,希尔拉,
system,Sifilar,西非拉尔,
system,Sigga,西伽,
system,Silen,斯勒恩,
system,Sileperer,希勒皮尔,
system,Simbeloud,西姆贝罗德,
system,Simela,西梅拉,
system,Sinid,辛迪,
system,Sirekur,希尔勒库,
system,Sirkahri,斯卡利,
system,Sirppala,希尔帕拉,
system,Sirseshin,希尔瑟新,
system,Siseide,希瑟伊德,
system,Sist,希斯特,
system,Sitanan,西塔南,
system,Situner,斯图尼尔,
system,Sivala,希瓦拉,
system,Siyi,希伊,
system,Sizamod,希扎莫德,
system,Skarkon,斯卡尔克恩,
system,Slays,斯雷斯,
system,Sobaseki,索巴色基,
system,Sobenah,索贝纳,
system,Solemn,索莱姆,
system,Soliara,所里拉,
system,Somouh,索莫乌,
system,Sonama,索娜玛,
system,Sooma,苏马,
system,Soosat,苏萨特,
system,Sortet,索尔提特,
system,Sorzielang,索尔泽兰,
system,Sosa,索萨,
system,Sosala,索萨拉,
system,Sosan,索姗,
system,Sosh,索什,
system,Soshin,索什恩,
system,Sota,索塔,
system,Sotrentaira,所特塔伊拉,
system,Sotrenzur,所特伦卓,
system,Soumi,索欧米,
system,Soza,索扎,
system,Stacmon,斯塔克蒙,
system,Stayme,斯黛米,
system,Steadfast,斯特德法斯特,
system,Stegette,斯特格特,
system,Stetille,斯特提勒,
system,Stirht,斯提尔特,
system,Stou,斯托欧,
system,Stoure,赛通勒,
system,Straloin,斯塔罗因,
system,Sucha,苏查,
system,Sujarento,苏加仁托,
system,Sukirah,苏基拉赫,
system,Suner,孙尼尔,
system,Suroken,苏洛肯,
system,Synchelle,希恩彻尔,
system,Syrikos,希尔库索,
system,Tabbetzur,塔贝茨尔,
system,Tadadan,塔达丹,
system,Taff,塔夫,
system,Tahli,塔赫利,
system,Taikud,泰库德,
system,Taisy,塔伊斯,
system,Talidal,塔里达尔,
system,Tama,塔玛,
system,Tamekamur,塔梅卡姆尔,
system,Tamo,塔莫,
system,Tannakan,坦纳坎,
system,Tannolen,塔诺冷,
system,Tanoo,坦欧,
system,Tar,塔尔,
system,Tararan,塔拉燃,
system,Tarta,塔塔,
system,Tartoken,塔尔托肯,
system,Taru,塔鲁,
system,Tasabeshi,塔萨比什,
system,Tash-Murkon Prime,塔什蒙贡首星,
system,Tastela,他斯特勒,
system,Tasti,塔瑟提,
system,Tatrys,塔特里斯,
system,Tegheon,特格隆,
system,Teimo,忒蒙,
system,Tekaima,特凯玛,
system,Telang,特朗,
system,Tenacity,特纳西蒂,
system,Tendhyes,腾迪耶斯,
system,Tennen,特恩勒恩,
system,Teonusude,提鲁苏德,
system,Teshi,忒什,
system,Teshkat,忒什卡特,
system,Teskanen,特斯坎能,
system,Tew,忒尤,
system,Thakala,坦卡拉,
system,Thashkarai,他什卡莱,
system,Thasinaz,塔辛纳茨,
system,Thebeka,特贝卡,
system,Thelan,赛兰,
system,Theruesse,特鲁尔瑟,
system,Thiarer,泰尔瑞尔,
system,Tiberis,提贝里斯,
system,Tidacha,提达查,
system,Tierijev,铁里耶维,
system,Timeor,蒂梅尔,
system,Timudan,迪姆但,
system,Tindfjalla,廷德菲亚拉,
system,Tintoh,汀托,
system,Tirbam,提尔班,
system,Tisot,迪索特,
system,Tividu,提为度,
system,Todaki,图塔吉,
system,Todeko,托德克,
system,Todifrauan,托蒂弗伦,
system,Todrir,托德里尔,
system,Tolle,托尔勒,
system,Tollus,托鲁斯,
system,Tongofur,唐格夫,
system,Toon,图恩,
system,Torrinos,托里诺斯,
system,Torvi,托维,
system,Toshabia,托沙比雅,
system,Totkubad,托库巴德,
system,Tourier,托瑞尔,
system,Toustain,托斯坦,
system,Tralasa,查拉斯,
system,Tratokard,塔托卡德,
system,Traun,塔拉文,
system,Trer,特瑞尔,
system,Triumph,特赖安夫,
system,Trosquesere,卓瑟昆斯勒,
system,Trossere,图勒瑟勒,
system,Trytedald,泰特达尔德,
system,Tsuguwa,茨古瓦,
system,Tsukuras,茨库拉斯,
system,Tsuruma,斯拉马,
system,Tukanas,图坎纳斯,
system,Tungna,通纳,
system,Tunttaras,吞塔拉斯,
system,Tunudan,图努但,
system,Tuomuta,图欧姆塔,
system,Turba,图尔巴,
system,Turnur,图尔鲁尔,
system,Tuuriainas,图乌瑞纳,
system,Tvink,维因克,
system,Tzashrah,查什拉,
system,Tzvi,茨维,
system,Uadelah,尤德拉,
system,Ualkin,尤金,
system,Uanim,乌亚尼姆,
system,Uanzin,万泽因,
system,Ubtes,乌比特斯,
system,Uchat,尤查特,
system,Uchomida,乌科米达,
system,Uchoshi,乌查什,
system,Udianoor,由迪亚诺,
system,Uedama,犹达玛,
system,Uemisaisen,乌米夏伊森,
system,Uemon,尤蒙,
system,Uesuro,乌苏罗,
system,Uhodoh,乌赫多,
system,Uhtafal,奥塔法,
system,Uisper,尤斯佩尔,
system,Uitra,乌伊特里拉,
system,Ukkalen,乌卡伦,
system,Uktiad,乌克提亚德,
system,Ulerah,乌勒拉,
system,Uminas,乌米纳斯,
system,Umokka,乌莫卡,
system,Unefsih,乌尼西,
system,Unel,尤尼尔,
system,Unertek,尤勒迪克,
system,Unkah,温卡,
system,Unpas,乌恩帕斯,
system,Uosusuokko,乌欧苏索科,
system,Uotila,乌提拉,
system,Uoyonen,欧约伦,
system,Uphallant,乌法兰特,
system,Uphene,尤费勒,
system,Uplingur,尤普林古尔,
system,Upper Debyl,上德比,
system,Upt,尤普特,
system,Urhinichi,乌西里奇,
system,Uriok,尤里科,
system,Urlen,乌尔仑,
system,Urnhard,尤姆哈德,
system,Urtasvaar,乌塔斯瓦尔,
system,Usi,乌赛,
system,Usroh,乌斯洛,
system,Ussad,乌撒德,
system,Usteli,尤斯特里,
system,Ustnia,乌特尼亚,
system,Utopia,乌托邦,
system,Uttindar,乌汀达,
system,Uuhulanen,乌呼拉能,
system,Uuna,温纳,
system,Uusanen,乌萨勒恩,
system,Uzigh,乌兹格,
system,Uzistoon,乌兹斯图恩,
system,Vaajaita,瓦尔加塔,
system,Vaankalen,瓦安卡伦,
system,Vaaralen,瓦拉冷,
system,Vaejra,瓦埃杰拉,
system,Vaere,瓦伊尔勒,
system,Vahunomi,瓦胡诺米,
system,Vaini,瓦尼,
system,Vale,瓦勒,
system,Valiance,瓦利安斯,
system,Valmu,瓦尔姆,
system,Van,万恩,
system,Vard,瓦尔蒂,
system,Varigne,瓦瑞吉勒,
system,Vasala,瓦萨拉,
system,Vashkah,瓦什卡尔,
system,Vatna,瓦特纳,
system,Vattuolen,瓦托伦,
system,Vaurent,瓦乌尔特,
system,Vay,维,
system,Vecamia,维卡米亚,
system,Vecodie,维考迪,
system,Vehan,维翰,
system,Veisto,维斯拖,
system,Vellaine,维尔埃勒,
system,Venerate,维内雷特,
system,Venilen,瓦尼纶,
system,Vestouve,维斯托维,
system,Vevelonel,维威农,
system,Vey,维耶,
system,Vezila,维兹拉,
system,Vifrevaert,维佛瓦特,
system,Vilinnon,维林论,
system,Villasen,维拉森,
system,Villore,维洛勒,
system,Vilur,威尔乌尔,
system,Vimeini,维梅尼,
system,Vitrauze,维查乌得,
system,Vittenyn,维特宁,
system,Vivanier,维瓦尼尔,
system,Vlillirier,利里瑞尔,
system,Vorsk,沃尔斯克,
system,Vouskiaho,沃斯基奥,
system,Vullat,瓦拉特,
system,Vuorrassi,沃欧拉斯,
system,Vylade,维拉德,
system,Waira,瓦伊拉,
system,Waison,威森,
system,Walvalin,瓦尔瓦林,
system,Warouh,瓦若乌,
system,Waskisen,瓦斯基森,
system,Weld,威尔德,
system,Weraroix,维拉罗克斯,
system,Wirashoda,维拉希达,
system,Wirdalen,威尔达伦,
system,Wiskeber,维斯克贝尔,
system,Wuos,乌欧斯,
system,Wysalan,维萨兰,
system,Yadi,亚蒂,
system,Yahyerer,亚耶尔,
system,Yanuel,亚努尔,
system,Yarebap,亚勒巴浦,
system,Yashunen,亚述勒恩,
system,Yasud,雅素德,
system,Yebouz,耶博茨,
system,Yeder,耶德尔,
system,Yeeramoun,耶尔拉蒙,
system,Yehaba,耶哈巴,
system,Yehnifi,耶尼费,
system,Yekh,耶克,
system,Yezara,耶扎尔,
system,Yiratal,伊拉塔,
system,Yishinoon,伊什农,
system,Ylandoki,伊兰多吉,
system,Yoma,尤玛,
system,Yona,尤纳,
system,Yong,杨格,
system,Yooh,尤奥,
system,Youl,尤洱,
system,Yria,以瑞亚,
system,Yrmori,伊尔默里,
system,Yuhelia,逾赫利亚,
system,Yulai,尤拉,
system,Yuzier,耶泽尔,
system,Yvaeroure,耶尔瑞勒,
system,Yvangier,耶万基尔,
system,Yvelet,耶维勒特,
system,Yveve,耶维,
system,Zahefeus,扎赫费尤斯,
system,Zaid,扎得,
system,Zaimeth,扎模什,
system,Zanka,赞喀,
system,Zarer,扎尔勒,
system,Zarzakh,扎尔扎克,
system,Zatamaka,扎塔马卡,
system,Zatsyaki,杂特夏基,
system,Zaveral,扎维拉尔,
system,Zayi,扎伊,
system,Zazamye,扎赞耶,
system,Zehru,泽胡鲁,
system,Zemalu,泽玛鲁,
system,Zephan,泽法恩,
system,Zet,泽特,
system,Zhilshinou,支什诺,
system,Ziasad,基扎德,
system,Zimmem,茨梅姆,
system,Zimse,兹姆瑟,
system,Zinkon,金科恩,
system,Zinoo,息诺,
system,Ziona,左那,
system,Ziriert,泽利尔特,
system,Zirsem,基尔瑟姆,
system,Zith,兹释,
system,Zoohen,佐尔横,
system,Zorenyen,佐仑耶恩,
system,Zororzih,佐尔茨,
system,Zorrabed,左拉贝的,
